task,method,classifier,repeat,seed,primary_name,primary,accuracy,balanced_accuracy,precision,recall,auc
attention_state,asr,eegnet,1,2013945970,accuracy,0.5694444444444444,0.5694444444444444,0.5694444444444445,0.5682944592549113,0.5694444444444445,0.7373023148148148
attention_state,asr,eegnet,2,61155527,accuracy,0.6494444444444445,0.6494444444444445,0.6494444444444444,0.6783467359370209,0.6494444444444444,0.839899074074074
attention_state,asr,eegnet,3,1072713694,accuracy,0.5572222222222222,0.5572222222222222,0.5572222222222222,0.5964835383954257,0.5572222222222222,0.7505388888888889
attention_state,asr,eegnet,4,2111243235,accuracy,0.7826388888888889,0.7826388888888889,0.7826388888888888,0.7841867990312812,0.7826388888888888,0.919093605324074
attention_state,asr,eegnet,5,1626406676,accuracy,0.7340277777777777,0.7340277777777777,0.7340277777777778,0.7353719563216323,0.7340277777777778,0.8857045717592592
attention_state,asr,eegnet,6,126691620,accuracy,0.55,0.55,0.5499999999999999,0.5472791828054987,0.5499999999999999,0.7318699074074075
attention_state,asr,eegnet,7,28155425,accuracy,0.6516666666666666,0.6516666666666666,0.6516666666666667,0.6653344645279716,0.6516666666666667,0.8421606481481482
attention_state,asr,eegnet,8,149869551,accuracy,0.5688888888888889,0.5688888888888889,0.5688888888888889,0.6230207500066061,0.5688888888888889,0.7573703703703704
attention_state,asr,eegnet,9,2044435244,accuracy,0.7902777777777777,0.7902777777777777,0.7902777777777779,0.7871772276503489,0.7902777777777779,0.922003761574074
attention_state,asr,eegnet,10,1786428360,accuracy,0.7152777777777778,0.7152777777777778,0.7152777777777778,0.7237125395033303,0.7152777777777778,0.871121238425926
attention_state,asr,lightgbm,1,2013945970,accuracy,0.49166666666666664,0.49166666666666664,0.4916666666666667,0.49831479743255064,0.4916666666666667,0.6715527777777779
attention_state,asr,lightgbm,2,61155527,accuracy,0.5205555555555555,0.5205555555555555,0.5205555555555555,0.5482748431670129,0.5205555555555555,0.759337037037037
attention_state,asr,lightgbm,3,1072713694,accuracy,0.4677777777777778,0.4677777777777778,0.4677777777777778,0.48556997260994034,0.4677777777777778,0.711300462962963
attention_state,asr,lightgbm,4,2111243235,accuracy,0.42430555555555555,0.42430555555555555,0.42430555555555555,0.550517192946575,0.42430555555555555,0.6961906828703704
attention_state,asr,lightgbm,5,1626406676,accuracy,0.5020833333333333,0.5020833333333333,0.5020833333333333,0.5077302862237917,0.5020833333333333,0.7048560474537037
attention_state,asr,lightgbm,6,126691620,accuracy,0.49166666666666664,0.49166666666666664,0.4916666666666667,0.49831479743255064,0.4916666666666667,0.6715527777777779
attention_state,asr,lightgbm,7,28155425,accuracy,0.5205555555555555,0.5205555555555555,0.5205555555555555,0.5482748431670129,0.5205555555555555,0.759337037037037
attention_state,asr,lightgbm,8,149869551,accuracy,0.4677777777777778,0.4677777777777778,0.4677777777777778,0.48556997260994034,0.4677777777777778,0.711300462962963
attention_state,asr,lightgbm,9,2044435244,accuracy,0.42430555555555555,0.42430555555555555,0.42430555555555555,0.550517192946575,0.42430555555555555,0.6961906828703704
attention_state,asr,lightgbm,10,1786428360,accuracy,0.5020833333333333,0.5020833333333333,0.5020833333333333,0.5077302862237917,0.5020833333333333,0.7048560474537037
attention_state,asr,logistic_regression,1,2013945970,accuracy,0.3838888888888889,0.3838888888888889,0.3838888888888889,0.3764897540688996,0.3838888888888889,0.5544375
attention_state,asr,logistic_regression,2,61155527,accuracy,0.465,0.465,0.465,0.4787778769885756,0.465,0.6660715277777779
attention_state,asr,logistic_regression,3,1072713694,accuracy,0.4494444444444444,0.4494444444444444,0.44944444444444437,0.43996196210373917,0.44944444444444437,0.6620356481481481
attention_state,asr,logistic_regression,4,2111243235,accuracy,0.3701388888888889,0.3701388888888889,0.37013888888888885,0.4669474948030068,0.37013888888888885,0.5985069444444444
attention_state,asr,logistic_regression,5,1626406676,accuracy,0.42777777777777776,0.42777777777777776,0.42777777777777776,0.42269758038925803,0.42777777777777776,0.6007964409722222
attention_state,asr,logistic_regression,6,126691620,accuracy,0.38222222222222224,0.38222222222222224,0.3822222222222222,0.37449731787959023,0.3822222222222222,0.5545210648148148
attention_state,asr,logistic_regression,7,28155425,accuracy,0.465,0.465,0.465,0.4787778769885756,0.465,0.6661106481481481
attention_state,asr,logistic_regression,8,149869551,accuracy,0.45111111111111113,0.45111111111111113,0.4511111111111111,0.4420164775340507,0.4511111111111111,0.662018287037037
attention_state,asr,logistic_regression,9,2044435244,accuracy,0.3715277777777778,0.3715277777777778,0.37152777777777773,0.4680330128770107,0.37152777777777773,0.5984957320601852
attention_state,asr,logistic_regression,10,1786428360,accuracy,0.4284722222222222,0.4284722222222222,0.4284722222222222,0.42367182308255397,0.4284722222222222,0.6007288049768519
attention_state,asr,mlp,1,2013945970,accuracy,0.34944444444444445,0.34944444444444445,0.34944444444444445,0.3359092726175061,0.34944444444444445,0.518775462962963
attention_state,asr,mlp,2,61155527,accuracy,0.4211111111111111,0.4211111111111111,0.42111111111111116,0.43988960011333017,0.42111111111111116,0.647176388888889
attention_state,asr,mlp,3,1072713694,accuracy,0.48944444444444446,0.48944444444444446,0.4894444444444444,0.4723446847642047,0.4894444444444444,0.678823148148148
attention_state,asr,mlp,4,2111243235,accuracy,0.3861111111111111,0.3861111111111111,0.38611111111111107,0.48309033209929214,0.38611111111111107,0.5981221064814816
attention_state,asr,mlp,5,1626406676,accuracy,0.43819444444444444,0.43819444444444444,0.4381944444444445,0.4271176903123637,0.4381944444444445,0.6380504918981481
attention_state,asr,mlp,6,126691620,accuracy,0.37833333333333335,0.37833333333333335,0.37833333333333335,0.3606124195898526,0.37833333333333335,0.5553141203703704
attention_state,asr,mlp,7,28155425,accuracy,0.43277777777777776,0.43277777777777776,0.43277777777777776,0.46330210890329265,0.43277777777777776,0.6601013888888889
attention_state,asr,mlp,8,149869551,accuracy,0.5027777777777778,0.5027777777777778,0.5027777777777778,0.4976593834074415,0.5027777777777778,0.6750090277777779
attention_state,asr,mlp,9,2044435244,accuracy,0.40069444444444446,0.40069444444444446,0.40069444444444446,0.49220088698443826,0.40069444444444446,0.6110543258101852
attention_state,asr,mlp,10,1786428360,accuracy,0.4222222222222222,0.4222222222222222,0.4222222222222222,0.40092112095959237,0.4222222222222222,0.6283687789351853
attention_state,asr,mobilenet,1,2013945970,accuracy,0.4711111111111111,0.4711111111111111,0.4711111111111111,0.5155909116895501,0.4711111111111111,0.6944430555555555
attention_state,asr,mobilenet,2,61155527,accuracy,0.5955555555555555,0.5955555555555555,0.5955555555555555,0.6309990058181979,0.5955555555555555,0.7984652777777779
attention_state,asr,mobilenet,3,1072713694,accuracy,0.4438888888888889,0.4438888888888889,0.44388888888888883,0.5860562397008481,0.44388888888888883,0.6360458333333333
attention_state,asr,mobilenet,4,2111243235,accuracy,0.6236111111111111,0.6236111111111111,0.6236111111111111,0.6371087558795331,0.6236111111111111,0.8152777777777778
attention_state,asr,mobilenet,5,1626406676,accuracy,0.58125,0.58125,0.5812499999999999,0.6815301076249849,0.5812499999999999,0.7944155092592592
attention_state,asr,mobilenet,6,126691620,accuracy,0.5022222222222222,0.5022222222222222,0.5022222222222222,0.5043843707422074,0.5022222222222222,0.6902719907407407
attention_state,asr,mobilenet,7,28155425,accuracy,0.6266666666666667,0.6266666666666667,0.6266666666666667,0.6226066271223396,0.6266666666666667,0.8221041666666666
attention_state,asr,mobilenet,8,149869551,accuracy,0.5255555555555556,0.5255555555555556,0.5255555555555556,0.603833382631414,0.5255555555555556,0.7046060185185185
attention_state,asr,mobilenet,9,2044435244,accuracy,0.6659722222222222,0.6659722222222222,0.6659722222222223,0.6664848507757976,0.6659722222222223,0.8274529803240741
attention_state,asr,mobilenet,10,1786428360,accuracy,0.56875,0.56875,0.56875,0.7158789127826998,0.56875,0.8409042245370371
attention_state,asr,random_forest,1,2013945970,accuracy,0.48777777777777775,0.48777777777777775,0.4877777777777778,0.49054352825276376,0.4877777777777778,0.6338585648148148
attention_state,asr,random_forest,2,61155527,accuracy,0.4766666666666667,0.4766666666666667,0.4766666666666666,0.4709407297644068,0.4766666666666666,0.7211101851851852
attention_state,asr,random_forest,3,1072713694,accuracy,0.4922222222222222,0.4922222222222222,0.49222222222222217,0.49439285673277755,0.49222222222222217,0.742005787037037
attention_state,asr,random_forest,4,2111243235,accuracy,0.39791666666666664,0.39791666666666664,0.3979166666666667,0.4970262315897922,0.3979166666666667,0.6199291087962963
attention_state,asr,random_forest,5,1626406676,accuracy,0.4284722222222222,0.4284722222222222,0.4284722222222222,0.41492821631026305,0.4284722222222222,0.6499479166666667
attention_state,asr,random_forest,6,126691620,accuracy,0.48777777777777775,0.48777777777777775,0.4877777777777778,0.49054352825276376,0.4877777777777778,0.6338585648148148
attention_state,asr,random_forest,7,28155425,accuracy,0.4766666666666667,0.4766666666666667,0.4766666666666666,0.4709407297644068,0.4766666666666666,0.7211101851851852
attention_state,asr,random_forest,8,149869551,accuracy,0.4922222222222222,0.4922222222222222,0.49222222222222217,0.49439285673277755,0.49222222222222217,0.742005787037037
attention_state,asr,random_forest,9,2044435244,accuracy,0.39791666666666664,0.39791666666666664,0.3979166666666667,0.4970262315897922,0.3979166666666667,0.6199291087962963
attention_state,asr,random_forest,10,1786428360,accuracy,0.4284722222222222,0.4284722222222222,0.4284722222222222,0.41492821631026305,0.4284722222222222,0.6499479166666667
attention_state,asr,svm,1,2013945970,accuracy,0.38666666666666666,0.38666666666666666,0.38666666666666666,0.37799976730657353,0.38666666666666666,0.5598159722222222
attention_state,asr,svm,2,61155527,accuracy,0.4661111111111111,0.4661111111111111,0.4661111111111111,0.4805652451478856,0.4661111111111111,0.6622597222222223
attention_state,asr,svm,3,1072713694,accuracy,0.4666666666666667,0.4666666666666667,0.4666666666666666,0.4626872737000727,0.4666666666666666,0.664098148148148
attention_state,asr,svm,4,2111243235,accuracy,0.38680555555555557,0.38680555555555557,0.3868055555555556,0.4767597583722641,0.3868055555555556,0.5932139756944445
attention_state,asr,svm,5,1626406676,accuracy,0.42430555555555555,0.42430555555555555,0.42430555555555555,0.41668032874772276,0.42430555555555555,0.610238353587963
attention_state,asr,svm,6,126691620,accuracy,0.3861111111111111,0.3861111111111111,0.38611111111111107,0.37815259100040177,0.38611111111111107,0.5587604166666668
attention_state,asr,svm,7,28155425,accuracy,0.4638888888888889,0.4638888888888889,0.46388888888888885,0.4779141048419871,0.46388888888888885,0.6617465277777778
attention_state,asr,svm,8,149869551,accuracy,0.46944444444444444,0.46944444444444444,0.4694444444444445,0.4666500155782118,0.4694444444444445,0.6654155092592592
attention_state,asr,svm,9,2044435244,accuracy,0.3819444444444444,0.3819444444444444,0.3819444444444444,0.4796390616413109,0.3819444444444444,0.5933684172453704
attention_state,asr,svm,10,1786428360,accuracy,0.42291666666666666,0.42291666666666666,0.42291666666666666,0.41518996144257336,0.42291666666666666,0.6089688223379629
attention_state,asr,vit,1,2013945970,accuracy,0.5588888888888889,0.5588888888888889,0.5588888888888889,0.5633653524493085,0.5588888888888889,0.7577583333333333
attention_state,asr,vit,2,61155527,accuracy,0.635,0.635,0.6350000000000001,0.6658516983327004,0.6350000000000001,0.8200791666666666
attention_state,asr,vit,3,1072713694,accuracy,0.5072222222222222,0.5072222222222222,0.5072222222222222,0.5542961997306892,0.5072222222222222,0.7041629629629629
attention_state,asr,vit,4,2111243235,accuracy,0.7534722222222222,0.7534722222222222,0.7534722222222222,0.7485889587293406,0.7534722222222222,0.9005924479166666
attention_state,asr,vit,5,1626406676,accuracy,0.6861111111111111,0.6861111111111111,0.6861111111111112,0.7067522402187602,0.6861111111111112,0.853732638888889
attention_state,asr,vit,6,126691620,accuracy,0.5627777777777778,0.5627777777777778,0.5627777777777778,0.5871105765822399,0.5627777777777778,0.7409449074074074
attention_state,asr,vit,7,28155425,accuracy,0.6294444444444445,0.6294444444444445,0.6294444444444444,0.6257079307558605,0.6294444444444444,0.8174358796296296
attention_state,asr,vit,8,149869551,accuracy,0.5422222222222223,0.5422222222222223,0.5422222222222222,0.549196324392293,0.5422222222222222,0.7413625
attention_state,asr,vit,9,2044435244,accuracy,0.7131944444444445,0.7131944444444445,0.7131944444444445,0.7053992168327899,0.7131944444444445,0.8809497974537038
attention_state,asr,vit,10,1786428360,accuracy,0.7041666666666667,0.7041666666666667,0.7041666666666666,0.7016070475017878,0.7041666666666666,0.8584508825231482
attention_state,asr20,eegnet,1,2013945970,accuracy,0.585,0.585,0.585,0.5856370693058609,0.585,0.7611486111111111
attention_state,asr20,eegnet,2,61155527,accuracy,0.6655555555555556,0.6655555555555556,0.6655555555555556,0.6988500808500809,0.6655555555555556,0.8461583333333333
attention_state,asr20,eegnet,3,1072713694,accuracy,0.5694444444444444,0.5694444444444444,0.5694444444444445,0.6091526722331676,0.5694444444444445,0.7660162037037037
attention_state,asr20,eegnet,4,2111243235,accuracy,0.7347222222222223,0.7347222222222223,0.7347222222222222,0.7540365061288646,0.7347222222222222,0.9053913483796295
attention_state,asr20,eegnet,5,1626406676,accuracy,0.7388888888888889,0.7388888888888889,0.7388888888888889,0.7396134286105331,0.7388888888888889,0.8879369212962964
attention_state,asr20,eegnet,6,126691620,accuracy,0.575,0.575,0.575,0.5779957153033969,0.575,0.7441115740740741
attention_state,asr20,eegnet,7,28155425,accuracy,0.6805555555555556,0.6805555555555556,0.6805555555555555,0.7078498311299661,0.6805555555555555,0.8619625000000001
attention_state,asr20,eegnet,8,149869551,accuracy,0.5566666666666666,0.5566666666666666,0.5566666666666668,0.6008966260512153,0.5566666666666668,0.7524851851851851
attention_state,asr20,eegnet,9,2044435244,accuracy,0.7819444444444444,0.7819444444444444,0.7819444444444444,0.7932265815283467,0.7819444444444444,0.9222822627314814
attention_state,asr20,eegnet,10,1786428360,accuracy,0.7104166666666667,0.7104166666666667,0.7104166666666666,0.7152731424261912,0.7104166666666666,0.8696043113425925
attention_state,asr20,lightgbm,1,2013945970,accuracy,0.4761111111111111,0.4761111111111111,0.4761111111111111,0.48986177159843985,0.4761111111111111,0.6650648148148147
attention_state,asr20,lightgbm,2,61155527,accuracy,0.5133333333333333,0.5133333333333333,0.5133333333333333,0.5062194243580894,0.5133333333333333,0.7557083333333333
attention_state,asr20,lightgbm,3,1072713694,accuracy,0.4855555555555556,0.4855555555555556,0.4855555555555555,0.496750179755038,0.4855555555555555,0.7056203703703704
attention_state,asr20,lightgbm,4,2111243235,accuracy,0.4583333333333333,0.4583333333333333,0.4583333333333333,0.5509767605364351,0.4583333333333333,0.7051728877314813
attention_state,asr20,lightgbm,5,1626406676,accuracy,0.5340277777777778,0.5340277777777778,0.5340277777777778,0.5403083143978408,0.5340277777777778,0.7389171006944445
attention_state,asr20,lightgbm,6,126691620,accuracy,0.4761111111111111,0.4761111111111111,0.4761111111111111,0.48986177159843985,0.4761111111111111,0.6650648148148147
attention_state,asr20,lightgbm,7,28155425,accuracy,0.5133333333333333,0.5133333333333333,0.5133333333333333,0.5062194243580894,0.5133333333333333,0.7557083333333333
attention_state,asr20,lightgbm,8,149869551,accuracy,0.4855555555555556,0.4855555555555556,0.4855555555555555,0.496750179755038,0.4855555555555555,0.7056203703703704
attention_state,asr20,lightgbm,9,2044435244,accuracy,0.4583333333333333,0.4583333333333333,0.4583333333333333,0.5509767605364351,0.4583333333333333,0.7051728877314813
attention_state,asr20,lightgbm,10,1786428360,accuracy,0.5340277777777778,0.5340277777777778,0.5340277777777778,0.5403083143978408,0.5340277777777778,0.7389171006944445
attention_state,asr20,logistic_regression,1,2013945970,accuracy,0.3655555555555556,0.3655555555555556,0.3655555555555556,0.3619849405094642,0.3655555555555556,0.5353726851851852
attention_state,asr20,logistic_regression,2,61155527,accuracy,0.4722222222222222,0.4722222222222222,0.47222222222222227,0.4686612579879565,0.47222222222222227,0.6587479166666667
attention_state,asr20,logistic_regression,3,1072713694,accuracy,0.4905555555555556,0.4905555555555556,0.4905555555555556,0.49272947422723146,0.4905555555555556,0.711819675925926
attention_state,asr20,logistic_regression,4,2111243235,accuracy,0.42430555555555555,0.42430555555555555,0.42430555555555555,0.4383519843529748,0.42430555555555555,0.5940878182870372
attention_state,asr20,logistic_regression,5,1626406676,accuracy,0.42916666666666664,0.42916666666666664,0.4291666666666667,0.42193431540692633,0.4291666666666667,0.6061961082175926
attention_state,asr20,logistic_regression,6,126691620,accuracy,0.3655555555555556,0.3655555555555556,0.3655555555555556,0.3619849405094642,0.3655555555555556,0.5353407407407408
attention_state,asr20,logistic_regression,7,28155425,accuracy,0.4722222222222222,0.4722222222222222,0.47222222222222227,0.46885161040603296,0.47222222222222227,0.6587055555555555
attention_state,asr20,logistic_regression,8,149869551,accuracy,0.48944444444444446,0.48944444444444446,0.4894444444444444,0.4917515517453294,0.4894444444444444,0.7118641203703704
attention_state,asr20,logistic_regression,9,2044435244,accuracy,0.42430555555555555,0.42430555555555555,0.42430555555555555,0.4386507936507937,0.42430555555555555,0.5939543547453704
attention_state,asr20,logistic_regression,10,1786428360,accuracy,0.42986111111111114,0.42986111111111114,0.4298611111111111,0.42248553744439166,0.4298611111111111,0.6061020688657407
attention_state,asr20,mlp,1,2013945970,accuracy,0.35555555555555557,0.35555555555555557,0.35555555555555557,0.3456342932516447,0.35555555555555557,0.5246092592592593
attention_state,asr20,mlp,2,61155527,accuracy,0.42777777777777776,0.42777777777777776,0.42777777777777776,0.4270233651801962,0.42777777777777776,0.6538104166666666
attention_state,asr20,mlp,3,1072713694,accuracy,0.49833333333333335,0.49833333333333335,0.49833333333333335,0.48080069604100145,0.49833333333333335,0.7078928240740741
attention_state,asr20,mlp,4,2111243235,accuracy,0.4041666666666667,0.4041666666666667,0.4041666666666666,0.4775989905815337,0.4041666666666666,0.5900849971064814
attention_state,asr20,mlp,5,1626406676,accuracy,0.48194444444444445,0.48194444444444445,0.48194444444444445,0.4693051749984476,0.48194444444444445,0.6835413049768518
attention_state,asr20,mlp,6,126691620,accuracy,0.38555555555555554,0.38555555555555554,0.3855555555555556,0.38452623693572335,0.3855555555555556,0.5453261574074074
attention_state,asr20,mlp,7,28155425,accuracy,0.43222222222222223,0.43222222222222223,0.43222222222222223,0.4296158426416247,0.43222222222222223,0.6715555555555556
attention_state,asr20,mlp,8,149869551,accuracy,0.5038888888888889,0.5038888888888889,0.5038888888888889,0.5004322934077287,0.5038888888888889,0.6917363425925925
attention_state,asr20,mlp,9,2044435244,accuracy,0.41944444444444445,0.41944444444444445,0.41944444444444445,0.4621518382609066,0.41944444444444445,0.6188585069444444
attention_state,asr20,mlp,10,1786428360,accuracy,0.44583333333333336,0.44583333333333336,0.4458333333333333,0.4395152680236813,0.4458333333333333,0.6337449363425925
attention_state,asr20,mobilenet,1,2013945970,accuracy,0.5088888888888888,0.5088888888888888,0.508888888888889,0.50194343662642,0.508888888888889,0.6932314814814816
attention_state,asr20,mobilenet,2,61155527,accuracy,0.5611111111111111,0.5611111111111111,0.561111111111111,0.6565068119871004,0.561111111111111,0.7893465277777777
attention_state,asr20,mobilenet,3,1072713694,accuracy,0.5355555555555556,0.5355555555555556,0.5355555555555555,0.5639181991262716,0.5355555555555555,0.7110731481481481
attention_state,asr20,mobilenet,4,2111243235,accuracy,0.6534722222222222,0.6534722222222222,0.6534722222222222,0.6852944919107172,0.6534722222222222,0.848931568287037
attention_state,asr20,mobilenet,5,1626406676,accuracy,0.5777777777777777,0.5777777777777777,0.5777777777777778,0.575733575893172,0.5777777777777778,0.7626924189814815
attention_state,asr20,mobilenet,6,126691620,accuracy,0.4872222222222222,0.4872222222222222,0.4872222222222222,0.49474196917664254,0.4872222222222222,0.6511541666666667
attention_state,asr20,mobilenet,7,28155425,accuracy,0.6105555555555555,0.6105555555555555,0.6105555555555555,0.622703411347548,0.6105555555555555,0.8148777777777778
attention_state,asr20,mobilenet,8,149869551,accuracy,0.5455555555555556,0.5455555555555556,0.5455555555555556,0.7051705873241266,0.5455555555555556,0.7595722222222222
attention_state,asr20,mobilenet,9,2044435244,accuracy,0.5868055555555556,0.5868055555555556,0.5868055555555555,0.6254555854459561,0.5868055555555555,0.7823922164351852
attention_state,asr20,mobilenet,10,1786428360,accuracy,0.5916666666666667,0.5916666666666667,0.5916666666666667,0.6304198761253924,0.5916666666666667,0.790075954861111
attention_state,asr20,random_forest,1,2013945970,accuracy,0.47944444444444445,0.47944444444444445,0.4794444444444445,0.48522019691639207,0.4794444444444445,0.612325462962963
attention_state,asr20,random_forest,2,61155527,accuracy,0.4777777777777778,0.4777777777777778,0.4777777777777778,0.48562671881138614,0.4777777777777778,0.7301625
attention_state,asr20,random_forest,3,1072713694,accuracy,0.49444444444444446,0.49444444444444446,0.49444444444444446,0.5100555552775691,0.49444444444444446,0.7352689814814815
attention_state,asr20,random_forest,4,2111243235,accuracy,0.39375,0.39375,0.39375,0.4611638745854359,0.39375,0.6157027633101851
attention_state,asr20,random_forest,5,1626406676,accuracy,0.45555555555555555,0.45555555555555555,0.45555555555555555,0.45689639467307935,0.45555555555555555,0.6513639322916667
attention_state,asr20,random_forest,6,126691620,accuracy,0.47944444444444445,0.47944444444444445,0.4794444444444445,0.48522019691639207,0.4794444444444445,0.612325462962963
attention_state,asr20,random_forest,7,28155425,accuracy,0.4777777777777778,0.4777777777777778,0.4777777777777778,0.48562671881138614,0.4777777777777778,0.7301625
attention_state,asr20,random_forest,8,149869551,accuracy,0.49444444444444446,0.49444444444444446,0.49444444444444446,0.5100555552775691,0.49444444444444446,0.7352689814814815
attention_state,asr20,random_forest,9,2044435244,accuracy,0.39375,0.39375,0.39375,0.4611638745854359,0.39375,0.6157027633101851
attention_state,asr20,random_forest,10,1786428360,accuracy,0.45555555555555555,0.45555555555555555,0.45555555555555555,0.45689639467307935,0.45555555555555555,0.6513639322916667
attention_state,asr20,svm,1,2013945970,accuracy,0.36333333333333334,0.36333333333333334,0.3633333333333333,0.35773616373587225,0.3633333333333333,0.544400462962963
attention_state,asr20,svm,2,61155527,accuracy,0.47833333333333333,0.47833333333333333,0.47833333333333333,0.47539267901038956,0.47833333333333333,0.659731712962963
attention_state,asr20,svm,3,1072713694,accuracy,0.5011111111111111,0.5011111111111111,0.5011111111111112,0.5034524894348845,0.5011111111111112,0.7084907407407407
attention_state,asr20,svm,4,2111243235,accuracy,0.42986111111111114,0.42986111111111114,0.4298611111111111,0.44746373343114293,0.4298611111111111,0.5978273292824073
attention_state,asr20,svm,5,1626406676,accuracy,0.43333333333333335,0.43333333333333335,0.43333333333333335,0.4255796538405234,0.43333333333333335,0.6135796440972222
attention_state,asr20,svm,6,126691620,accuracy,0.365,0.365,0.365,0.3597553199361621,0.365,0.5447016203703704
attention_state,asr20,svm,7,28155425,accuracy,0.4766666666666667,0.4766666666666667,0.4766666666666666,0.47372137666255315,0.4766666666666666,0.6599219907407408
attention_state,asr20,svm,8,149869551,accuracy,0.5027777777777778,0.5027777777777778,0.5027777777777778,0.5057272036006596,0.5027777777777778,0.7088340277777778
attention_state,asr20,svm,9,2044435244,accuracy,0.4284722222222222,0.4284722222222222,0.4284722222222222,0.4444873765948452,0.4284722222222222,0.5960130931712962
attention_state,asr20,svm,10,1786428360,accuracy,0.4284722222222222,0.4284722222222222,0.4284722222222222,0.4206221521451781,0.4284722222222222,0.6123234953703703
attention_state,asr20,vit,1,2013945970,accuracy,0.5744444444444444,0.5744444444444444,0.5744444444444444,0.5775251493176022,0.5744444444444444,0.7605611111111111
attention_state,asr20,vit,2,61155527,accuracy,0.6305555555555555,0.6305555555555555,0.6305555555555555,0.663795642481845,0.6305555555555555,0.8228768518518518
attention_state,asr20,vit,3,1072713694,accuracy,0.49333333333333335,0.49333333333333335,0.49333333333333335,0.5424407844518572,0.49333333333333335,0.7056675925925925
attention_state,asr20,vit,4,2111243235,accuracy,0.7520833333333333,0.7520833333333333,0.7520833333333332,0.7508139364764684,0.7520833333333332,0.9081029369212964
attention_state,asr20,vit,5,1626406676,accuracy,0.6590277777777778,0.6590277777777778,0.6590277777777778,0.6960397004237597,0.6590277777777778,0.854539207175926
attention_state,asr20,vit,6,126691620,accuracy,0.5672222222222222,0.5672222222222222,0.5672222222222222,0.5850251198004565,0.5672222222222222,0.7512738425925926
attention_state,asr20,vit,7,28155425,accuracy,0.6066666666666667,0.6066666666666667,0.6066666666666666,0.5986653900480842,0.6066666666666666,0.8181842592592593
attention_state,asr20,vit,8,149869551,accuracy,0.5472222222222223,0.5472222222222223,0.5472222222222222,0.5611176253974012,0.5472222222222222,0.7469231481481481
attention_state,asr20,vit,9,2044435244,accuracy,0.7111111111111111,0.7111111111111111,0.7111111111111111,0.702449648780938,0.7111111111111111,0.8796780960648148
attention_state,asr20,vit,10,1786428360,accuracy,0.71875,0.71875,0.71875,0.7286923224505973,0.71875,0.87580078125
attention_state,bandpass,eegnet,1,2013945970,accuracy,0.5022222222222222,0.5022222222222222,0.5022222222222222,0.5400309203780648,0.5022222222222222,0.6963462962962964
attention_state,bandpass,eegnet,2,61155527,accuracy,0.5611111111111111,0.5611111111111111,0.561111111111111,0.6368543258853042,0.561111111111111,0.7785648148148149
attention_state,bandpass,eegnet,3,1072713694,accuracy,0.5294444444444445,0.5294444444444445,0.5294444444444445,0.5264477860282208,0.5294444444444445,0.8016773148148149
attention_state,bandpass,eegnet,4,2111243235,accuracy,0.49722222222222223,0.49722222222222223,0.49722222222222223,0.5237020238447394,0.49722222222222223,0.6770695891203703
attention_state,bandpass,eegnet,5,1626406676,accuracy,0.4548611111111111,0.4548611111111111,0.45486111111111116,0.44699074074074074,0.45486111111111116,0.7074779369212963
attention_state,bandpass,eegnet,6,126691620,accuracy,0.48333333333333334,0.48333333333333334,0.4833333333333334,0.531415877081549,0.4833333333333334,0.6840851851851854
attention_state,bandpass,eegnet,7,28155425,accuracy,0.4722222222222222,0.4722222222222222,0.47222222222222215,0.531277580255198,0.47222222222222215,0.7569657407407407
attention_state,bandpass,eegnet,8,149869551,accuracy,0.5005555555555555,0.5005555555555555,0.5005555555555555,0.5383976868047685,0.5005555555555555,0.8086430555555554
attention_state,bandpass,eegnet,9,2044435244,accuracy,0.46111111111111114,0.46111111111111114,0.4611111111111111,0.5039220996193196,0.4611111111111111,0.6463715277777778
attention_state,bandpass,eegnet,10,1786428360,accuracy,0.5145833333333333,0.5145833333333333,0.5145833333333333,0.49578287548764627,0.5145833333333333,0.7313248697916667
attention_state,bandpass,lightgbm,1,2013945970,accuracy,0.5605555555555556,0.5605555555555556,0.5605555555555556,0.553412082888152,0.5605555555555556,0.743612962962963
attention_state,bandpass,lightgbm,2,61155527,accuracy,0.5572222222222222,0.5572222222222222,0.5572222222222223,0.5704153041105765,0.5572222222222223,0.8033601851851851
attention_state,bandpass,lightgbm,3,1072713694,accuracy,0.5366666666666666,0.5366666666666666,0.5366666666666667,0.5155830893999783,0.5366666666666667,0.7637671296296297
attention_state,bandpass,lightgbm,4,2111243235,accuracy,0.4375,0.4375,0.4375,0.4451588774455771,0.4375,0.598761574074074
attention_state,bandpass,lightgbm,5,1626406676,accuracy,0.5493055555555556,0.5493055555555556,0.5493055555555556,0.5592387566448495,0.5493055555555556,0.7445891203703704
attention_state,bandpass,lightgbm,6,126691620,accuracy,0.5605555555555556,0.5605555555555556,0.5605555555555556,0.553412082888152,0.5605555555555556,0.743612962962963
attention_state,bandpass,lightgbm,7,28155425,accuracy,0.5572222222222222,0.5572222222222222,0.5572222222222223,0.5704153041105765,0.5572222222222223,0.8033601851851851
attention_state,bandpass,lightgbm,8,149869551,accuracy,0.5366666666666666,0.5366666666666666,0.5366666666666667,0.5155830893999783,0.5366666666666667,0.7637671296296297
attention_state,bandpass,lightgbm,9,2044435244,accuracy,0.4375,0.4375,0.4375,0.4451588774455771,0.4375,0.598761574074074
attention_state,bandpass,lightgbm,10,1786428360,accuracy,0.5493055555555556,0.5493055555555556,0.5493055555555556,0.5592387566448495,0.5493055555555556,0.7445891203703704
attention_state,bandpass,logistic_regression,1,2013945970,accuracy,0.4588888888888889,0.4588888888888889,0.45888888888888885,0.4659975408771236,0.45888888888888885,0.6380162037037037
attention_state,bandpass,logistic_regression,2,61155527,accuracy,0.5183333333333333,0.5183333333333333,0.5183333333333333,0.5351696601540846,0.5183333333333333,0.705749537037037
attention_state,bandpass,logistic_regression,3,1072713694,accuracy,0.4772222222222222,0.4772222222222222,0.4772222222222222,0.486176276145881,0.4772222222222222,0.6922289351851852
attention_state,bandpass,logistic_regression,4,2111243235,accuracy,0.43125,0.43125,0.43124999999999997,0.5046607128914294,0.43124999999999997,0.6456423611111112
attention_state,bandpass,logistic_regression,5,1626406676,accuracy,0.50625,0.50625,0.50625,0.4960372921588854,0.50625,0.6903012876157407
attention_state,bandpass,logistic_regression,6,126691620,accuracy,0.46055555555555555,0.46055555555555555,0.4605555555555556,0.4680619428049481,0.4605555555555556,0.6381643518518518
attention_state,bandpass,logistic_regression,7,28155425,accuracy,0.5183333333333333,0.5183333333333333,0.5183333333333334,0.5352567825128801,0.5183333333333334,0.7056506944444445
attention_state,bandpass,logistic_regression,8,149869551,accuracy,0.4761111111111111,0.4761111111111111,0.4761111111111111,0.4846238849382207,0.4761111111111111,0.6918120370370371
attention_state,bandpass,logistic_regression,9,2044435244,accuracy,0.4326388888888889,0.4326388888888889,0.43263888888888885,0.5057192709562642,0.43263888888888885,0.6456318721064815
attention_state,bandpass,logistic_regression,10,1786428360,accuracy,0.5069444444444444,0.5069444444444444,0.5069444444444445,0.4969159978952377,0.5069444444444445,0.6901750578703704
attention_state,bandpass,mlp,1,2013945970,accuracy,0.5027777777777778,0.5027777777777778,0.5027777777777778,0.5039726162633965,0.5027777777777778,0.6802333333333332
attention_state,bandpass,mlp,2,61155527,accuracy,0.5072222222222222,0.5072222222222222,0.5072222222222222,0.5040283517603635,0.5072222222222222,0.7369928240740741
attention_state,bandpass,mlp,3,1072713694,accuracy,0.5055555555555555,0.5055555555555555,0.5055555555555555,0.515056137171355,0.5055555555555555,0.7379430555555556
attention_state,bandpass,mlp,4,2111243235,accuracy,0.4048611111111111,0.4048611111111111,0.4048611111111111,0.4272383145544316,0.4048611111111111,0.6008430989583333
attention_state,bandpass,mlp,5,1626406676,accuracy,0.4638888888888889,0.4638888888888889,0.46388888888888885,0.4687178495661081,0.46388888888888885,0.6547175202546296
attention_state,bandpass,mlp,6,126691620,accuracy,0.48444444444444446,0.48444444444444446,0.4844444444444444,0.5038315790337051,0.4844444444444444,0.6725884259259259
attention_state,bandpass,mlp,7,28155425,accuracy,0.5161111111111111,0.5161111111111111,0.5161111111111111,0.526868347138936,0.5161111111111111,0.7471312499999999
attention_state,bandpass,mlp,8,149869551,accuracy,0.49333333333333335,0.49333333333333335,0.49333333333333335,0.48645467820565386,0.49333333333333335,0.7183083333333334
attention_state,bandpass,mlp,9,2044435244,accuracy,0.41805555555555557,0.41805555555555557,0.41805555555555557,0.48787960143191494,0.41805555555555557,0.6238129340277779
attention_state,bandpass,mlp,10,1786428360,accuracy,0.4736111111111111,0.4736111111111111,0.47361111111111115,0.4776121215880252,0.47361111111111115,0.6680114293981481
attention_state,bandpass,mobilenet,1,2013945970,accuracy,0.3333333333333333,0.3333333333333333,0.3333333333333333,0.1111111111111111,0.3333333333333333,0.48904074074074066
attention_state,bandpass,mobilenet,2,61155527,accuracy,0.48055555555555557,0.48055555555555557,0.48055555555555557,0.6303519375723392,0.48055555555555557,0.7211800925925926
attention_state,bandpass,mobilenet,3,1072713694,accuracy,0.53,0.53,0.53,0.5834869812904064,0.53,0.8035738425925926
attention_state,bandpass,mobilenet,4,2111243235,accuracy,0.3333333333333333,0.3333333333333333,0.3333333333333333,0.1111111111111111,0.3333333333333333,0.6499106626157407
attention_state,bandpass,mobilenet,5,1626406676,accuracy,0.3333333333333333,0.3333333333333333,0.3333333333333333,0.1111111111111111,0.3333333333333333,0.537124927662037
attention_state,bandpass,mobilenet,6,126691620,accuracy,0.4488888888888889,0.4488888888888889,0.4488888888888889,0.48089252827231505,0.4488888888888889,0.6488324074074074
attention_state,bandpass,mobilenet,7,28155425,accuracy,0.49777777777777776,0.49777777777777776,0.4977777777777778,0.499334359812301,0.4977777777777778,0.7287171296296296
attention_state,bandpass,mobilenet,8,149869551,accuracy,0.3333333333333333,0.3333333333333333,0.3333333333333333,0.1111111111111111,0.3333333333333333,0.4731127314814814
attention_state,bandpass,mobilenet,9,2044435244,accuracy,0.3333333333333333,0.3333333333333333,0.3333333333333333,0.1111111111111111,0.3333333333333333,0.5221893084490741
attention_state,bandpass,mobilenet,10,1786428360,accuracy,0.3333333333333333,0.3333333333333333,0.3333333333333333,0.1111111111111111,0.3333333333333333,0.5001482928240741
attention_state,bandpass,random_forest,1,2013945970,accuracy,0.5922222222222222,0.5922222222222222,0.5922222222222221,0.6260464328079987,0.5922222222222221,0.7576217592592593
attention_state,bandpass,random_forest,2,61155527,accuracy,0.5772222222222222,0.5772222222222222,0.5772222222222222,0.5686710022014575,0.5772222222222222,0.7811296296296297
attention_state,bandpass,random_forest,3,1072713694,accuracy,0.5677777777777778,0.5677777777777778,0.5677777777777778,0.5913198956716912,0.5677777777777778,0.7725460648148147
attention_state,bandpass,random_forest,4,2111243235,accuracy,0.4125,0.4125,0.41250000000000003,0.5075238679019098,0.41250000000000003,0.6068352141203702
attention_state,bandpass,random_forest,5,1626406676,accuracy,0.5430555555555555,0.5430555555555555,0.5430555555555555,0.5513922826526162,0.5430555555555555,0.6995938223379629
attention_state,bandpass,random_forest,6,126691620,accuracy,0.5922222222222222,0.5922222222222222,0.5922222222222221,0.6260464328079987,0.5922222222222221,0.7576217592592593
attention_state,bandpass,random_forest,7,28155425,accuracy,0.5772222222222222,0.5772222222222222,0.5772222222222222,0.5686710022014575,0.5772222222222222,0.7811296296296297
attention_state,bandpass,random_forest,8,149869551,accuracy,0.5677777777777778,0.5677777777777778,0.5677777777777778,0.5913198956716912,0.5677777777777778,0.7725460648148147
attention_state,bandpass,random_forest,9,2044435244,accuracy,0.4125,0.4125,0.41250000000000003,0.5075238679019098,0.41250000000000003,0.6068352141203702
attention_state,bandpass,random_forest,10,1786428360,accuracy,0.5430555555555555,0.5430555555555555,0.5430555555555555,0.5513922826526162,0.5430555555555555,0.6995938223379629
attention_state,bandpass,svm,1,2013945970,accuracy,0.45666666666666667,0.45666666666666667,0.4566666666666667,0.46299494762157006,0.4566666666666667,0.641519675925926
attention_state,bandpass,svm,2,61155527,accuracy,0.5066666666666667,0.5066666666666667,0.5066666666666667,0.5188259198087963,0.5066666666666667,0.6909773148148148
attention_state,bandpass,svm,3,1072713694,accuracy,0.4666666666666667,0.4666666666666667,0.46666666666666673,0.4762081722943383,0.46666666666666673,0.6791601851851851
attention_state,bandpass,svm,4,2111243235,accuracy,0.4375,0.4375,0.4375,0.5028242719214941,0.4375,0.6427231626157407
attention_state,bandpass,svm,5,1626406676,accuracy,0.5180555555555556,0.5180555555555556,0.5180555555555556,0.5042063492063492,0.5180555555555556,0.6958054832175926
attention_state,bandpass,svm,6,126691620,accuracy,0.4577777777777778,0.4577777777777778,0.4577777777777778,0.46416408839370665,0.4577777777777778,0.6418796296296296
attention_state,bandpass,svm,7,28155425,accuracy,0.5066666666666667,0.5066666666666667,0.5066666666666667,0.5174906423933071,0.5066666666666667,0.6891449074074073
attention_state,bandpass,svm,8,149869551,accuracy,0.4666666666666667,0.4666666666666667,0.4666666666666666,0.47724571347497874,0.4666666666666666,0.68023125
attention_state,bandpass,svm,9,2044435244,accuracy,0.43680555555555556,0.43680555555555556,0.4368055555555556,0.5027955754660295,0.4368055555555556,0.6422182436342593
attention_state,bandpass,svm,10,1786428360,accuracy,0.5145833333333333,0.5145833333333333,0.5145833333333333,0.5003870672275617,0.5145833333333333,0.693874782986111
attention_state,bandpass,vit,1,2013945970,accuracy,0.5472222222222223,0.5472222222222223,0.5472222222222222,0.5406174355340264,0.5472222222222222,0.7288958333333334
attention_state,bandpass,vit,2,61155527,accuracy,0.5672222222222222,0.5672222222222222,0.5672222222222222,0.6382228591046658,0.5672222222222222,0.7672574074074073
attention_state,bandpass,vit,3,1072713694,accuracy,0.5866666666666667,0.5866666666666667,0.5866666666666667,0.6637071522517993,0.5866666666666667,0.7919449074074074
attention_state,bandpass,vit,4,2111243235,accuracy,0.4305555555555556,0.4305555555555556,0.4305555555555555,0.4857367976996491,0.4305555555555555,0.6195826099537037
attention_state,bandpass,vit,5,1626406676,accuracy,0.5055555555555555,0.5055555555555555,0.5055555555555555,0.5324934123847167,0.5055555555555555,0.7422800925925926
attention_state,bandpass,vit,6,126691620,accuracy,0.5,0.5,0.5,0.5150966740600479,0.5,0.675575925925926
attention_state,bandpass,vit,7,28155425,accuracy,0.54,0.54,0.54,0.5338972263867229,0.54,0.7447935185185185
attention_state,bandpass,vit,8,149869551,accuracy,0.5727777777777778,0.5727777777777778,0.5727777777777777,0.5840096764722482,0.5727777777777777,0.7879335648148148
attention_state,bandpass,vit,9,2044435244,accuracy,0.4465277777777778,0.4465277777777778,0.44652777777777786,0.5200728150614256,0.44652777777777786,0.6272515190972222
attention_state,bandpass,vit,10,1786428360,accuracy,0.525,0.525,0.525,0.5267887291394414,0.525,0.7258355034722221
attention_state,ic_unet,eegnet,1,2013945970,accuracy,0.5483333333333333,0.5483333333333333,0.5483333333333333,0.5879981508326868,0.5483333333333333,0.7585388888888888
attention_state,ic_unet,eegnet,2,61155527,accuracy,0.6255555555555555,0.6255555555555555,0.6255555555555556,0.6700248688845644,0.6255555555555556,0.8140351851851851
attention_state,ic_unet,eegnet,3,1072713694,accuracy,0.6383333333333333,0.6383333333333333,0.6383333333333333,0.6457473138648241,0.6383333333333333,0.8324557870370372
attention_state,ic_unet,eegnet,4,2111243235,accuracy,0.5270833333333333,0.5270833333333333,0.5270833333333332,0.5404535427622722,0.5270833333333332,0.7140147569444445
attention_state,ic_unet,eegnet,5,1626406676,accuracy,0.5555555555555556,0.5555555555555556,0.5555555555555555,0.5538327425431916,0.5555555555555555,0.7639713541666667
attention_state,ic_unet,eegnet,6,126691620,accuracy,0.5616666666666666,0.5616666666666666,0.5616666666666666,0.5528528928018576,0.5616666666666666,0.7607356481481481
attention_state,ic_unet,eegnet,7,28155425,accuracy,0.6088888888888889,0.6088888888888889,0.6088888888888889,0.6306975921554535,0.6088888888888889,0.8055967592592593
attention_state,ic_unet,eegnet,8,149869551,accuracy,0.6466666666666666,0.6466666666666666,0.6466666666666666,0.6703852938999416,0.6466666666666666,0.8434106481481481
attention_state,ic_unet,eegnet,9,2044435244,accuracy,0.5361111111111111,0.5361111111111111,0.5361111111111111,0.5366530142966667,0.5361111111111111,0.729720775462963
attention_state,ic_unet,eegnet,10,1786428360,accuracy,0.5541666666666667,0.5541666666666667,0.5541666666666667,0.5571997439091146,0.5541666666666667,0.762424045138889
attention_state,ic_unet,lightgbm,1,2013945970,accuracy,0.5727777777777778,0.5727777777777778,0.5727777777777777,0.5680419307436287,0.5727777777777777,0.7678555555555556
attention_state,ic_unet,lightgbm,2,61155527,accuracy,0.6544444444444445,0.6544444444444445,0.6544444444444445,0.6539680366518063,0.6544444444444445,0.8335652777777778
attention_state,ic_unet,lightgbm,3,1072713694,accuracy,0.6144444444444445,0.6144444444444445,0.6144444444444445,0.619853031418753,0.6144444444444445,0.8219078703703704
attention_state,ic_unet,lightgbm,4,2111243235,accuracy,0.4756944444444444,0.4756944444444444,0.4756944444444445,0.5045846288038487,0.4756944444444445,0.6638368055555555
attention_state,ic_unet,lightgbm,5,1626406676,accuracy,0.5833333333333334,0.5833333333333334,0.5833333333333334,0.6247272545290762,0.5833333333333334,0.7705613425925927
attention_state,ic_unet,lightgbm,6,126691620,accuracy,0.5727777777777778,0.5727777777777778,0.5727777777777777,0.5680419307436287,0.5727777777777777,0.7678555555555556
attention_state,ic_unet,lightgbm,7,28155425,accuracy,0.6544444444444445,0.6544444444444445,0.6544444444444445,0.6539680366518063,0.6544444444444445,0.8335652777777778
attention_state,ic_unet,lightgbm,8,149869551,accuracy,0.6144444444444445,0.6144444444444445,0.6144444444444445,0.619853031418753,0.6144444444444445,0.8219078703703704
attention_state,ic_unet,lightgbm,9,2044435244,accuracy,0.4756944444444444,0.4756944444444444,0.4756944444444445,0.5045846288038487,0.4756944444444445,0.6638368055555555
attention_state,ic_unet,lightgbm,10,1786428360,accuracy,0.5833333333333334,0.5833333333333334,0.5833333333333334,0.6247272545290762,0.5833333333333334,0.7705613425925927
attention_state,ic_unet,logistic_regression,1,2013945970,accuracy,0.5405555555555556,0.5405555555555556,0.5405555555555556,0.5350145206033704,0.5405555555555556,0.7154006944444443
attention_state,ic_unet,logistic_regression,2,61155527,accuracy,0.5622222222222222,0.5622222222222222,0.5622222222222223,0.5661579616556103,0.5622222222222223,0.7471185185185184
attention_state,ic_unet,logistic_regression,3,1072713694,accuracy,0.5738888888888889,0.5738888888888889,0.5738888888888889,0.5715960890309488,0.5738888888888889,0.7764212962962963
attention_state,ic_unet,logistic_regression,4,2111243235,accuracy,0.46319444444444446,0.46319444444444446,0.46319444444444446,0.478439167904098,0.46319444444444446,0.6611584924768518
attention_state,ic_unet,logistic_regression,5,1626406676,accuracy,0.5097222222222222,0.5097222222222222,0.5097222222222222,0.5245056047615463,0.5097222222222222,0.704595630787037
attention_state,ic_unet,logistic_regression,6,126691620,accuracy,0.5394444444444444,0.5394444444444444,0.5394444444444445,0.5341348846434073,0.5394444444444445,0.715130787037037
attention_state,ic_unet,logistic_regression,7,28155425,accuracy,0.56,0.56,0.56,0.5638921086119725,0.56,0.74736875
attention_state,ic_unet,logistic_regression,8,149869551,accuracy,0.5761111111111111,0.5761111111111111,0.5761111111111111,0.5744032244623992,0.5761111111111111,0.7761180555555556
attention_state,ic_unet,logistic_regression,9,2044435244,accuracy,0.46041666666666664,0.46041666666666664,0.4604166666666667,0.4756194707532388,0.4604166666666667,0.6612416811342592
attention_state,ic_unet,logistic_regression,10,1786428360,accuracy,0.5118055555555555,0.5118055555555555,0.5118055555555556,0.5259329812471663,0.5118055555555556,0.7044921875
attention_state,ic_unet,mlp,1,2013945970,accuracy,0.5688888888888889,0.5688888888888889,0.5688888888888889,0.5596056053050009,0.5688888888888889,0.7373314814814815
attention_state,ic_unet,mlp,2,61155527,accuracy,0.6,0.6,0.6,0.6049119181100487,0.6,0.7843949074074074
attention_state,ic_unet,mlp,3,1072713694,accuracy,0.5966666666666667,0.5966666666666667,0.5966666666666667,0.612167098977455,0.5966666666666667,0.8004643518518518
attention_state,ic_unet,mlp,4,2111243235,accuracy,0.4736111111111111,0.4736111111111111,0.47361111111111115,0.49373700971987833,0.47361111111111115,0.6631195746527778
attention_state,ic_unet,mlp,5,1626406676,accuracy,0.5576388888888889,0.5576388888888889,0.5576388888888889,0.5948157110793048,0.5576388888888889,0.7515064380787037
attention_state,ic_unet,mlp,6,126691620,accuracy,0.57,0.57,0.57,0.5630118837713775,0.57,0.7464293981481482
attention_state,ic_unet,mlp,7,28155425,accuracy,0.6127777777777778,0.6127777777777778,0.6127777777777778,0.6221895215253558,0.6127777777777778,0.7908435185185185
attention_state,ic_unet,mlp,8,149869551,accuracy,0.5977777777777777,0.5977777777777777,0.5977777777777777,0.610745437349686,0.5977777777777777,0.7969039351851852
attention_state,ic_unet,mlp,9,2044435244,accuracy,0.49166666666666664,0.49166666666666664,0.4916666666666667,0.513721147839814,0.4916666666666667,0.6827763310185185
attention_state,ic_unet,mlp,10,1786428360,accuracy,0.5388888888888889,0.5388888888888889,0.5388888888888889,0.5736325681420752,0.5388888888888889,0.7442357494212963
attention_state,ic_unet,mobilenet,1,2013945970,accuracy,0.3638888888888889,0.3638888888888889,0.36388888888888893,0.5472646900697805,0.36388888888888893,0.6427342592592593
attention_state,ic_unet,mobilenet,2,61155527,accuracy,0.5222222222222223,0.5222222222222223,0.5222222222222223,0.6016822924185394,0.5222222222222223,0.7552342592592591
attention_state,ic_unet,mobilenet,3,1072713694,accuracy,0.5394444444444444,0.5394444444444444,0.5394444444444444,0.5572439713064713,0.5394444444444444,0.7707407407407407
attention_state,ic_unet,mobilenet,4,2111243235,accuracy,0.5034722222222222,0.5034722222222222,0.5034722222222222,0.49739461092007353,0.5034722222222222,0.6888013599537038
attention_state,ic_unet,mobilenet,5,1626406676,accuracy,0.4236111111111111,0.4236111111111111,0.4236111111111111,0.3611398071625344,0.4236111111111111,0.6305588107638889
attention_state,ic_unet,mobilenet,6,126691620,accuracy,0.5527777777777778,0.5527777777777778,0.5527777777777778,0.5523359341791721,0.5527777777777778,0.7298287037037037
attention_state,ic_unet,mobilenet,7,28155425,accuracy,0.4672222222222222,0.4672222222222222,0.46722222222222226,0.6625953909300719,0.46722222222222226,0.7392194444444445
attention_state,ic_unet,mobilenet,8,149869551,accuracy,0.42388888888888887,0.42388888888888887,0.4238888888888889,0.45977862402541897,0.4238888888888889,0.7379504629629631
attention_state,ic_unet,mobilenet,9,2044435244,accuracy,0.44027777777777777,0.44027777777777777,0.44027777777777777,0.46858810413797625,0.44027777777777777,0.6354340277777778
attention_state,ic_unet,mobilenet,10,1786428360,accuracy,0.5055555555555555,0.5055555555555555,0.5055555555555555,0.5138111405689908,0.5055555555555555,0.7162839988425928
attention_state,ic_unet,random_forest,1,2013945970,accuracy,0.5805555555555556,0.5805555555555556,0.5805555555555556,0.583087553272144,0.5805555555555556,0.7808650462962964
attention_state,ic_unet,random_forest,2,61155527,accuracy,0.6427777777777778,0.6427777777777778,0.6427777777777778,0.6530123445749199,0.6427777777777778,0.8230578703703705
attention_state,ic_unet,random_forest,3,1072713694,accuracy,0.5888888888888889,0.5888888888888889,0.5888888888888889,0.6026669711736106,0.5888888888888889,0.7926092592592594
attention_state,ic_unet,random_forest,4,2111243235,accuracy,0.4076388888888889,0.4076388888888889,0.4076388888888889,0.45909337100337044,0.4076388888888889,0.6013078703703704
attention_state,ic_unet,random_forest,5,1626406676,accuracy,0.5798611111111112,0.5798611111111112,0.579861111111111,0.6205788630008917,0.579861111111111,0.750810185185185
attention_state,ic_unet,random_forest,6,126691620,accuracy,0.5805555555555556,0.5805555555555556,0.5805555555555556,0.583087553272144,0.5805555555555556,0.7808650462962964
attention_state,ic_unet,random_forest,7,28155425,accuracy,0.6427777777777778,0.6427777777777778,0.6427777777777778,0.6530123445749199,0.6427777777777778,0.8230578703703705
attention_state,ic_unet,random_forest,8,149869551,accuracy,0.5888888888888889,0.5888888888888889,0.5888888888888889,0.6026669711736106,0.5888888888888889,0.7926092592592594
attention_state,ic_unet,random_forest,9,2044435244,accuracy,0.4076388888888889,0.4076388888888889,0.4076388888888889,0.45909337100337044,0.4076388888888889,0.6013078703703704
attention_state,ic_unet,random_forest,10,1786428360,accuracy,0.5798611111111112,0.5798611111111112,0.579861111111111,0.6205788630008917,0.579861111111111,0.750810185185185
attention_state,ic_unet,svm,1,2013945970,accuracy,0.5411111111111111,0.5411111111111111,0.5411111111111111,0.5357211801432985,0.5411111111111111,0.7158724537037037
attention_state,ic_unet,svm,2,61155527,accuracy,0.5533333333333333,0.5533333333333333,0.5533333333333333,0.5515542160538253,0.5533333333333333,0.7404282407407408
attention_state,ic_unet,svm,3,1072713694,accuracy,0.5694444444444444,0.5694444444444444,0.5694444444444444,0.5694079430790917,0.5694444444444444,0.7607826388888889
attention_state,ic_unet,svm,4,2111243235,accuracy,0.45069444444444445,0.45069444444444445,0.45069444444444445,0.4573015724384273,0.45069444444444445,0.6508347800925925
attention_state,ic_unet,svm,5,1626406676,accuracy,0.5006944444444444,0.5006944444444444,0.5006944444444444,0.5145367938855975,0.5006944444444444,0.6977654803240741
attention_state,ic_unet,svm,6,126691620,accuracy,0.5388888888888889,0.5388888888888889,0.5388888888888889,0.5332619745523609,0.5388888888888889,0.7157701388888889
attention_state,ic_unet,svm,7,28155425,accuracy,0.5538888888888889,0.5538888888888889,0.5538888888888889,0.5521258377881676,0.5538888888888889,0.7400247685185185
attention_state,ic_unet,svm,8,149869551,accuracy,0.5688888888888889,0.5688888888888889,0.5688888888888889,0.5679142138502279,0.5688888888888889,0.76303125
attention_state,ic_unet,svm,9,2044435244,accuracy,0.45069444444444445,0.45069444444444445,0.45069444444444445,0.45559170164921786,0.45069444444444445,0.6505819589120371
attention_state,ic_unet,svm,10,1786428360,accuracy,0.5006944444444444,0.5006944444444444,0.5006944444444444,0.5133477629028511,0.5006944444444444,0.6986197916666667
attention_state,ic_unet,vit,1,2013945970,accuracy,0.5388888888888889,0.5388888888888889,0.5388888888888889,0.5529364171955787,0.5388888888888889,0.7344361111111111
attention_state,ic_unet,vit,2,61155527,accuracy,0.5444444444444444,0.5444444444444444,0.5444444444444445,0.5894870117858465,0.5444444444444445,0.7467736111111112
attention_state,ic_unet,vit,3,1072713694,accuracy,0.6383333333333333,0.6383333333333333,0.6383333333333334,0.668382512845583,0.6383333333333334,0.8323481481481482
attention_state,ic_unet,vit,4,2111243235,accuracy,0.43472222222222223,0.43472222222222223,0.43472222222222223,0.5189115414810318,0.43472222222222223,0.6548423032407408
attention_state,ic_unet,vit,5,1626406676,accuracy,0.5777777777777777,0.5777777777777777,0.5777777777777778,0.5999281152409317,0.5777777777777778,0.7697099247685184
attention_state,ic_unet,vit,6,126691620,accuracy,0.5527777777777778,0.5527777777777778,0.5527777777777778,0.5617974902017188,0.5527777777777778,0.7352208333333334
attention_state,ic_unet,vit,7,28155425,accuracy,0.5472222222222223,0.5472222222222223,0.5472222222222222,0.550967492365833,0.5472222222222222,0.7443439814814815
attention_state,ic_unet,vit,8,149869551,accuracy,0.5838888888888889,0.5838888888888889,0.5838888888888889,0.627711072074764,0.5838888888888889,0.8153087962962964
attention_state,ic_unet,vit,9,2044435244,accuracy,0.4534722222222222,0.4534722222222222,0.4534722222222222,0.4844454439965315,0.4534722222222222,0.6574363425925925
attention_state,ic_unet,vit,10,1786428360,accuracy,0.5722222222222222,0.5722222222222222,0.5722222222222223,0.5689171453173533,0.5722222222222223,0.7486111111111112
attention_state,ica,eegnet,1,2013945970,accuracy,0.5316666666666666,0.5316666666666666,0.5316666666666667,0.5334511987813814,0.5316666666666667,0.7129800925925925
attention_state,ica,eegnet,2,61155527,accuracy,0.6411111111111111,0.6411111111111111,0.6411111111111111,0.6732738206515417,0.6411111111111111,0.8365296296296295
attention_state,ica,eegnet,3,1072713694,accuracy,0.56,0.56,0.5599999999999999,0.5827863638380436,0.5599999999999999,0.7644856481481482
attention_state,ica,eegnet,4,2111243235,accuracy,0.7097222222222223,0.7097222222222223,0.7097222222222221,0.7728157430283402,0.7097222222222221,0.8836848958333333
attention_state,ica,eegnet,5,1626406676,accuracy,0.71875,0.71875,0.71875,0.7163732808273616,0.71875,0.8690827546296296
attention_state,ica,eegnet,6,126691620,accuracy,0.5594444444444444,0.5594444444444444,0.5594444444444445,0.5720496755800999,0.5594444444444445,0.7237912037037036
attention_state,ica,eegnet,7,28155425,accuracy,0.6238888888888889,0.6238888888888889,0.6238888888888888,0.6424314903766958,0.6238888888888888,0.8263425925925926
attention_state,ica,eegnet,8,149869551,accuracy,0.5711111111111111,0.5711111111111111,0.5711111111111111,0.5950583283816407,0.5711111111111111,0.7628277777777778
attention_state,ica,eegnet,9,2044435244,accuracy,0.7625,0.7625,0.7624999999999998,0.7847579920557385,0.7624999999999998,0.9116717303240741
attention_state,ica,eegnet,10,1786428360,accuracy,0.7340277777777777,0.7340277777777777,0.7340277777777778,0.7350396520029071,0.7340277777777778,0.877994068287037
attention_state,ica,lightgbm,1,2013945970,accuracy,0.44555555555555554,0.44555555555555554,0.44555555555555554,0.46777427439566654,0.44555555555555554,0.6457768518518519
attention_state,ica,lightgbm,2,61155527,accuracy,0.5261111111111111,0.5261111111111111,0.5261111111111111,0.5501482185956535,0.5261111111111111,0.7541356481481482
attention_state,ica,lightgbm,3,1072713694,accuracy,0.52,0.52,0.52,0.537240840090576,0.52,0.7341949074074074
attention_state,ica,lightgbm,4,2111243235,accuracy,0.43819444444444444,0.43819444444444444,0.4381944444444444,0.48007660869296087,0.4381944444444444,0.6376953125
attention_state,ica,lightgbm,5,1626406676,accuracy,0.5027777777777778,0.5027777777777778,0.5027777777777778,0.5114861364016857,0.5027777777777778,0.6971730324074074
attention_state,ica,lightgbm,6,126691620,accuracy,0.44555555555555554,0.44555555555555554,0.44555555555555554,0.46777427439566654,0.44555555555555554,0.6457768518518519
attention_state,ica,lightgbm,7,28155425,accuracy,0.5261111111111111,0.5261111111111111,0.5261111111111111,0.5501482185956535,0.5261111111111111,0.7541356481481482
attention_state,ica,lightgbm,8,149869551,accuracy,0.52,0.52,0.52,0.537240840090576,0.52,0.7341949074074074
attention_state,ica,lightgbm,9,2044435244,accuracy,0.43819444444444444,0.43819444444444444,0.4381944444444444,0.48007660869296087,0.4381944444444444,0.6376953125
attention_state,ica,lightgbm,10,1786428360,accuracy,0.5027777777777778,0.5027777777777778,0.5027777777777778,0.5114861364016857,0.5027777777777778,0.6971730324074074
attention_state,ica,logistic_regression,1,2013945970,accuracy,0.3827777777777778,0.3827777777777778,0.38277777777777783,0.3819240615379975,0.38277777777777783,0.5659747685185186
attention_state,ica,logistic_regression,2,61155527,accuracy,0.46,0.46,0.45999999999999996,0.47249558953394427,0.45999999999999996,0.6446226851851852
attention_state,ica,logistic_regression,3,1072713694,accuracy,0.5355555555555556,0.5355555555555556,0.5355555555555556,0.5387289172918891,0.5355555555555556,0.7371247685185184
attention_state,ica,logistic_regression,4,2111243235,accuracy,0.42569444444444443,0.42569444444444443,0.42569444444444443,0.43300508196035364,0.42569444444444443,0.5795721209490741
attention_state,ica,logistic_regression,5,1626406676,accuracy,0.4756944444444444,0.4756944444444444,0.4756944444444444,0.4638878410035769,0.4756944444444444,0.6526428674768519
attention_state,ica,logistic_regression,6,126691620,accuracy,0.3838888888888889,0.3838888888888889,0.38388888888888895,0.3830905583275765,0.38388888888888895,0.5658923611111111
attention_state,ica,logistic_regression,7,28155425,accuracy,0.46055555555555555,0.46055555555555555,0.4605555555555556,0.47319525661996104,0.4605555555555556,0.644650925925926
attention_state,ica,logistic_regression,8,149869551,accuracy,0.535,0.535,0.535,0.5381857014664848,0.535,0.7371254629629629
attention_state,ica,logistic_regression,9,2044435244,accuracy,0.42569444444444443,0.42569444444444443,0.42569444444444443,0.43300508196035364,0.42569444444444443,0.5795865885416667
attention_state,ica,logistic_regression,10,1786428360,accuracy,0.4756944444444444,0.4756944444444444,0.4756944444444444,0.4639265718279964,0.4756944444444444,0.6525672743055556
attention_state,ica,mlp,1,2013945970,accuracy,0.3572222222222222,0.3572222222222222,0.3572222222222223,0.3757655882648663,0.3572222222222223,0.5477206018518518
attention_state,ica,mlp,2,61155527,accuracy,0.46055555555555555,0.46055555555555555,0.46055555555555555,0.4527983810878548,0.46055555555555555,0.660875925925926
attention_state,ica,mlp,3,1072713694,accuracy,0.4961111111111111,0.4961111111111111,0.4961111111111111,0.4719617192538734,0.4961111111111111,0.6959425925925925
attention_state,ica,mlp,4,2111243235,accuracy,0.42083333333333334,0.42083333333333334,0.4208333333333334,0.48648541778925153,0.4208333333333334,0.6287821903935186
attention_state,ica,mlp,5,1626406676,accuracy,0.45625,0.45625,0.45625,0.43211621028993946,0.45625,0.6790458622685186
attention_state,ica,mlp,6,126691620,accuracy,0.3605555555555556,0.3605555555555556,0.3605555555555555,0.36865180635038697,0.3605555555555555,0.5149629629629628
attention_state,ica,mlp,7,28155425,accuracy,0.43666666666666665,0.43666666666666665,0.4366666666666667,0.4198387955396476,0.4366666666666667,0.6533386574074074
attention_state,ica,mlp,8,149869551,accuracy,0.515,0.515,0.515,0.49183792757998107,0.515,0.7083935185185185
attention_state,ica,mlp,9,2044435244,accuracy,0.39861111111111114,0.39861111111111114,0.3986111111111111,0.46023379783145063,0.3986111111111111,0.6102792245370371
attention_state,ica,mlp,10,1786428360,accuracy,0.4576388888888889,0.4576388888888889,0.45763888888888893,0.44537590102807495,0.45763888888888893,0.6585655381944444
attention_state,ica,mobilenet,1,2013945970,accuracy,0.5055555555555555,0.5055555555555555,0.5055555555555555,0.5329402032041561,0.5055555555555555,0.6867326388888889
attention_state,ica,mobilenet,2,61155527,accuracy,0.49277777777777776,0.49277777777777776,0.49277777777777776,0.5329553580320127,0.49277777777777776,0.786213425925926
attention_state,ica,mobilenet,3,1072713694,accuracy,0.525,0.525,0.525,0.6377044714064883,0.525,0.7563314814814817
attention_state,ica,mobilenet,4,2111243235,accuracy,0.6013888888888889,0.6013888888888889,0.6013888888888889,0.6819693146444931,0.6013888888888889,0.807170138888889
attention_state,ica,mobilenet,5,1626406676,accuracy,0.5069444444444444,0.5069444444444444,0.5069444444444445,0.5646803046760805,0.5069444444444445,0.721613136574074
attention_state,ica,mobilenet,6,126691620,accuracy,0.47055555555555556,0.47055555555555556,0.47055555555555556,0.4997816345493846,0.47055555555555556,0.6625458333333333
attention_state,ica,mobilenet,7,28155425,accuracy,0.6077777777777778,0.6077777777777778,0.6077777777777778,0.608728286502886,0.6077777777777778,0.7931032407407407
attention_state,ica,mobilenet,8,149869551,accuracy,0.545,0.545,0.5449999999999999,0.6333103437844958,0.5449999999999999,0.7765310185185186
attention_state,ica,mobilenet,9,2044435244,accuracy,0.5930555555555556,0.5930555555555556,0.5930555555555556,0.6589627657128926,0.5930555555555556,0.8226953124999999
attention_state,ica,mobilenet,10,1786428360,accuracy,0.6125,0.6125,0.6124999999999999,0.6312828755113968,0.6124999999999999,0.80970703125
attention_state,ica,random_forest,1,2013945970,accuracy,0.43722222222222223,0.43722222222222223,0.43722222222222223,0.43769050995180675,0.43722222222222223,0.5882094907407408
attention_state,ica,random_forest,2,61155527,accuracy,0.45666666666666667,0.45666666666666667,0.4566666666666667,0.5011114989619886,0.4566666666666667,0.7198097222222222
attention_state,ica,random_forest,3,1072713694,accuracy,0.5327777777777778,0.5327777777777778,0.5327777777777778,0.5446510371359653,0.5327777777777778,0.7504793981481482
attention_state,ica,random_forest,4,2111243235,accuracy,0.4215277777777778,0.4215277777777778,0.4215277777777778,0.46679966338391843,0.4215277777777778,0.6126475694444444
attention_state,ica,random_forest,5,1626406676,accuracy,0.42777777777777776,0.42777777777777776,0.4277777777777778,0.43095540319546727,0.4277777777777778,0.6251135706018519
attention_state,ica,random_forest,6,126691620,accuracy,0.43722222222222223,0.43722222222222223,0.43722222222222223,0.43769050995180675,0.43722222222222223,0.5882094907407408
attention_state,ica,random_forest,7,28155425,accuracy,0.45666666666666667,0.45666666666666667,0.4566666666666667,0.5011114989619886,0.4566666666666667,0.7198097222222222
attention_state,ica,random_forest,8,149869551,accuracy,0.5327777777777778,0.5327777777777778,0.5327777777777778,0.5446510371359653,0.5327777777777778,0.7504793981481482
attention_state,ica,random_forest,9,2044435244,accuracy,0.4215277777777778,0.4215277777777778,0.4215277777777778,0.46679966338391843,0.4215277777777778,0.6126475694444444
attention_state,ica,random_forest,10,1786428360,accuracy,0.42777777777777776,0.42777777777777776,0.4277777777777778,0.43095540319546727,0.4277777777777778,0.6251135706018519
attention_state,ica,svm,1,2013945970,accuracy,0.40444444444444444,0.40444444444444444,0.40444444444444444,0.40498754820532895,0.40444444444444444,0.5720893518518518
attention_state,ica,svm,2,61155527,accuracy,0.45444444444444443,0.45444444444444443,0.45444444444444443,0.46213024509124767,0.45444444444444443,0.6380976851851853
attention_state,ica,svm,3,1072713694,accuracy,0.54,0.54,0.54,0.5499440105066703,0.54,0.7314754629629628
attention_state,ica,svm,4,2111243235,accuracy,0.42986111111111114,0.42986111111111114,0.4298611111111111,0.44276673786904314,0.4298611111111111,0.5824074074074074
attention_state,ica,svm,5,1626406676,accuracy,0.46875,0.46875,0.46875,0.4536204540357091,0.46875,0.6473347077546296
attention_state,ica,svm,6,126691620,accuracy,0.40166666666666667,0.40166666666666667,0.40166666666666667,0.4019597905161288,0.40166666666666667,0.5717886574074074
attention_state,ica,svm,7,28155425,accuracy,0.45055555555555554,0.45055555555555554,0.4505555555555556,0.4568996380545083,0.4505555555555556,0.6372981481481482
attention_state,ica,svm,8,149869551,accuracy,0.5377777777777778,0.5377777777777778,0.5377777777777778,0.5468687759526697,0.5377777777777778,0.7318550925925926
attention_state,ica,svm,9,2044435244,accuracy,0.42916666666666664,0.42916666666666664,0.4291666666666667,0.4441071938628312,0.4291666666666667,0.5825311053240741
attention_state,ica,svm,10,1786428360,accuracy,0.4736111111111111,0.4736111111111111,0.47361111111111115,0.46008401733147064,0.47361111111111115,0.6485720486111111
attention_state,ica,vit,1,2013945970,accuracy,0.5433333333333333,0.5433333333333333,0.5433333333333333,0.5617324772844604,0.5433333333333333,0.7214555555555555
attention_state,ica,vit,2,61155527,accuracy,0.6138888888888889,0.6138888888888889,0.6138888888888889,0.6207272676176786,0.6138888888888889,0.7996740740740741
attention_state,ica,vit,3,1072713694,accuracy,0.55,0.55,0.55,0.5996438389809218,0.55,0.7490907407407407
attention_state,ica,vit,4,2111243235,accuracy,0.6638888888888889,0.6638888888888889,0.6638888888888889,0.6667038351561132,0.6638888888888889,0.8377365451388888
attention_state,ica,vit,5,1626406676,accuracy,0.6854166666666667,0.6854166666666667,0.6854166666666667,0.6838195863622364,0.6854166666666667,0.8524927662037037
attention_state,ica,vit,6,126691620,accuracy,0.45,0.45,0.45,0.47242276403852684,0.45,0.6647032407407407
attention_state,ica,vit,7,28155425,accuracy,0.5816666666666667,0.5816666666666667,0.5816666666666667,0.5558872601186159,0.5816666666666667,0.8030717592592592
attention_state,ica,vit,8,149869551,accuracy,0.5955555555555555,0.5955555555555555,0.5955555555555555,0.5973071947465495,0.5955555555555555,0.7856421296296295
attention_state,ica,vit,9,2044435244,accuracy,0.6861111111111111,0.6861111111111111,0.6861111111111112,0.6730243975910386,0.6861111111111112,0.8549392361111111
attention_state,ica,vit,10,1786428360,accuracy,0.6618055555555555,0.6618055555555555,0.6618055555555555,0.6537494872417547,0.6618055555555555,0.8543627025462963
attention_state,raw,eegnet,1,2013945970,accuracy,0.5683333333333334,0.5683333333333334,0.5683333333333334,0.5657999885865216,0.5683333333333334,0.7392074074074073
attention_state,raw,eegnet,2,61155527,accuracy,0.6494444444444445,0.6494444444444445,0.6494444444444444,0.6806919281139733,0.6494444444444444,0.8370828703703704
attention_state,raw,eegnet,3,1072713694,accuracy,0.5605555555555556,0.5605555555555556,0.5605555555555556,0.6027456975787494,0.5605555555555556,0.7519689814814815
attention_state,raw,eegnet,4,2111243235,accuracy,0.7097222222222223,0.7097222222222223,0.7097222222222223,0.7490038034097921,0.7097222222222223,0.8806937210648149
attention_state,raw,eegnet,5,1626406676,accuracy,0.7465277777777778,0.7465277777777778,0.7465277777777777,0.7430867315270566,0.7465277777777777,0.8817787905092592
attention_state,raw,eegnet,6,126691620,accuracy,0.5577777777777778,0.5577777777777778,0.5577777777777778,0.5564992714868467,0.5577777777777778,0.7332328703703704
attention_state,raw,eegnet,7,28155425,accuracy,0.7,0.7,0.7000000000000001,0.7268264953310698,0.7000000000000001,0.8656439814814815
attention_state,raw,eegnet,8,149869551,accuracy,0.57,0.57,0.57,0.6114246963720378,0.57,0.7619203703703703
attention_state,raw,eegnet,9,2044435244,accuracy,0.7534722222222222,0.7534722222222222,0.7534722222222223,0.7677022929715114,0.7534722222222223,0.9030483217592593
attention_state,raw,eegnet,10,1786428360,accuracy,0.7375,0.7375,0.7374999999999999,0.7352036582619107,0.7374999999999999,0.881244212962963
attention_state,raw,lightgbm,1,2013945970,accuracy,0.4716666666666667,0.4716666666666667,0.4716666666666667,0.47979637452478086,0.4716666666666667,0.6562763888888888
attention_state,raw,lightgbm,2,61155527,accuracy,0.4855555555555556,0.4855555555555556,0.4855555555555556,0.4781015049092665,0.4855555555555556,0.738736574074074
attention_state,raw,lightgbm,3,1072713694,accuracy,0.5027777777777778,0.5027777777777778,0.5027777777777778,0.5119936700569113,0.5027777777777778,0.7288300925925926
attention_state,raw,lightgbm,4,2111243235,accuracy,0.43472222222222223,0.43472222222222223,0.43472222222222223,0.5421219763758085,0.43472222222222223,0.653669704861111
attention_state,raw,lightgbm,5,1626406676,accuracy,0.49375,0.49375,0.49374999999999997,0.5069814928176704,0.49374999999999997,0.6708333333333334
attention_state,raw,lightgbm,6,126691620,accuracy,0.4716666666666667,0.4716666666666667,0.4716666666666667,0.47979637452478086,0.4716666666666667,0.6562763888888888
attention_state,raw,lightgbm,7,28155425,accuracy,0.4855555555555556,0.4855555555555556,0.4855555555555556,0.4781015049092665,0.4855555555555556,0.738736574074074
attention_state,raw,lightgbm,8,149869551,accuracy,0.5027777777777778,0.5027777777777778,0.5027777777777778,0.5119936700569113,0.5027777777777778,0.7288300925925926
attention_state,raw,lightgbm,9,2044435244,accuracy,0.43472222222222223,0.43472222222222223,0.43472222222222223,0.5421219763758085,0.43472222222222223,0.653669704861111
attention_state,raw,lightgbm,10,1786428360,accuracy,0.49375,0.49375,0.49374999999999997,0.5069814928176704,0.49374999999999997,0.6708333333333334
attention_state,raw,logistic_regression,1,2013945970,accuracy,0.4088888888888889,0.4088888888888889,0.40888888888888886,0.4086385169206211,0.40888888888888886,0.5870210648148148
attention_state,raw,logistic_regression,2,61155527,accuracy,0.5216666666666666,0.5216666666666666,0.5216666666666666,0.5216912190031064,0.5216666666666666,0.6880094907407407
attention_state,raw,logistic_regression,3,1072713694,accuracy,0.5388888888888889,0.5388888888888889,0.5388888888888889,0.5698768416269782,0.5388888888888889,0.7658543981481483
attention_state,raw,logistic_regression,4,2111243235,accuracy,0.425,0.425,0.42500000000000004,0.43238514679559037,0.42500000000000004,0.6014460358796296
attention_state,raw,logistic_regression,5,1626406676,accuracy,0.44027777777777777,0.44027777777777777,0.44027777777777777,0.4235658513396736,0.44027777777777777,0.6261067708333333
attention_state,raw,logistic_regression,6,126691620,accuracy,0.4088888888888889,0.4088888888888889,0.40888888888888886,0.40853189219392966,0.40888888888888886,0.5871715277777777
attention_state,raw,logistic_regression,7,28155425,accuracy,0.5211111111111111,0.5211111111111111,0.5211111111111112,0.5213540075855781,0.5211111111111112,0.6879743055555556
attention_state,raw,logistic_regression,8,149869551,accuracy,0.5383333333333333,0.5383333333333333,0.5383333333333333,0.5693640445601139,0.5383333333333333,0.7658168981481482
attention_state,raw,logistic_regression,9,2044435244,accuracy,0.4236111111111111,0.4236111111111111,0.4236111111111111,0.4305464267187693,0.4236111111111111,0.6015064380787037
attention_state,raw,logistic_regression,10,1786428360,accuracy,0.44027777777777777,0.44027777777777777,0.44027777777777777,0.4235746975349848,0.44027777777777777,0.62603515625
attention_state,raw,mlp,1,2013945970,accuracy,0.385,0.385,0.385,0.37698343470438805,0.385,0.5805210648148148
attention_state,raw,mlp,2,61155527,accuracy,0.48055555555555557,0.48055555555555557,0.48055555555555557,0.45492584591723473,0.48055555555555557,0.6749958333333334
attention_state,raw,mlp,3,1072713694,accuracy,0.45111111111111113,0.45111111111111113,0.4511111111111112,0.4167775283121933,0.4511111111111112,0.7068388888888889
attention_state,raw,mlp,4,2111243235,accuracy,0.4340277777777778,0.4340277777777778,0.43402777777777773,0.49496218976265144,0.43402777777777773,0.6217610677083334
attention_state,raw,mlp,5,1626406676,accuracy,0.49930555555555556,0.49930555555555556,0.4993055555555556,0.49178628567212207,0.4993055555555556,0.7018211082175926
attention_state,raw,mlp,6,126691620,accuracy,0.39555555555555555,0.39555555555555555,0.3955555555555555,0.41396878100528656,0.3955555555555555,0.5859252314814816
attention_state,raw,mlp,7,28155425,accuracy,0.4988888888888889,0.4988888888888889,0.4988888888888889,0.48784786653027773,0.4988888888888889,0.6792525462962963
attention_state,raw,mlp,8,149869551,accuracy,0.4683333333333333,0.4683333333333333,0.46833333333333327,0.44758949679162446,0.46833333333333327,0.7329650462962963
attention_state,raw,mlp,9,2044435244,accuracy,0.41041666666666665,0.41041666666666665,0.41041666666666665,0.4861771016582068,0.41041666666666665,0.6249851707175926
attention_state,raw,mlp,10,1786428360,accuracy,0.5013888888888889,0.5013888888888889,0.5013888888888889,0.47858485094991265,0.5013888888888889,0.7094813368055556
attention_state,raw,mobilenet,1,2013945970,accuracy,0.5027777777777778,0.5027777777777778,0.5027777777777778,0.5387877373171491,0.5027777777777778,0.7111115740740742
attention_state,raw,mobilenet,2,61155527,accuracy,0.57,0.57,0.57,0.5932204819349538,0.57,0.763799074074074
attention_state,raw,mobilenet,3,1072713694,accuracy,0.5277777777777778,0.5277777777777778,0.5277777777777778,0.5136551890996781,0.5277777777777778,0.7105550925925925
attention_state,raw,mobilenet,4,2111243235,accuracy,0.5993055555555555,0.5993055555555555,0.5993055555555556,0.660484656506772,0.5993055555555556,0.8223184317129629
attention_state,raw,mobilenet,5,1626406676,accuracy,0.6083333333333333,0.6083333333333333,0.6083333333333333,0.6071898287176065,0.6083333333333333,0.7898987268518519
attention_state,raw,mobilenet,6,126691620,accuracy,0.4811111111111111,0.4811111111111111,0.4811111111111111,0.5304608544784212,0.4811111111111111,0.6865284722222222
attention_state,raw,mobilenet,7,28155425,accuracy,0.6522222222222223,0.6522222222222223,0.6522222222222221,0.6988568978376256,0.6522222222222221,0.8318972222222222
attention_state,raw,mobilenet,8,149869551,accuracy,0.5577777777777778,0.5577777777777778,0.5577777777777778,0.6394930210626314,0.5577777777777778,0.7905953703703704
attention_state,raw,mobilenet,9,2044435244,accuracy,0.6215277777777778,0.6215277777777778,0.6215277777777778,0.6489196803478815,0.6215277777777778,0.8021838831018518
attention_state,raw,mobilenet,10,1786428360,accuracy,0.61875,0.61875,0.61875,0.6692970822281167,0.61875,0.8241022858796296
attention_state,raw,random_forest,1,2013945970,accuracy,0.445,0.445,0.445,0.4478106427857,0.445,0.5969898148148148
attention_state,raw,random_forest,2,61155527,accuracy,0.5038888888888889,0.5038888888888889,0.5038888888888889,0.5014639871943097,0.5038888888888889,0.7200342592592593
attention_state,raw,random_forest,3,1072713694,accuracy,0.475,0.475,0.47500000000000003,0.48614965950197114,0.47500000000000003,0.7352932870370371
attention_state,raw,random_forest,4,2111243235,accuracy,0.37430555555555556,0.37430555555555556,0.3743055555555556,0.44802422211341053,0.3743055555555556,0.5750802951388889
attention_state,raw,random_forest,5,1626406676,accuracy,0.4305555555555556,0.4305555555555556,0.4305555555555556,0.43852155200186976,0.4305555555555556,0.6207201244212963
attention_state,raw,random_forest,6,126691620,accuracy,0.445,0.445,0.445,0.4478106427857,0.445,0.5969898148148148
attention_state,raw,random_forest,7,28155425,accuracy,0.5038888888888889,0.5038888888888889,0.5038888888888889,0.5014639871943097,0.5038888888888889,0.7200342592592593
attention_state,raw,random_forest,8,149869551,accuracy,0.475,0.475,0.47500000000000003,0.48614965950197114,0.47500000000000003,0.7352932870370371
attention_state,raw,random_forest,9,2044435244,accuracy,0.37430555555555556,0.37430555555555556,0.3743055555555556,0.44802422211341053,0.3743055555555556,0.5750802951388889
attention_state,raw,random_forest,10,1786428360,accuracy,0.4305555555555556,0.4305555555555556,0.4305555555555556,0.43852155200186976,0.4305555555555556,0.6207201244212963
attention_state,raw,svm,1,2013945970,accuracy,0.4216666666666667,0.4216666666666667,0.4216666666666667,0.42157823182947496,0.4216666666666667,0.6015143518518519
attention_state,raw,svm,2,61155527,accuracy,0.5083333333333333,0.5083333333333333,0.5083333333333333,0.5056165413821876,0.5083333333333333,0.6861101851851851
attention_state,raw,svm,3,1072713694,accuracy,0.5411111111111111,0.5411111111111111,0.5411111111111111,0.5792052512782805,0.5411111111111111,0.7627064814814816
attention_state,raw,svm,4,2111243235,accuracy,0.4270833333333333,0.4270833333333333,0.4270833333333333,0.44823150697494846,0.4270833333333333,0.6059566695601852
attention_state,raw,svm,5,1626406676,accuracy,0.46041666666666664,0.46041666666666664,0.46041666666666664,0.44436701509872245,0.46041666666666664,0.6263483796296296
attention_state,raw,svm,6,126691620,accuracy,0.42444444444444446,0.42444444444444446,0.42444444444444446,0.4243839429086389,0.42444444444444446,0.6008192129629629
attention_state,raw,svm,7,28155425,accuracy,0.5038888888888889,0.5038888888888889,0.5038888888888889,0.5011561365144052,0.5038888888888889,0.6861444444444444
attention_state,raw,svm,8,149869551,accuracy,0.5405555555555556,0.5405555555555556,0.5405555555555556,0.579123573195481,0.5405555555555556,0.7613592592592592
attention_state,raw,svm,9,2044435244,accuracy,0.4284722222222222,0.4284722222222222,0.4284722222222222,0.4515896276170917,0.4284722222222222,0.6067766203703705
attention_state,raw,svm,10,1786428360,accuracy,0.4576388888888889,0.4576388888888889,0.4576388888888889,0.44187727053451153,0.4576388888888889,0.6272551359953703
attention_state,raw,vit,1,2013945970,accuracy,0.5477777777777778,0.5477777777777778,0.5477777777777778,0.546346817288229,0.5477777777777778,0.741063425925926
attention_state,raw,vit,2,61155527,accuracy,0.6177777777777778,0.6177777777777778,0.6177777777777779,0.6603709201319888,0.6177777777777779,0.8158217592592593
attention_state,raw,vit,3,1072713694,accuracy,0.515,0.515,0.515,0.5798427077812335,0.515,0.7255583333333333
attention_state,raw,vit,4,2111243235,accuracy,0.7513888888888889,0.7513888888888889,0.7513888888888888,0.7504611685249674,0.7513888888888888,0.8844350405092593
attention_state,raw,vit,5,1626406676,accuracy,0.6625,0.6625,0.6625,0.6778143164953159,0.6625,0.8495768229166667
attention_state,raw,vit,6,126691620,accuracy,0.5227777777777778,0.5227777777777778,0.5227777777777778,0.5423576160528719,0.5227777777777778,0.704888425925926
attention_state,raw,vit,7,28155425,accuracy,0.6483333333333333,0.6483333333333333,0.6483333333333333,0.652793451707781,0.6483333333333333,0.8365833333333335
attention_state,raw,vit,8,149869551,accuracy,0.5516666666666666,0.5516666666666666,0.5516666666666667,0.5611401803602591,0.5516666666666667,0.7618541666666667
attention_state,raw,vit,9,2044435244,accuracy,0.6451388888888889,0.6451388888888889,0.6451388888888889,0.6489090302833121,0.6451388888888889,0.8216391782407407
attention_state,raw,vit,10,1786428360,accuracy,0.7145833333333333,0.7145833333333333,0.7145833333333332,0.713698868979438,0.7145833333333332,0.8714409722222222
bci_errp,asr,eegnet,1,2013945970,balanced_accuracy,0.6412170121858904,0.6438235294117647,0.6412170121858904,0.8121748178980229,0.6474491912069681,0.667362136550584
bci_errp,asr,eegnet,2,61155527,balanced_accuracy,0.627113931387108,0.6305882352941177,0.627113931387108,0.8025144054478784,0.6354209871422646,0.6607609041639704
bci_errp,asr,eegnet,3,1072713694,balanced_accuracy,0.6311202572972964,0.6282352941176471,0.6311202572972964,0.807836822329576,0.6242223143923683,0.6640188485618871
bci_errp,asr,eegnet,4,2111243235,balanced_accuracy,0.591074821795453,0.5367647058823529,0.591074821795453,0.8011527377521613,0.4612194110327665,0.6317883277646815
bci_errp,asr,eegnet,5,1626406676,balanced_accuracy,0.637702827326221,0.6494117647058824,0.637702827326221,0.8061275740833752,0.665698880132725,0.6802200816195069
bci_errp,asr,eegnet,6,126691620,balanced_accuracy,0.6372756899934955,0.645,0.6372756899934955,0.8074565883554647,0.6557445043550394,0.6775400412417136
bci_errp,asr,eegnet,7,28155425,balanced_accuracy,0.5952904177390532,0.6061764705882353,0.5952904177390532,0.7785862785862786,0.6213189547905433,0.6378124948888206
bci_errp,asr,eegnet,8,149869551,balanced_accuracy,0.5956420668833736,0.6794117647058824,0.5956420668833736,0.7624155740961462,0.795935296557445,0.6617697199262397
bci_errp,asr,eegnet,9,2044435244,balanced_accuracy,0.6662256199362628,0.7241176470588235,0.6662256199362628,0.8059825508932281,0.8046453753629199,0.721555945764253
bci_errp,asr,eegnet,10,1786428360,balanced_accuracy,0.609666933531392,0.611764705882353,0.609666933531392,0.791243993593166,0.6146827042720863,0.6531376455821167
bci_errp,asr,lightgbm,1,2013945970,balanced_accuracy,0.5688018221171166,0.7064705882352941,0.5688018221171166,0.7422008913267055,0.8979676482787226,0.6400131852702414
bci_errp,asr,lightgbm,2,61155527,balanced_accuracy,0.574143240515014,0.7055882352941176,0.574143240515014,0.7453027139874739,0.8884280381584405,0.6456320227605276
bci_errp,asr,lightgbm,3,1072713694,balanced_accuracy,0.5814542715620477,0.7108823529411765,0.5814542715620477,0.7489539748953975,0.8909166321028619,0.6595805624624917
bci_errp,asr,lightgbm,4,2111243235,balanced_accuracy,0.587351786281196,0.7188235294117648,0.587351786281196,0.7514690632561355,0.9017005391953546,0.6478782157444037
bci_errp,asr,lightgbm,5,1626406676,balanced_accuracy,0.5743887868167428,0.7105882352941176,0.5743887868167428,0.7449364915894267,0.9000414765657404,0.6493573648583191
bci_errp,asr,lightgbm,6,126691620,balanced_accuracy,0.5731702816422372,0.7097058823529412,0.5731702816422372,0.744337680164722,0.8996267109083368,0.6357028097123103
bci_errp,asr,lightgbm,7,28155425,balanced_accuracy,0.5772539829455408,0.71,0.5772539829455408,0.7466251298026999,0.894649523019494,0.6498773946006654
bci_errp,asr,lightgbm,8,149869551,balanced_accuracy,0.5768650090858423,0.7102941176470589,0.5768650090858423,0.7463718037318591,0.8958938199917047,0.6357543933077204
bci_errp,asr,lightgbm,9,2044435244,balanced_accuracy,0.584695021428161,0.7129411764705882,0.584695021428161,0.7506112469437652,0.8913313977602655,0.6595189137752941
bci_errp,asr,lightgbm,10,1786428360,balanced_accuracy,0.5806886955179726,0.7152941176470589,0.5806886955179726,0.7480233757304916,0.9025300705101618,0.6627418400413675
bci_errp,asr,logistic_regression,1,2013945970,balanced_accuracy,0.59010878267328,0.6635294117647059,0.59010878267328,0.7612371134020619,0.7656574035669846,0.6095490880817152
bci_errp,asr,logistic_regression,2,61155527,balanced_accuracy,0.591728633382806,0.6679411764705883,0.591728633382806,0.7616326530612245,0.7739527167150559,0.6187536145212434
bci_errp,asr,logistic_regression,3,1072713694,balanced_accuracy,0.5954615242994382,0.673235294117647,0.5954615242994382,0.7633711507293355,0.7814184985483202,0.6332590893021075
bci_errp,asr,logistic_regression,4,2111243235,balanced_accuracy,0.5920907669977383,0.6735294117647059,0.5920907669977383,0.7609306056959486,0.7868104520945666,0.6166202344411504
bci_errp,asr,logistic_regression,5,1626406676,balanced_accuracy,0.5938808855100003,0.6667647058823529,0.5938808855100003,0.763396537510305,0.7681459975114061,0.6201815994185732
bci_errp,asr,logistic_regression,6,126691620,balanced_accuracy,0.5884362999212825,0.6641176470588235,0.5884362999212825,0.7599344530929947,0.7693902944836167,0.6073536399356002
bci_errp,asr,logistic_regression,7,28155425,balanced_accuracy,0.597497189113429,0.6714705882352942,0.597497189113429,0.7651639344262295,0.7743674823724596,0.6197563492905578
bci_errp,asr,logistic_regression,8,149869551,balanced_accuracy,0.5954233608264111,0.6685294117647059,0.5954233608264111,0.7641975308641975,0.7702198257984239,0.6228819796693533
bci_errp,asr,logistic_regression,9,2044435244,balanced_accuracy,0.5969400443451169,0.6694117647058824,0.5969400443451169,0.765142150803461,0.7702198257984239,0.6261644577285017
bci_errp,asr,logistic_regression,10,1786428360,balanced_accuracy,0.594606201186926,0.6711764705882353,0.594606201186926,0.7631257631257631,0.7776856076316881,0.6222113929290214
bci_errp,asr,mlp,1,2013945970,balanced_accuracy,0.5857690505976358,0.7258823529411764,0.5857690505976358,0.7497467071935157,0.9207797594359188,0.655203086292645
bci_errp,asr,mlp,2,61155527,balanced_accuracy,0.5850829468407983,0.7194117647058823,0.5850829468407983,0.7500858221764504,0.906262961426794,0.6632350295389475
bci_errp,asr,mlp,3,1072713694,balanced_accuracy,0.5847713483742151,0.7223529411764706,0.5847713483742151,0.7495746852670977,0.913728743260058,0.6528109494778525
bci_errp,asr,mlp,4,2111243235,balanced_accuracy,0.5821145835211801,0.7164705882352941,0.5821145835211801,0.748710897215538,0.9033596018249688,0.635376952365695
bci_errp,asr,mlp,5,1626406676,balanced_accuracy,0.5842668356483743,0.7152941176470589,0.5842668356483743,0.7500866551126516,0.8975528826213189,0.6651721403291873
bci_errp,asr,mlp,6,126691620,balanced_accuracy,0.5874157415519281,0.7244117647058823,0.5874157415519281,0.7508509189925119,0.9149730402322688,0.6547618997692997
bci_errp,asr,mlp,7,28155425,balanced_accuracy,0.5749325114626718,0.7155882352941176,0.5749325114626718,0.7447457627118644,0.9112401493156368,0.6570844196992299
bci_errp,asr,mlp,8,149869551,balanced_accuracy,0.5628114149883475,0.7123529411764706,0.5628114149883475,0.7384359400998336,0.9203649937785152,0.6320210830122639
bci_errp,asr,mlp,9,2044435244,balanced_accuracy,0.5846929245340386,0.7264705882352941,0.5846929245340386,0.7490750084090144,0.9236831190377436,0.6509728120901883
bci_errp,asr,mlp,10,1786428360,balanced_accuracy,0.577926666579995,0.7194117647058823,0.577926666579995,0.746031746031746,0.9162173372044796,0.654581147495952
bci_errp,asr,mobilenet,1,2013945970,balanced_accuracy,0.5052372027600159,0.7114705882352941,0.5052372027600159,0.7112884160756501,0.9983409373703858,0.4890762300695456
bci_errp,asr,mobilenet,2,61155527,balanced_accuracy,0.5,0.7091176470588235,0.5,0.7091176470588235,1.0,0.4888160055089602
bci_errp,asr,mobilenet,3,1072713694,balanced_accuracy,0.494958856840425,0.6964705882352941,0.494958856840425,0.7069948964274992,0.9767731231854002,0.5088484738175509
bci_errp,asr,mobilenet,4,2111243235,balanced_accuracy,0.5,0.7091176470588235,0.5,0.7091176470588235,1.0,0.4781881073391714
bci_errp,asr,mobilenet,5,1626406676,balanced_accuracy,0.4991685814804827,0.6364705882352941,0.4991685814804827,0.7087033747779752,0.8274574865201161,0.507706924657336
bci_errp,asr,mobilenet,6,126691620,balanced_accuracy,0.5,0.7091176470588235,0.5,0.7091176470588235,1.0,0.4790788679623515
bci_errp,asr,mobilenet,7,28155425,balanced_accuracy,0.5,0.7091176470588235,0.5,0.7091176470588235,1.0,0.5165824484090655
bci_errp,asr,mobilenet,8,149869551,balanced_accuracy,0.5028435981193375,0.6805882352941176,0.5028435981193375,0.7103842489679263,0.9278307756117792,0.5033059632733188
bci_errp,asr,mobilenet,9,2044435244,balanced_accuracy,0.4965954827029301,0.5926470588235294,0.4965954827029301,0.7071890145395799,0.7262546661136458,0.5040212138584571
bci_errp,asr,mobilenet,10,1786428360,balanced_accuracy,0.5,0.7091176470588235,0.5,0.7091176470588235,1.0,0.4996894499804779
bci_errp,asr,random_forest,1,2013945970,balanced_accuracy,0.5635769910324225,0.7079411764705882,0.5635769910324225,0.7392037786774629,0.9087515553712152,0.6449536775119429
bci_errp,asr,random_forest,2,61155527,balanced_accuracy,0.5615165828677879,0.7020588235294117,0.5615165828677879,0.7385665529010239,0.8975528826213189,0.6415736938761046
bci_errp,asr,random_forest,3,1072713694,balanced_accuracy,0.5601680702576958,0.7035294117647058,0.5601680702576958,0.7377160284649271,0.9029448361675654,0.6276842865883909
bci_errp,asr,random_forest,4,2111243235,balanced_accuracy,0.5528436190882788,0.7011764705882353,0.5528436190882788,0.7339818852733981,0.9075072583990046,0.6380936883906296
bci_errp,asr,random_forest,5,1626406676,balanced_accuracy,0.5643291469541145,0.7064705882352941,0.5643291469541145,0.7397353240583644,0.904189133139776,0.6526310359621535
bci_errp,asr,random_forest,6,126691620,balanced_accuracy,0.5642641432363212,0.7076470588235294,0.5642641432363212,0.7396009469056476,0.907092492741601,0.6454516898660042
bci_errp,asr,random_forest,7,28155425,balanced_accuracy,0.556525974856562,0.6979411764705883,0.556525974856562,0.7361774744027304,0.894649523019494,0.6402618769131538
bci_errp,asr,random_forest,8,149869551,balanced_accuracy,0.5553590532774665,0.6988235294117647,0.5553590532774665,0.7354838709677419,0.8983824139361261,0.6345893589333351
bci_errp,asr,random_forest,9,2044435244,balanced_accuracy,0.5640443887322975,0.7035294117647058,0.5640443887322975,0.7398290598290598,0.8975528826213189,0.643296711776451
bci_errp,asr,random_forest,10,1786428360,balanced_accuracy,0.5575494688776877,0.7023529411764706,0.5575494688776877,0.7363974315647178,0.9037743674823724,0.6392641746897331
bci_errp,asr,svm,1,2013945970,balanced_accuracy,0.5844578627029217,0.6538235294117647,0.5844578627029217,0.7588087248322147,0.7503110742430527,0.6085710966630447
bci_errp,asr,svm,2,61155527,balanced_accuracy,0.590627763968565,0.6608823529411765,0.590627763968565,0.7620833333333333,0.758606387391124,0.6160398141480802
bci_errp,asr,svm,3,1072713694,balanced_accuracy,0.5965644906078015,0.6667647058823529,0.5965644906078015,0.7653654485049833,0.7644131065947739,0.6322433537892345
bci_errp,asr,svm,4,2111243235,balanced_accuracy,0.5902377416618053,0.6679411764705883,0.5902377416618053,0.760569105691057,0.7760265450020738,0.6185082779089269
bci_errp,asr,svm,5,1626406676,balanced_accuracy,0.5925592131446744,0.6623529411764706,0.5925592131446744,0.7632346811171321,0.7594359187059312,0.619169218936296
bci_errp,asr,svm,6,126691620,balanced_accuracy,0.5845610298937419,0.6573529411764706,0.5845610298937419,0.7582918739635157,0.758606387391124,0.6056469778094082
bci_errp,asr,svm,7,28155425,balanced_accuracy,0.5939985212702649,0.6605882352941177,0.5939985212702649,0.7646315789473684,0.7532144338448776,0.6211189110912698
bci_errp,asr,svm,8,149869551,balanced_accuracy,0.5931689899554577,0.6594117647058824,0.5931689899554577,0.7642345002108815,0.7515553712152634,0.6207632778481169
bci_errp,asr,svm,9,2044435244,balanced_accuracy,0.5972908547317883,0.6644117647058824,0.5972908547317883,0.7663590604026845,0.7577768560763168,0.6249935520505737
bci_errp,asr,svm,10,1786428360,balanced_accuracy,0.5991180882700162,0.6691176470588235,0.5991180882700162,0.7668049792531121,0.7664869348817918,0.6204030314378948
bci_errp,asr,vit,1,2013945970,balanced_accuracy,0.5197401612679331,0.4867647058823529,0.5197401612679331,0.7280821917808219,0.4408958938199917,0.5171255439867577
bci_errp,asr,vit,2,61155527,balanced_accuracy,0.5086763188101049,0.6047058823529412,0.5086763188101049,0.7139991977537103,0.7382828701783493,0.5197313543126193
bci_errp,asr,vit,3,1072713694,balanced_accuracy,0.524182431466161,0.6829411764705883,0.524182431466161,0.7203305785123967,0.9037743674823724,0.5635264558840736
bci_errp,asr,vit,4,2111243235,balanced_accuracy,0.5494112130993815,0.5973529411764706,0.5494112130993815,0.7412037037037037,0.6640398175031107,0.5777580762925569
bci_errp,asr,vit,5,1626406676,balanced_accuracy,0.5605769646115566,0.5747058823529412,0.5605769646115566,0.7538137822198843,0.5943591870593115,0.5820915176858341
bci_errp,asr,vit,6,126691620,balanced_accuracy,0.5675164260201075,0.6352941176470588,0.5675164260201075,0.7494674051981253,0.7295727913728743,0.5956902954481881
bci_errp,asr,vit,7,28155425,balanced_accuracy,0.5130963619306356,0.6097058823529412,0.5130963619306356,0.7164536741214057,0.7440895893819992,0.5405092684817103
bci_errp,asr,vit,8,149869551,balanced_accuracy,0.5681406714003352,0.6226470588235294,0.5681406714003352,0.7517857142857143,0.6984653670676068,0.5794020412844902
bci_errp,asr,vit,9,2044435244,balanced_accuracy,0.5142643319567923,0.6020588235294118,0.5142643319567923,0.7173377156943304,0.724180837826628,0.5480253757739112
bci_errp,asr,vit,10,1786428360,balanced_accuracy,0.5613094097284983,0.616764705882353,0.5613094097284983,0.7475424486148347,0.6939029448361675,0.5872393927562374
bci_errp,asr20,eegnet,1,2013945970,balanced_accuracy,0.603758095583983,0.5932352941176471,0.603758095583983,0.7917139614074915,0.578598092077976,0.6360429259389577
bci_errp,asr20,eegnet,2,61155527,balanced_accuracy,0.6399943132231402,0.67,0.6399943132231402,0.8007466168922072,0.711737868104521,0.6862222313553611
bci_errp,asr20,eegnet,3,1072713694,balanced_accuracy,0.6353513702574021,0.6811764705882353,0.6353513702574021,0.7929359823399559,0.7449191206968063,0.681560626031934
bci_errp,asr20,eegnet,4,2111243235,balanced_accuracy,0.6417607368318194,0.6488235294117647,0.6417607368318194,0.810617662072486,0.6586478639568644,0.6746639412634794
bci_errp,asr20,eegnet,5,1626406676,balanced_accuracy,0.6337099215384157,0.6488235294117647,0.6337099215384157,0.8022851465474417,0.6698465367067606,0.6851660257859264
bci_errp,asr20,eegnet,6,126691620,balanced_accuracy,0.5873922563377576,0.625,0.5873922563377576,0.7666666666666667,0.6773123185400249,0.6041546182625219
bci_errp,asr20,eegnet,7,28155425,balanced_accuracy,0.6250224891894623,0.6576470588235294,0.6250224891894623,0.7909472701819878,0.7030277892990461,0.6592085734451846
bci_errp,asr20,eegnet,8,149869551,balanced_accuracy,0.6173430338451292,0.6873529411764706,0.6173430338451292,0.7766830870279147,0.7847366238075487,0.6721472489378183
bci_errp,asr20,eegnet,9,2044435244,balanced_accuracy,0.6492462294698338,0.6158823529411764,0.6492462294698338,0.8366849482023156,0.5694732476150974,0.7174011597502012
bci_errp,asr20,eegnet,10,1786428360,balanced_accuracy,0.6651216051808383,0.7373529411764705,0.6651216051808383,0.8009516256938938,0.8378266279552053,0.7165150122940903
bci_errp,asr20,lightgbm,1,2013945970,balanced_accuracy,0.6080158390994427,0.7252941176470589,0.6080158390994427,0.7630922693266833,0.8884280381584405,0.6737673093367567
bci_errp,asr20,lightgbm,2,61155527,balanced_accuracy,0.6036989631697323,0.7238235294117648,0.6036989631697323,0.7606232294617564,0.8909166321028619,0.6604654517821293
bci_errp,asr20,lightgbm,3,1072713694,balanced_accuracy,0.5900230197036753,0.715,0.5900230197036753,0.7535161744022504,0.888842803815844,0.6562041435466616
bci_errp,asr20,lightgbm,4,2111243235,balanced_accuracy,0.5956615679987116,0.7208823529411764,0.5956615679987116,0.7561317449194114,0.8950642886768976,0.6561416561018151
bci_errp,asr20,lightgbm,5,1626406676,balanced_accuracy,0.5983833365695399,0.7255882352941176,0.5983833365695399,0.7571329157967989,0.9025300705101618,0.66017859666619
bci_errp,asr20,lightgbm,6,126691620,balanced_accuracy,0.5954799769677149,0.7214705882352941,0.5954799769677149,0.7559440559440559,0.8967233513065118,0.6616057428058708
bci_errp,asr20,lightgbm,7,28155425,balanced_accuracy,0.6009245625564327,0.7241176470588235,0.6009245625564327,0.7588752196836556,0.8954790543343011,0.6586004741496989
bci_errp,asr20,lightgbm,8,149869551,balanced_accuracy,0.5971514112726511,0.7276470588235294,0.5971514112726511,0.7561228009658503,0.9091663210286188,0.6587183195993759
bci_errp,asr20,lightgbm,9,2044435244,balanced_accuracy,0.5824385536630853,0.7173529411764706,0.5824385536630853,0.7487989018531228,0.9050186644545832,0.6491694831449553
bci_errp,asr20,lightgbm,10,1786428360,balanced_accuracy,0.594974415794813,0.7211764705882353,0.594974415794813,0.7556798322264943,0.8967233513065118,0.6642172147458627
bci_errp,asr20,logistic_regression,1,2013945970,balanced_accuracy,0.6397095550013231,0.6670588235294118,0.6397095550013231,0.8015087223008015,0.7051016175860638,0.6893656853341966
bci_errp,asr20,logistic_regression,2,61155527,balanced_accuracy,0.6376346782672442,0.6708823529411765,0.6376346782672442,0.7982456140350878,0.7171298216507673,0.6929920540294128
bci_errp,asr20,logistic_regression,3,1072713694,balanced_accuracy,0.64966497922607,0.6744117647058824,0.64966497922607,0.8084200567644276,0.708834508502696,0.6960396799468563
bci_errp,asr20,logistic_regression,4,2111243235,balanced_accuracy,0.6416007438102831,0.6773529411764706,0.6416007438102831,0.7997262773722628,0.7270841974284529,0.6936722864827075
bci_errp,asr20,logistic_regression,5,1626406676,balanced_accuracy,0.6404998743960422,0.6702941176470588,0.6404998743960422,0.8011204481792717,0.711737868104521,0.6860903367150644
bci_errp,asr20,logistic_regression,6,126691620,balanced_accuracy,0.6369877864304949,0.6623529411764706,0.6369877864304949,0.800571156592099,0.6976358357527996,0.6841523871671757
bci_errp,asr20,logistic_regression,7,28155425,balanced_accuracy,0.6468503182456209,0.6835294117647058,0.6468503182456209,0.8024467603081106,0.7345499792617172,0.6850888600822234
bci_errp,asr20,logistic_regression,8,149869551,balanced_accuracy,0.6410570191643541,0.6723529411764706,0.6410570191643541,0.8009280742459397,0.7158855246785566,0.6890377310934589
bci_errp,asr20,logistic_regression,9,2044435244,balanced_accuracy,0.6431958511691653,0.6741176470588235,0.6431958511691653,0.8023201856148492,0.7171298216507673,0.6901578919336258
bci_errp,asr20,logistic_regression,10,1786428360,balanced_accuracy,0.650570837486931,0.685,0.650570837486931,0.8053783044667274,0.7328909166321028,0.6992135388904663
bci_errp,asr20,mlp,1,2013945970,balanced_accuracy,0.6140444097012387,0.7241176470588235,0.6140444097012387,0.7671381936887922,0.8772293654085441,0.6679436052907155
bci_errp,asr20,mlp,2,61155527,balanced_accuracy,0.6018593579561825,0.7152941176470589,0.6018593579561825,0.7607517166606433,0.8730817088345085,0.6470361030648625
bci_errp,asr20,mlp,3,1072713694,balanced_accuracy,0.6054777584537335,0.7064705882352941,0.6054777584537335,0.7645076750280794,0.8469514724180838,0.6458834403657989
bci_errp,asr20,mlp,4,2111243235,balanced_accuracy,0.6103765225023998,0.7176470588235294,0.6103765225023998,0.7658482960791498,0.866860223973455,0.6699689953235066
bci_errp,asr20,mlp,5,1626406676,balanced_accuracy,0.6268918702995497,0.725,0.6268918702995497,0.7755787901418969,0.8614682704272086,0.6630169525502216
bci_errp,asr20,mlp,6,126691620,balanced_accuracy,0.6133180455772519,0.7264705882352941,0.6133180455772519,0.7662711254944264,0.8838656159270012,0.6575402844814318
bci_errp,asr20,mlp,7,28155425,balanced_accuracy,0.6017943542383892,0.7164705882352941,0.6017943542383892,0.7605329492257832,0.8759850684363335,0.6590825501084303
bci_errp,asr20,mlp,8,149869551,balanced_accuracy,0.6130993395202893,0.7155882352941176,0.6130993395202893,0.7680029695619897,0.85815014516798,0.6594820084387407
bci_errp,asr20,mlp,9,2044435244,balanced_accuracy,0.6016375065580364,0.7247058823529412,0.6016375065580364,0.7592267135325131,0.8958938199917047,0.6612517870780159
bci_errp,asr20,mlp,10,1786428360,balanced_accuracy,0.6181807430470136,0.7194117647058823,0.6181807430470136,0.7707172054998142,0.8602239734549979,0.6634094911299282
bci_errp,asr20,mobilenet,1,2013945970,balanced_accuracy,0.5040444893832153,0.7114705882352941,0.5040444893832153,0.7107900943396226,1.0,0.4834989110828822
bci_errp,asr20,mobilenet,2,61155527,balanced_accuracy,0.5002981783442001,0.7091176470588235,0.5002981783442001,0.709240729841083,0.9995852343425964,0.5301776614514114
bci_errp,asr20,mobilenet,3,1072713694,balanced_accuracy,0.5,0.7091176470588235,0.5,0.7091176470588235,1.0,0.5330713753402736
bci_errp,asr20,mobilenet,4,2111243235,balanced_accuracy,0.5388934018710168,0.6217647058823529,0.5388934018710168,0.731576780568135,0.7370385732061385,0.567901835159798
bci_errp,asr20,mobilenet,5,1626406676,balanced_accuracy,0.4944316976580628,0.668235294117647,0.4944316976580628,0.7066022544283413,0.909995852343426,0.5045917787491523
bci_errp,asr20,mobilenet,6,126691620,balanced_accuracy,0.4897671566828644,0.6514705882352941,0.4897671566828644,0.7043333333333334,0.876399834093737,0.5021159758588774
bci_errp,asr20,mobilenet,7,28155425,balanced_accuracy,0.4926921142941498,0.6835294117647058,0.4926921142941498,0.7059549521752545,0.9489838241393612,0.5217535990042269
bci_errp,asr20,mobilenet,8,149869551,balanced_accuracy,0.5094737676448399,0.6455882352941177,0.5094737676448399,0.7138297872340426,0.8349232683533804,0.5147625540002659
bci_errp,asr20,mobilenet,9,2044435244,balanced_accuracy,0.5329443035564583,0.6120588235294118,0.5329443035564583,0.7284518828451882,0.7221070095396102,0.5602720762061649
bci_errp,asr20,mobilenet,10,1786428360,balanced_accuracy,0.5069530912203463,0.6817647058823529,0.5069530912203463,0.712232513573938,0.9249274160099544,0.5170240543112352
bci_errp,asr20,random_forest,1,2013945970,balanced_accuracy,0.5823993417429971,0.7194117647058823,0.5823993417429971,0.7485499829409757,0.909995852343426,0.6596302588531918
bci_errp,asr20,random_forest,2,61155527,balanced_accuracy,0.5812716320839898,0.7182352941176471,0.5812716320839898,0.7480368726527825,0.9087515553712152,0.6584297869681386
bci_errp,asr20,random_forest,3,1072713694,balanced_accuracy,0.5872991542387247,0.7238235294117648,0.5872991542387247,0.7508520790729379,0.913728743260058,0.65272539619766
bci_errp,asr20,random_forest,4,2111243235,balanced_accuracy,0.5800531269094842,0.7173529411764706,0.5800531269094842,0.7474402730375427,0.9083367897138116,0.6509277288665575
bci_errp,asr20,random_forest,5,1626406676,balanced_accuracy,0.5768639606387811,0.7170588235294117,0.5768639606387811,0.745676500508647,0.9120696806304438,0.6594079880762211
bci_errp,asr20,random_forest,6,126691620,balanced_accuracy,0.5813882193971933,0.7188235294117648,0.5813882193971933,0.7480395499488578,0.909995852343426,0.650240786352071
bci_errp,asr20,random_forest,7,28155425,balanced_accuracy,0.5826459364917871,0.7176470588235294,0.5826459364917871,0.748885077186964,0.9054334301119868,0.6526159383244725
bci_errp,asr20,random_forest,8,149869551,balanced_accuracy,0.578951209048182,0.7170588235294117,0.578951209048182,0.7468483816013629,0.9091663210286188,0.6660977093947986
bci_errp,asr20,random_forest,9,2044435244,balanced_accuracy,0.5756330837889535,0.7123529411764706,0.5756330837889535,0.7454607742377527,0.9025300705101618,0.6549598465744508
bci_errp,asr20,random_forest,10,1786428360,balanced_accuracy,0.5721973227694603,0.7138235294117647,0.5721973227694603,0.7433987813134733,0.9108253836582332,0.6599999412869646
bci_errp,asr20,svm,1,2013945970,balanced_accuracy,0.6430029369099077,0.6641176470588235,0.6430029369099077,0.8057831325301205,0.693488179178764,0.691659058435826
bci_errp,asr20,svm,2,61155527,balanced_accuracy,0.6458536644692614,0.673235294117647,0.6458536644692614,0.8051643192488263,0.7113231024471174,0.6958857679182748
bci_errp,asr20,svm,3,1072713694,balanced_accuracy,0.6506121463011416,0.6694117647058824,0.6506121463011416,0.8113207547169812,0.6955620074657818,0.6983932339097975
bci_errp,asr20,svm,4,2111243235,balanced_accuracy,0.6437922078575655,0.6741176470588235,0.6437922078575655,0.802882380288238,0.7163002903359602,0.6943684553313323
bci_errp,asr20,svm,5,1626406676,balanced_accuracy,0.6381412878872073,0.6644117647058824,0.6381412878872073,0.8009478672985783,0.7009539610120282,0.6875170634759207
bci_errp,asr20,svm,6,126691620,balanced_accuracy,0.6346549917193651,0.6573529411764706,0.6346549917193651,0.8000963391136802,0.6889257569473247,0.6837124587803038
bci_errp,asr20,svm,7,28155425,balanced_accuracy,0.645528645880295,0.6791176470588235,0.645528645880295,0.8027522935779816,0.7258399004562422,0.6866592240904617
bci_errp,asr20,svm,8,149869551,balanced_accuracy,0.6438190481023318,0.668235294117647,0.6438190481023318,0.8050404184498335,0.702198257984239,0.6921310693027701
bci_errp,asr20,svm,9,2044435244,balanced_accuracy,0.6457628689537631,0.6735294117647059,0.6457628689537631,0.8049695264885138,0.7121526337619245,0.690174876776017
bci_errp,asr20,svm,10,1786428360,balanced_accuracy,0.651038235186806,0.6805882352941176,0.651038235186806,0.8074245939675174,0.7216922438822065,0.7025530524697428
bci_errp,asr20,vit,1,2013945970,balanced_accuracy,0.5370848306904779,0.5802941176470588,0.5370848306904779,0.7338403041825095,0.6403981750311074,0.5670282690684212
bci_errp,asr20,vit,2,61155527,balanced_accuracy,0.525991212336112,0.6394117647058823,0.525991212336112,0.7228281308762693,0.7971795935296557,0.5551986408771056
bci_errp,asr20,vit,3,1072713694,balanced_accuracy,0.5161584564175234,0.6770588235294117,0.5161584564175234,0.7165951831078852,0.9008710078805476,0.5769482557825001
bci_errp,asr20,vit,4,2111243235,balanced_accuracy,0.5601311649211421,0.6070588235294118,0.5601311649211421,0.7480387632671897,0.6723351306511821,0.6012936159219687
bci_errp,asr20,vit,5,1626406676,balanced_accuracy,0.5736276142503247,0.6029411764705882,0.5736276142503247,0.759667156142927,0.643716300290336,0.5954697021865154
bci_errp,asr20,vit,6,126691620,balanced_accuracy,0.5930008190468442,0.6570588235294118,0.5930008190468442,0.7645558861028474,0.7461634176690171,0.6361867728757519
bci_errp,asr20,vit,7,28155425,balanced_accuracy,0.5380349334173209,0.64,0.5380349334173209,0.72977158343012,0.7818332642057237,0.5867403319551148
bci_errp,asr20,vit,8,149869551,balanced_accuracy,0.5410127327604898,0.5820588235294117,0.5410127327604898,0.7366156787762906,0.6391538780588967,0.5709760916325957
bci_errp,asr20,vit,9,2044435244,balanced_accuracy,0.5461157342966745,0.6138235294117647,0.5461157342966745,0.7370466321243523,0.7080049771878888,0.5654409202177918
bci_errp,asr20,vit,10,1786428360,balanced_accuracy,0.5242950346805318,0.6255882352941177,0.5242950346805318,0.7224394057857702,0.7664869348817918,0.5554376868070552
bci_errp,bandpass,eegnet,1,2013945970,balanced_accuracy,0.6509958779255343,0.7029411764705882,0.6509958779255343,0.7997432605905006,0.7751970136872667,0.6910046177802363
bci_errp,bandpass,eegnet,2,61155527,balanced_accuracy,0.6732571349967855,0.6926470588235294,0.6732571349967855,0.8246197718631179,0.7196184155951887,0.7329643079263857
bci_errp,bandpass,eegnet,3,1072713694,balanced_accuracy,0.6349965757718983,0.6282352941176471,0.6349965757718983,0.8121937942297224,0.618830360846122,0.6913690579787031
bci_errp,bandpass,eegnet,4,2111243235,balanced_accuracy,0.6575662859685492,0.6352941176470588,0.6575662859685492,0.8359150889271372,0.6043135628369971,0.7026490902205471
bci_errp,bandpass,eegnet,5,1626406676,balanced_accuracy,0.6534289041757131,0.6467647058823529,0.6534289041757131,0.8245708154506438,0.6374948154292824,0.7009233463578417
bci_errp,bandpass,eegnet,6,126691620,balanced_accuracy,0.6191631379433411,0.6544117647058824,0.6191631379433411,0.7866419294990723,0.7034425549564496,0.6624310803324333
bci_errp,bandpass,eegnet,7,28155425,balanced_accuracy,0.6722676106604419,0.72,0.6722676106604419,0.8126875267895414,0.786395686437163,0.7068745415665225
bci_errp,bandpass,eegnet,8,149869551,balanced_accuracy,0.6128137425408233,0.6344117647058823,0.6128137425408233,0.7868369351669942,0.6644545831605143,0.6831332966237069
bci_errp,bandpass,eegnet,9,2044435244,balanced_accuracy,0.6511187559211047,0.6629411764705883,0.6511187559211047,0.8145201392342118,0.6793861468270427,0.7016752925901213
bci_errp,bandpass,eegnet,10,1786428360,balanced_accuracy,0.678630635874755,0.6520588235294118,0.678630635874755,0.8532796317606444,0.6150974699294899,0.7269235753386799
bci_errp,bandpass,lightgbm,1,2013945970,balanced_accuracy,0.5521956788044684,0.6994117647058824,0.5521956788044684,0.7337596768764726,0.904189133139776,0.6130110602777379
bci_errp,bandpass,lightgbm,2,61155527,balanced_accuracy,0.5419812881556096,0.69,0.5419812881556096,0.7289908876139048,0.8958938199917047,0.6058652644875463
bci_errp,bandpass,lightgbm,3,1072713694,balanced_accuracy,0.5440809082403326,0.6938235294117647,0.5440809082403326,0.7298657718120806,0.902115304852758,0.6088067875623984
bci_errp,bandpass,lightgbm,4,2111243235,balanced_accuracy,0.5401653778456426,0.6958823529411765,0.5401653778456426,0.7277538868673503,0.9124844462878474,0.600594930800397
bci_errp,bandpass,lightgbm,5,1626406676,balanced_accuracy,0.5520006676510886,0.7029411764705882,0.5520006676510886,0.7334221926024659,0.9128992119452508,0.6037276906192087
bci_errp,bandpass,lightgbm,6,126691620,balanced_accuracy,0.5511463929856375,0.6941176470588235,0.5511463929856375,0.7335604770017036,0.8929904603898797,0.6036622675225909
bci_errp,bandpass,lightgbm,7,28155425,balanced_accuracy,0.5465952939824591,0.6982352941176471,0.5465952939824591,0.7309103034344782,0.9091663210286188,0.6128617614162255
bci_errp,bandpass,lightgbm,8,149869551,balanced_accuracy,0.5457141790722417,0.6952941176470588,0.5457141790722417,0.7306273062730627,0.9033596018249688,0.5970977307831187
bci_errp,bandpass,lightgbm,9,2044435244,balanced_accuracy,0.5384671032959402,0.6955882352941176,0.5384671032959402,0.7269129287598944,0.9141435089174615,0.6010336010507955
bci_errp,bandpass,lightgbm,10,1786428360,balanced_accuracy,0.550548987850176,0.7008823529411765,0.550548987850176,0.7327989311957248,0.909995852343426,0.6043659851900561
bci_errp,bandpass,logistic_regression,1,2013945970,balanced_accuracy,0.6391224246470613,0.6911764705882353,0.6391224246470613,0.7931925894011203,0.7635835752799668,0.6973598844862967
bci_errp,bandpass,logistic_regression,2,61155527,balanced_accuracy,0.6477293362617158,0.7,0.6477293362617158,0.7978586723768737,0.7727084197428453,0.7020766381251418
bci_errp,bandpass,logistic_regression,3,1072713694,balanced_accuracy,0.6352192659276932,0.6970588235294117,0.6352192659276932,0.7883089770354906,0.7830775611779345,0.6925047358353754
bci_errp,bandpass,logistic_regression,4,2111243235,balanced_accuracy,0.6458236788833116,0.6994117647058824,0.6458236788833116,0.7964148527528809,0.7739527167150559,0.7032475438030699
bci_errp,bandpass,logistic_regression,5,1626406676,balanced_accuracy,0.6406906917611772,0.6938235294117647,0.6406906917611772,0.7937392795883362,0.7677312318540025,0.697330108589759
bci_errp,bandpass,logistic_regression,6,126691620,balanced_accuracy,0.6416244387138658,0.691764705882353,0.6416244387138658,0.7951494153313122,0.7615097469929489,0.6997834747129248
bci_errp,bandpass,logistic_regression,7,28155425,balanced_accuracy,0.6412354648541673,0.6920588235294117,0.6412354648541673,0.7947277441659464,0.7627540439651597,0.6986259891573798
bci_errp,bandpass,logistic_regression,8,149869551,balanced_accuracy,0.6417007656599198,0.7011764705882353,0.6417007656599198,0.7924528301886793,0.7839070924927416,0.6989677828993253
bci_errp,bandpass,logistic_regression,9,2044435244,balanced_accuracy,0.6437880140693208,0.7011764705882353,0.6437880140693208,0.794179671024884,0.7810037328909166,0.7032177679065322
bci_errp,bandpass,logistic_regression,10,1786428360,balanced_accuracy,0.6495565697999437,0.7047058823529412,0.6495565697999437,0.7979669631512071,0.7814184985483202,0.7073528431158337
bci_errp,bandpass,mlp,1,2013945970,balanced_accuracy,0.570500096666819,0.706764705882353,0.570500096666819,0.7431224209078404,0.8963085856491082,0.6312074880927867
bci_errp,bandpass,mlp,2,61155527,balanced_accuracy,0.5632024857421684,0.6985294117647058,0.5632024857421684,0.7397923875432526,0.8867689755288262,0.6172061066589389
bci_errp,bandpass,mlp,3,1072713694,balanced_accuracy,0.5973866827931804,0.7152941176470589,0.5973866827931804,0.7579549517340007,0.879303193695562,0.670320434778415
bci_errp,bandpass,mlp,4,2111243235,balanced_accuracy,0.5782135216959344,0.7088235294117647,0.5782135216959344,0.7473024712843718,0.8905018664454584,0.6611565880848604
bci_errp,bandpass,mlp,5,1626406676,balanced_accuracy,0.59942129916011,0.7202941176470589,0.59942129916011,0.7584985835694051,0.8884280381584405,0.6548617119295241
bci_errp,bandpass,mlp,6,126691620,balanced_accuracy,0.579235967269999,0.72,0.579235967269999,0.7467027392627663,0.915802571547076,0.650305580380452
bci_errp,bandpass,mlp,7,28155425,balanced_accuracy,0.5719517764677315,0.7088235294117647,0.5719517764677315,0.7437392795883362,0.8992119452509332,0.6431954317903408
bci_errp,bandpass,mlp,8,149869551,balanced_accuracy,0.5892719122290446,0.7097058823529412,0.5892719122290446,0.7537419814682823,0.8772293654085441,0.6734343225501251
bci_errp,bandpass,mlp,9,2044435244,balanced_accuracy,0.5866388422795923,0.7182352941176471,0.5866388422795923,0.7511234013135154,0.901285773537951,0.6683883565340689
bci_errp,bandpass,mlp,10,1786428360,balanced_accuracy,0.5614897426230216,0.7079411764705882,0.5614897426230216,0.738079247817327,0.9116549149730402,0.6180058620772085
bci_errp,bandpass,mobilenet,1,2013945970,balanced_accuracy,0.5,0.7091176470588235,0.5,0.7091176470588235,1.0,0.4963579045988662
bci_errp,bandpass,mobilenet,2,61155527,balanced_accuracy,0.5,0.7091176470588235,0.5,0.7091176470588235,1.0,0.510584492461456
bci_errp,bandpass,mobilenet,3,1072713694,balanced_accuracy,0.5158902636592732,0.6508823529411765,0.5158902636592732,0.7170212765957447,0.8386561592700125,0.5452750894430188
bci_errp,bandpass,mobilenet,4,2111243235,balanced_accuracy,0.5,0.2908823529411765,0.5,0.0,0.0,0.4864274334141756
bci_errp,bandpass,mobilenet,5,1626406676,balanced_accuracy,0.4999291249786641,0.5808823529411765,0.4999291249786641,0.7090754877014419,0.693488179178764,0.5184891542345309
bci_errp,bandpass,mobilenet,6,126691620,balanced_accuracy,0.5142167324602146,0.658235294117647,0.5142167324602146,0.716015219647181,0.8585649108253837,0.5057687654200351
bci_errp,bandpass,mobilenet,7,28155425,balanced_accuracy,0.5000144685694443,0.6994117647058824,0.5000144685694443,0.7091237579042458,0.9767731231854002,0.5129481115161845
bci_errp,bandpass,mobilenet,8,149869551,balanced_accuracy,0.5203115649162773,0.5641176470588235,0.5203115649162773,0.7227817745803358,0.6250518457071754,0.5351210893448841
bci_errp,bandpass,mobilenet,9,2044435244,balanced_accuracy,0.5,0.7091176470588235,0.5,0.7091176470588235,1.0,0.5097801238761173
bci_errp,bandpass,mobilenet,10,1786428360,balanced_accuracy,0.5,0.7091176470588235,0.5,0.7091176470588235,1.0,0.4656165980073634
bci_errp,bandpass,random_forest,1,2013945970,balanced_accuracy,0.5304318050190419,0.6791176470588235,0.5304318050190419,0.7235772357723578,0.885939444214019,0.5865033829192876
bci_errp,bandpass,random_forest,2,61155527,balanced_accuracy,0.543912737331719,0.6914705882352942,0.543912737331719,0.7299122214719784,0.8967233513065118,0.6079931926429211
bci_errp,bandpass,random_forest,3,1072713694,balanced_accuracy,0.5321940348394765,0.685,0.5321940348394765,0.7242302543507363,0.8975528826213189,0.5861739608526643
bci_errp,bandpass,random_forest,4,2111243235,balanced_accuracy,0.5201255704076236,0.6767647058823529,0.5201255704076236,0.7185209860093271,0.894649523019494,0.593978181397278
bci_errp,bandpass,random_forest,5,1626406676,balanced_accuracy,0.5310539535051473,0.68,0.5310539535051473,0.7238578680203046,0.8871837411862298,0.5899850659200605
bci_errp,bandpass,random_forest,6,126691620,balanced_accuracy,0.5267247059001149,0.6747058823529412,0.5267247059001149,0.7218633117987079,0.8805474906677727,0.5937814927286003
bci_errp,bandpass,random_forest,7,28155425,balanced_accuracy,0.5345794615930776,0.685,0.5345794615930776,0.7254374158815612,0.8942347573620905,0.5922518084663358
bci_errp,bandpass,random_forest,8,149869551,balanced_accuracy,0.5207869308138172,0.6755882352941176,0.5207869308138172,0.7188755020080321,0.8909166321028619,0.583896524146365
bci_errp,bandpass,random_forest,9,2044435244,balanced_accuracy,0.5265554865444402,0.6791176470588235,0.5265554865444402,0.7216252518468771,0.8913313977602655,0.5969052359026856
bci_errp,bandpass,random_forest,10,1786428360,balanced_accuracy,0.541528359025179,0.6847058823529412,0.541528359025179,0.7290455011974,0.8838656159270012,0.5906053272014558
bci_errp,bandpass,svm,1,2013945970,balanced_accuracy,0.6449683557707994,0.6973529411764706,0.6449683557707994,0.7963121783876501,0.7702198257984239,0.701454909017861
bci_errp,bandpass,svm,2,61155527,balanced_accuracy,0.6497773727510286,0.7020588235294117,0.6497773727510286,0.7989734816082121,0.7747822480298632,0.7031003418356798
bci_errp,bandpass,svm,3,1072713694,balanced_accuracy,0.6411817843646348,0.7038235294117647,0.6411817843646348,0.7912863070539419,0.7909581086686023,0.6959004461771313
bci_errp,bandpass,svm,4,2111243235,balanced_accuracy,0.6515788144915514,0.7058823529411765,0.6515788144915514,0.7993211709800594,0.7814184985483202,0.7071767040095551
bci_errp,bandpass,svm,5,1626406676,balanced_accuracy,0.6445143781933076,0.6988235294117647,0.6445143781933076,0.7954835960801022,0.7743674823724596,0.7017952349339205
bci_errp,bandpass,svm,6,126691620,balanced_accuracy,0.6547163971668444,0.7044117647058824,0.6547163971668444,0.8024956970740104,0.7735379510576524,0.7031770881605584
bci_errp,bandpass,svm,7,28155425,balanced_accuracy,0.6473145706043123,0.6994117647058824,0.6473145706043123,0.7976853836262323,0.7718788884280382,0.7027302400230826
bci_errp,bandpass,svm,8,149869551,balanced_accuracy,0.6428800589143373,0.7041176470588235,0.6428800589143373,0.7925864223240316,0.7892990460389879,0.7027398857360456
bci_errp,bandpass,svm,9,2044435244,balanced_accuracy,0.6480264661588548,0.706764705882353,0.6480264661588548,0.7960636515912898,0.7884695147241808,0.7083283182615574
bci_errp,bandpass,svm,10,1786428360,balanced_accuracy,0.6549619434685732,0.7094117647058824,0.6549619434685732,0.8011002962336013,0.7851513894649523,0.7116586055066956
bci_errp,bandpass,vit,1,2013945970,balanced_accuracy,0.551443942261601,0.5308823529411765,0.551443942261601,0.7540473225404732,0.5022812111157197,0.5698301389947238
bci_errp,bandpass,vit,2,61155527,balanced_accuracy,0.5244393009961505,0.6985294117647058,0.5244393009961505,0.72,0.94068851099129,0.5763762230659192
bci_errp,bandpass,vit,3,1072713694,balanced_accuracy,0.5074555070520647,0.7023529411764706,0.5074555070520647,0.7122913505311077,0.9734549979261716,0.4917856269650519
bci_errp,bandpass,vit,4,2111243235,balanced_accuracy,0.5303093464022959,0.5491176470588235,0.5303093464022959,0.7315400843881856,0.5752799668187474,0.5489800916678235
bci_errp,bandpass,vit,5,1626406676,balanced_accuracy,0.5512984178095088,0.5497058823529412,0.5512984178095088,0.75,0.5474906677727084,0.5764638732402341
bci_errp,bandpass,vit,6,126691620,balanced_accuracy,0.5574806907504741,0.5605882352941176,0.5574806907504741,0.7537354731599336,0.5649108253836582,0.5749146878626317
bci_errp,bandpass,vit,7,28155425,balanced_accuracy,0.5345941398519342,0.5902941176470589,0.5345941398519342,0.7311534968210718,0.6677727084197429,0.5553938617198977
bci_errp,bandpass,vit,8,149869551,balanced_accuracy,0.5351204602766474,0.5402941176470588,0.5351204602766474,0.7366071428571429,0.5474906677727084,0.5595377438845132
bci_errp,bandpass,vit,9,2044435244,balanced_accuracy,0.5125320877223074,0.57,0.5125320877223074,0.717162471395881,0.6499377851513894,0.5239471599456318
bci_errp,bandpass,vit,10,1786428360,balanced_accuracy,0.5080933822440876,0.601764705882353,0.5080933822440876,0.7137080469065912,0.7320613853172957,0.5410255238146362
bci_errp,ic_unet,eegnet,1,2013945970,balanced_accuracy,0.5742755545341351,0.6047058823529412,0.5742755545341351,0.7598636142230881,0.6470344255495645,0.5844995908959567
bci_errp,ic_unet,eegnet,2,61155527,balanced_accuracy,0.5775173528473097,0.6,0.5775173528473097,0.7636728549924736,0.631273330568229,0.6020296257589184
bci_errp,ic_unet,eegnet,3,1072713694,balanced_accuracy,0.5562579917877238,0.586764705882353,0.5562579917877238,0.7480276134122288,0.6291995022812111,0.57395347159694
bci_errp,ic_unet,eegnet,4,2111243235,balanced_accuracy,0.5827337963555141,0.6526470588235294,0.5827337963555141,0.757753562447611,0.7498963085856492,0.6131259700756433
bci_errp,ic_unet,eegnet,5,1626406676,balanced_accuracy,0.6006481919111051,0.6670588235294118,0.6006481919111051,0.7683592110784725,0.7594359187059312,0.6514999712725504
bci_errp,ic_unet,eegnet,6,126691620,balanced_accuracy,0.5886984116865781,0.6458823529411765,0.5886984116865781,0.7634220864251419,0.7254251347988386,0.6205422652076198
bci_errp,ic_unet,eegnet,7,28155425,balanced_accuracy,0.5671521955110529,0.643235294117647,0.5671521955110529,0.748135874067937,0.7490667772708419,0.5878187646022464
bci_errp,ic_unet,eegnet,8,149869551,balanced_accuracy,0.5871404193536618,0.6605882352941177,0.5871404193536618,0.7596034696406444,0.7627540439651597,0.623992285107145
bci_errp,ic_unet,eegnet,9,2044435244,balanced_accuracy,0.581480273049165,0.6267647058823529,0.581480273049165,0.7614468864468864,0.689755288262132,0.6282382860155196
bci_errp,ic_unet,eegnet,10,1786428360,balanced_accuracy,0.5780413666884884,0.6485294117647059,0.5780413666884884,0.7550335570469798,0.7465781833264206,0.6126327805780634
bci_errp,ic_unet,lightgbm,1,2013945970,balanced_accuracy,0.5033720154381733,0.6170588235294118,0.5033720154381733,0.7109166983643971,0.7751970136872667,0.5174308517709739
bci_errp,ic_unet,lightgbm,2,61155527,balanced_accuracy,0.5115383695977193,0.6244117647058823,0.5115383695977193,0.715261958997722,0.7814184985483202,0.5098983887046185
bci_errp,ic_unet,lightgbm,3,1072713694,balanced_accuracy,0.5060029884935031,0.6220588235294118,0.5060029884935031,0.7122926093514329,0.783492326835338,0.5201660404641852
bci_errp,ic_unet,lightgbm,4,2111243235,balanced_accuracy,0.5176824790656576,0.6305882352941177,0.5176824790656576,0.7185017026106697,0.7876399834093737,0.522201705278176
bci_errp,ic_unet,lightgbm,5,1626406676,balanced_accuracy,0.5051992489764011,0.6217647058823529,0.5051992489764011,0.711864406779661,0.7839070924927416,0.5094794292589702
bci_errp,ic_unet,lightgbm,6,126691620,balanced_accuracy,0.5103714480186238,0.6252941176470588,0.5103714480186238,0.7146092865232163,0.7851513894649523,0.5180104333063953
bci_errp,ic_unet,lightgbm,7,28155425,balanced_accuracy,0.5236842094226872,0.6352941176470588,0.5236842094226872,0.7216963271488073,0.7905433430111987,0.526723028384817
bci_errp,ic_unet,lightgbm,8,149869551,balanced_accuracy,0.5121470979614415,0.6282352941176471,0.5121470979614415,0.7155204810221721,0.7897138116963915,0.5189339054778843
bci_errp,ic_unet,lightgbm,9,2044435244,balanced_accuracy,0.5040973311150989,0.6214705882352941,0.5040973311150989,0.7112781954887218,0.7847366238075487,0.5184222633120275
bci_errp,ic_unet,lightgbm,10,1786428360,balanced_accuracy,0.5086742219159825,0.6182352941176471,0.5086742219159825,0.7137917787168652,0.7706345914558275,0.5109350931587151
bci_errp,ic_unet,logistic_regression,1,2013945970,balanced_accuracy,0.5436592228323252,0.5705882352941176,0.5436592228323252,0.7400302877334679,0.6080464537536292,0.5642146565350334
bci_errp,ic_unet,logistic_regression,2,61155527,balanced_accuracy,0.5517997851941661,0.5770588235294117,0.5517997851941661,0.7458312278928751,0.6121941103276649,0.5724260939182102
bci_errp,ic_unet,logistic_regression,3,1072713694,balanced_accuracy,0.5364905708962,0.566764705882353,0.5364905708962,0.7347347347347347,0.6088759850684363,0.5572655494135197
bci_errp,ic_unet,logistic_regression,4,2111243235,balanced_accuracy,0.5477687159333339,0.571764705882353,0.5477687159333339,0.7432501273560876,0.6051430941518042,0.566978362988309
bci_errp,ic_unet,logistic_regression,5,1626406676,balanced_accuracy,0.5434776318013285,0.5711764705882353,0.5434776318013285,0.7398087569199798,0.6097055163832434,0.5631779520809368
bci_errp,ic_unet,logistic_regression,6,126691620,balanced_accuracy,0.543062866143925,0.5705882352941176,0.543062866143925,0.7395465994962217,0.6088759850684363,0.5623366781590444
bci_errp,ic_unet,logistic_regression,7,28155425,balanced_accuracy,0.5390575886807978,0.5661764705882353,0.5390575886807978,0.7368421052631579,0.6038987971795935,0.5632416976622566
bci_errp,ic_unet,logistic_regression,8,149869551,balanced_accuracy,0.5361923925519998,0.566764705882353,0.5361923925519998,0.7345,0.6092907507258399,0.559331828881697
bci_errp,ic_unet,logistic_regression,9,2044435244,balanced_accuracy,0.5518255769918712,0.5779411764705882,0.5518255769918712,0.7457200402819738,0.6142679386146827,0.5720582986891476
bci_errp,ic_unet,logistic_regression,10,1786428360,balanced_accuracy,0.5451366944309428,0.5735294117647058,0.5451366944309428,0.7408521303258145,0.613023641642472,0.5629481324851257
bci_errp,ic_unet,mlp,1,2013945970,balanced_accuracy,0.5310344523898093,0.6385294117647059,0.5310344523898093,0.7257448433919023,0.7880547490667773,0.5415505861028762
bci_errp,ic_unet,mlp,2,61155527,balanced_accuracy,0.5188628207671361,0.6267647058823529,0.5188628207671361,0.7192780337941628,0.7768560763168809,0.5191352073136313
bci_errp,ic_unet,mlp,3,1072713694,balanced_accuracy,0.5162565910624501,0.6294117647058823,0.5162565910624501,0.7177449867574726,0.7868104520945666,0.5186244039054233
bci_errp,ic_unet,mlp,4,2111243235,balanced_accuracy,0.5247861272839895,0.6355882352941177,0.5247861272839895,0.7223065250379362,0.7897138116963915,0.5480543129127998
bci_errp,ic_unet,mlp,5,1626406676,balanced_accuracy,0.51987394311294,0.6273529411764706,0.51987394311294,0.7198308993082244,0.7768560763168809,0.5371240426105661
bci_errp,ic_unet,mlp,6,126691620,balanced_accuracy,0.5248377108793997,0.6373529411764706,0.5248377108793997,0.7222641509433962,0.7938614682704273,0.5336712967486819
bci_errp,ic_unet,mlp,7,28155425,balanced_accuracy,0.5164247619710637,0.6317647058823529,0.5164247619710637,0.7177752724539647,0.7922024056408129,0.5345494760071278
bci_errp,ic_unet,mlp,8,149869551,balanced_accuracy,0.5163608067003316,0.6261764705882353,0.5163608067003316,0.7178899082568807,0.7789299046038988,0.5221396372121541
bci_errp,ic_unet,mlp,9,2044435244,balanced_accuracy,0.5119520868080616,0.6317647058823529,0.5119520868080616,0.7153474544778893,0.7984238905018665,0.5226462468321172
bci_errp,ic_unet,mlp,10,1786428360,balanced_accuracy,0.5125360718211399,0.6279411764705882,0.5125360718211399,0.7157379518072289,0.7884695147241808,0.5200809065628174
bci_errp,ic_unet,mobilenet,1,2013945970,balanced_accuracy,0.5,0.7091176470588235,0.5,0.7091176470588235,1.0,0.4537567745406858
bci_errp,ic_unet,mobilenet,2,61155527,balanced_accuracy,0.5,0.7091176470588235,0.5,0.7091176470588235,1.0,0.5084831948614351
bci_errp,ic_unet,mobilenet,3,1072713694,balanced_accuracy,0.5,0.7091176470588235,0.5,0.7091176470588235,1.0,0.5101950992229329
bci_errp,ic_unet,mobilenet,4,2111243235,balanced_accuracy,0.5147357137554996,0.6555882352941177,0.5147357137554996,0.7163293789253314,0.851513894649523,0.535052730596495
bci_errp,ic_unet,mobilenet,5,1626406676,balanced_accuracy,0.4918151931721772,0.6535294117647059,0.4918151931721772,0.7052947052947053,0.8784736623807549,0.4875616434449621
bci_errp,ic_unet,mobilenet,6,126691620,balanced_accuracy,0.5341485498509317,0.5376470588235294,0.5341485498509317,0.7360720315137873,0.5425134798838657,0.5343360121854711
bci_errp,ic_unet,mobilenet,7,28155425,balanced_accuracy,0.5,0.7091176470588235,0.5,0.7091176470588235,1.0,0.5022413701273947
bci_errp,ic_unet,mobilenet,8,149869551,balanced_accuracy,0.4996894499804779,0.7052941176470588,0.4996894499804779,0.7089884307327202,0.9912899211945252,0.4985072210742892
bci_errp,ic_unet,mobilenet,9,2044435244,balanced_accuracy,0.5,0.7091176470588235,0.5,0.7091176470588235,1.0,0.5071470539266649
bci_errp,ic_unet,mobilenet,10,1786428360,balanced_accuracy,0.5,0.7091176470588235,0.5,0.7091176470588235,1.0,0.4586347793375408
bci_errp,ic_unet,random_forest,1,2013945970,balanced_accuracy,0.5241258153248571,0.63,0.5241258153248571,0.7221579961464355,0.7772708419742845,0.5450679163037293
bci_errp,ic_unet,random_forest,2,61155527,balanced_accuracy,0.5274047286639975,0.6367647058823529,0.5274047286639975,0.723744292237443,0.7888842803815844,0.555132379022839
bci_errp,ic_unet,random_forest,3,1072713694,balanced_accuracy,0.509917470441132,0.6267647058823529,0.509917470441132,0.7143393393393394,0.7892990460389879,0.5360013654974525
bci_errp,ic_unet,random_forest,4,2111243235,balanced_accuracy,0.5227122989969717,0.6326470588235295,0.5227122989969717,0.7212490479817213,0.7855661551223558,0.5541302733217612
bci_errp,ic_unet,random_forest,5,1626406676,balanced_accuracy,0.5172419216105488,0.6291176470588236,0.5172419216105488,0.718299164768413,0.7847366238075487,0.5448703888774026
bci_errp,ic_unet,random_forest,6,126691620,balanced_accuracy,0.5218311840867543,0.6297058823529412,0.5218311840867543,0.7208588957055214,0.7797594359187059,0.5458135718536419
bci_errp,ic_unet,random_forest,7,28155425,balanced_accuracy,0.5192507461797735,0.633235294117647,0.5192507461797735,0.7192916352675207,0.7917876399834094,0.5482208063061155
bci_errp,ic_unet,random_forest,8,149869551,balanced_accuracy,0.5144541008748662,0.6323529411764706,0.5144541008748662,0.7166853303471444,0.7963500622148486,0.54228135370452
bci_errp,ic_unet,random_forest,9,2044435244,balanced_accuracy,0.5272489294307059,0.638235294117647,0.5272489294307059,0.723589549413101,0.7926171712982165,0.5430326708685629
bci_errp,ic_unet,random_forest,10,1786428360,balanced_accuracy,0.5213245744667913,0.6361764705882353,0.5213245744667913,0.7203453453453453,0.795935296557445,0.553663504690123
bci_errp,ic_unet,svm,1,2013945970,balanced_accuracy,0.5475871249023372,0.5723529411764706,0.5475871249023372,0.7430167597765364,0.6068021567814185,0.5655717664110274
bci_errp,ic_unet,svm,2,61155527,balanced_accuracy,0.5516831978809627,0.5764705882352941,0.5516831978809627,0.7458227848101265,0.6109498133554542,0.572451676026503
bci_errp,ic_unet,svm,3,1072713694,balanced_accuracy,0.5382404290413126,0.5688235294117647,0.5382404290413126,0.7358961557663505,0.6113645790128578,0.558134292648415
bci_errp,ic_unet,svm,4,2111243235,balanced_accuracy,0.5453574973820277,0.5708823529411765,0.5453574973820277,0.7413793103448276,0.606387391124015,0.5670471411155225
bci_errp,ic_unet,svm,5,1626406676,balanced_accuracy,0.5467441734651469,0.5741176470588235,0.5467441734651469,0.7420814479638009,0.6121941103276649,0.5655983969663814
bci_errp,ic_unet,svm,6,126691620,balanced_accuracy,0.5475087010621608,0.5764705882352941,0.5475087010621608,0.7423864203694458,0.6167565325591041,0.5633608012484069
bci_errp,ic_unet,svm,7,28155425,balanced_accuracy,0.5390575886807978,0.5661764705882353,0.5390575886807978,0.7368421052631579,0.6038987971795935,0.5643127911799601
bci_errp,ic_unet,svm,8,149869551,balanced_accuracy,0.540171878217422,0.5702941176470588,0.540171878217422,0.7372627372627373,0.6121941103276649,0.5613150713426287
bci_errp,ic_unet,svm,9,2044435244,balanced_accuracy,0.5481308495482662,0.5773529411764706,0.5481308495482662,0.7427716849451645,0.6180008295313149,0.5728123418155496
bci_errp,ic_unet,svm,10,1786428360,balanced_accuracy,0.5438273937409388,0.5729411764705883,0.5438273937409388,0.7398699349674838,0.6134384072998755,0.5640884235088671
bci_errp,ic_unet,vit,1,2013945970,balanced_accuracy,0.5473034151275813,0.5626470588235294,0.5473034151275813,0.7441860465116279,0.5839900456242223,0.5483776539864683
bci_errp,ic_unet,vit,2,61155527,balanced_accuracy,0.5457741502441413,0.6429411764705882,0.5457741502441413,0.7342465753424657,0.7781003732890917,0.5627703158635492
bci_errp,ic_unet,vit,3,1072713694,balanced_accuracy,0.5070283697193391,0.6979411764705883,0.5070283697193391,0.7121397915389331,0.963500622148486,0.578127129658093
bci_errp,ic_unet,vit,4,2111243235,balanced_accuracy,0.5473816292783455,0.6435294117647059,0.5473816292783455,0.7351902706943899,0.7772708419742845,0.5632205190316207
bci_errp,ic_unet,vit,5,1626406676,balanced_accuracy,0.5379103779064525,0.5235294117647059,0.5379103779064525,0.7416004886988393,0.5035255080879303,0.5440775532097368
bci_errp,ic_unet,vit,6,126691620,balanced_accuracy,0.5357734331063515,0.5932352941176471,0.5357734331063515,0.7317403065825068,0.6731646619659892,0.5358220810499903
bci_errp,ic_unet,vit,7,28155425,balanced_accuracy,0.5066528159820237,0.6952941176470588,0.5066528159820237,0.7119950662966389,0.957693902944836,0.5159730909771065
bci_errp,ic_unet,vit,8,149869551,balanced_accuracy,0.5315576274733391,0.6088235294117647,0.5315576274733391,0.7277707543194268,0.7163002903359602,0.527604772363271
bci_errp,ic_unet,vit,9,2044435244,balanced_accuracy,0.5166732439245638,0.7014705882352941,0.5166732439245638,0.7163670179789212,0.9585234342596431,0.5615272770278119
bci_errp,ic_unet,vit,10,1786428360,balanced_accuracy,0.5325108755413657,0.648235294117647,0.5325108755413657,0.7260885746185337,0.8092077975943592,0.5580900481824331
bci_errp,ica,eegnet,1,2013945970,balanced_accuracy,0.6074062719780715,0.643235294117647,0.6074062719780715,0.7793843283582089,0.6930734135213604,0.6375543672223576
bci_errp,ica,eegnet,2,61155527,balanced_accuracy,0.5883918457658884,0.7,0.5883918457658884,0.7544822539334065,0.8552467855661551,0.633868027355242
bci_errp,ica,eegnet,3,1072713694,balanced_accuracy,0.6122647756595885,0.663235294117647,0.6122647756595885,0.7783641160949868,0.7341352136043136,0.6567887576279766
bci_errp,ica,eegnet,4,2111243235,balanced_accuracy,0.5997423336502439,0.6564705882352941,0.5997423336502439,0.7698653929656969,0.7353795105765243,0.6247696037583053
bci_errp,ica,eegnet,5,1626406676,balanced_accuracy,0.5983822881224787,0.7323529411764705,0.5983822881224787,0.7562307954933425,0.9187059311489008,0.6633354707674086
bci_errp,ica,eegnet,6,126691620,balanced_accuracy,0.6166011527046369,0.7061764705882353,0.6166011527046369,0.7721665381649961,0.8307756117793447,0.6569676226966141
bci_errp,ica,eegnet,7,28155425,balanced_accuracy,0.5859032518214671,0.6964705882352941,0.5859032518214671,0.7533994854832782,0.8502695976773124,0.6357439088371086
bci_errp,ica,eegnet,8,149869551,balanced_accuracy,0.6049845689561535,0.71,0.6049845689561535,0.7635960044395117,0.8560763168809623,0.6496932872967218
bci_errp,ica,eegnet,9,2044435244,balanced_accuracy,0.6256672841320892,0.6797058823529412,0.6256672841320892,0.7851596203623814,0.7548734964744919,0.6670243269074712
bci_errp,ica,eegnet,10,1786428360,balanced_accuracy,0.5993749578000058,0.6847058823529412,0.5993749578000058,0.764102564102564,0.8034010783907093,0.6569787362354627
bci_errp,ica,lightgbm,1,2013945970,balanced_accuracy,0.5972092855504284,0.6888235294117647,0.5972092855504284,0.7619047619047619,0.8162588137702198,0.6471539485145392
bci_errp,ica,lightgbm,2,61155527,balanced_accuracy,0.594215130433105,0.685,0.594215130433105,0.76049766718507,0.811281625881377,0.646555914310841
bci_errp,ica,lightgbm,3,1072713694,balanced_accuracy,0.6032502278275463,0.6914705882352942,0.6032502278275463,0.765600624024961,0.814184985483202,0.6468909979915949
bci_errp,ica,lightgbm,4,2111243235,balanced_accuracy,0.6076578992727552,0.6926470588235294,0.6076578992727552,0.7684748427672956,0.8108668602239735,0.6552999628010983
bci_errp,ica,lightgbm,5,1626406676,balanced_accuracy,0.5864356532391353,0.6908823529411765,0.5864356532391353,0.7544910179640718,0.836167565325591,0.6364887256293723
bci_errp,ica,lightgbm,6,126691620,balanced_accuracy,0.6078002783836637,0.6941176470588235,0.6078002783836637,0.7682974559686888,0.814184985483202,0.6517629217954949
bci_errp,ica,lightgbm,7,28155425,balanced_accuracy,0.598427790724934,0.6897058823529412,0.598427790724934,0.762587141750581,0.8166735794276234,0.6547631579057732
bci_errp,ica,lightgbm,8,149869551,balanced_accuracy,0.5896640314299266,0.6891176470588235,0.5896640314299266,0.7568285280728376,0.8274574865201161,0.6415531443137055
bci_errp,ica,lightgbm,9,2044435244,balanced_accuracy,0.5975590474900387,0.6905882352941176,0.5975590474900387,0.761849710982659,0.8199917046868519,0.6503252911852022
bci_errp,ica,lightgbm,10,1786428360,balanced_accuracy,0.5988425563823376,0.6902941176470588,0.5988425563823376,0.7627708978328174,0.8175031107424305,0.6497012554943868
bci_errp,ica,logistic_regression,1,2013945970,balanced_accuracy,0.5792248537311505,0.6244117647058823,0.5792248537311505,0.7600917431192661,0.6872666943177105,0.5862903384764555
bci_errp,ica,logistic_regression,2,61155527,balanced_accuracy,0.5919928420422239,0.6361764705882353,0.5919928420422239,0.7680365296803653,0.6976358357527996,0.6076383981574172
bci_errp,ica,logistic_regression,3,1072713694,balanced_accuracy,0.5761130628535626,0.6267647058823529,0.5761130628535626,0.7572072072072072,0.6972210700953961,0.5851894690622145
bci_errp,ica,logistic_regression,4,2111243235,balanced_accuracy,0.5769436426154309,0.6211764705882353,0.5769436426154309,0.7588750576302443,0.6827042720862713,0.588638859893503
bci_errp,ica,logistic_regression,5,1626406676,balanced_accuracy,0.5857176766916379,0.6391176470588236,0.5857176766916379,0.7624113475177305,0.7133969307341352,0.5948054061285505
bci_errp,ica,logistic_regression,6,126691620,balanced_accuracy,0.585161580370387,0.6302941176470588,0.585161580370387,0.7637111517367459,0.6930734135213604,0.598956417733182
bci_errp,ica,logistic_regression,7,28155425,balanced_accuracy,0.5825161387456128,0.635,0.5825161387456128,0.7606951871657754,0.7080049771878888,0.5945571338644626
bci_errp,ica,logistic_regression,8,149869551,balanced_accuracy,0.5839172833981763,0.6285294117647059,0.5839172833981763,0.7630614115490376,0.6905848195769391,0.596020346583048
bci_errp,ica,logistic_regression,9,2044435244,balanced_accuracy,0.5921733846261594,0.6423529411764706,0.5921733846261594,0.7668602054488611,0.7121526337619245,0.6001478729735091
bci_errp,ica,logistic_regression,10,1786428360,balanced_accuracy,0.5685285968129725,0.6291176470588236,0.5685285968129725,0.7510917030567685,0.7133969307341352,0.5862140115304014
bci_errp,ica,mlp,1,2013945970,balanced_accuracy,0.5957597026436383,0.673235294117647,0.5957597026436383,0.7635847526358476,0.7810037328909166,0.6159701972632177
bci_errp,ica,mlp,2,61155527,balanced_accuracy,0.6204940366428054,0.6829411764705883,0.6204940366428054,0.7801597309794032,0.7698050601410203,0.6439654113120727
bci_errp,ica,mlp,3,1072713694,balanced_accuracy,0.6130024630118361,0.6714705882352942,0.6130024630118361,0.7769691780821918,0.7527996681874741,0.6388229881663877
bci_errp,ica,mlp,4,2111243235,balanced_accuracy,0.6103693930623838,0.68,0.6103693930623838,0.7730086669418077,0.7768560763168809,0.6409496581852892
bci_errp,ica,mlp,5,1626406676,balanced_accuracy,0.5811386889966319,0.6558823529411765,0.5811386889966319,0.756087494841106,0.7598506843633347,0.6036392016872449
bci_errp,ica,mlp,6,126691620,balanced_accuracy,0.6069873125324232,0.6697058823529412,0.6069873125324232,0.7726502963590178,0.7569473247615097,0.6274154647619039
bci_errp,ica,mlp,7,28155425,balanced_accuracy,0.6068696767721586,0.6758823529411765,0.6068696767721586,0.7712391214256112,0.7718788884280382,0.6165061634008939
bci_errp,ica,mlp,8,149869551,balanced_accuracy,0.5912251691040264,0.6541176470588236,0.5912251691040264,0.7637761640324647,0.7416009954375777,0.6062412376036861
bci_errp,ica,mlp,9,2044435244,balanced_accuracy,0.6045358336139677,0.6776470588235294,0.6045358336139677,0.7691363078182563,0.7793446702613024,0.6214372196190446
bci_errp,ica,mlp,10,1786428360,balanced_accuracy,0.598249345035121,0.67,0.598249345035121,0.7659925711927362,0.7698050601410203,0.6112207320760636
bci_errp,ica,mobilenet,1,2013945970,balanced_accuracy,0.5013093006900039,0.7097058823529412,0.5013093006900039,0.709658421672556,0.9995852343425964,0.5503684452662405
bci_errp,ica,mobilenet,2,61155527,balanced_accuracy,0.5006882006509599,0.7020588235294117,0.5006882006509599,0.7094068304373876,0.9821650767316468,0.5156916877858853
bci_errp,ica,mobilenet,3,1072713694,balanced_accuracy,0.5,0.7091176470588235,0.5,0.7091176470588235,1.0,0.520701587223037
bci_errp,ica,mobilenet,4,2111243235,balanced_accuracy,0.4997926171712982,0.7088235294117647,0.4997926171712982,0.7090320682553692,0.9995852343425964,0.5191396107912881
bci_errp,ica,mobilenet,5,1626406676,balanced_accuracy,0.5,0.7091176470588235,0.5,0.7091176470588235,1.0,0.546552727031775
bci_errp,ica,mobilenet,6,126691620,balanced_accuracy,0.5190783814829152,0.6579411764705883,0.5190783814829152,0.7184873949579832,0.8510991289921195,0.5573857014467312
bci_errp,ica,mobilenet,7,28155425,balanced_accuracy,0.5,0.7091176470588235,0.5,0.7091176470588235,1.0,0.5510459517571763
bci_errp,ica,mobilenet,8,149869551,balanced_accuracy,0.5084567739954933,0.5155882352941177,0.5084567739954933,0.715819209039548,0.5255080879303193,0.5150617807915272
bci_errp,ica,mobilenet,9,2044435244,balanced_accuracy,0.5024453979255007,0.6567647058823529,0.5024453979255007,0.7102772143340095,0.8714226462048942,0.5233470288478113
bci_errp,ica,mobilenet,10,1786428360,balanced_accuracy,0.5,0.7091176470588235,0.5,0.7091176470588235,1.0,0.5025925998928906
bci_errp,ica,random_forest,1,2013945970,balanced_accuracy,0.5630095714829109,0.6885294117647058,0.5630095714829109,0.7405693950177936,0.8631273330568229,0.6340030673367222
bci_errp,ica,random_forest,2,61155527,balanced_accuracy,0.5855019062864466,0.6929411764705883,0.5855019062864466,0.7536178107606679,0.8423890501866446,0.6452583562279224
bci_errp,ica,random_forest,3,1072713694,balanced_accuracy,0.5732508023765359,0.6920588235294117,0.5732508023765359,0.7462093862815884,0.8573206138531729,0.6445693168193136
bci_errp,ica,random_forest,4,2111243235,balanced_accuracy,0.5719807136066202,0.6894117647058824,0.5719807136066202,0.7457381211461733,0.8527581916217337,0.6384625320667534
bci_errp,ica,random_forest,5,1626406676,balanced_accuracy,0.5693879040243173,0.6891176470588235,0.5693879040243173,0.7442279942279942,0.8556615512235587,0.6343909927493595
bci_errp,ica,random_forest,6,126691620,balanced_accuracy,0.5834136094299844,0.6997058823529412,0.5834136094299844,0.7514471780028944,0.8614682704272086,0.6347952739361513
bci_errp,ica,random_forest,7,28155425,balanced_accuracy,0.5736655680339395,0.6926470588235294,0.5736655680339395,0.7463924963924964,0.85815014516798,0.6332637024691767
bci_errp,ica,random_forest,8,149869551,balanced_accuracy,0.5710727584516366,0.6923529411764706,0.5710727584516366,0.7448869752421959,0.861053504769805,0.640243424244877
bci_errp,ica,random_forest,9,2044435244,balanced_accuracy,0.5704650785349756,0.6817647058823529,0.5704650785349756,0.7456561922365988,0.8365823309829946,0.6340500377650631
bci_errp,ica,random_forest,10,1786428360,balanced_accuracy,0.5707487883097314,0.6914705882352942,0.5707487883097314,0.7447879223580158,0.8593944421401908,0.6381503045319334
bci_errp,ica,svm,1,2013945970,balanced_accuracy,0.5768910105729596,0.6261764705882353,0.5768910105729596,0.7579185520361991,0.6947324761509747,0.587983370790852
bci_errp,ica,svm,2,61155527,balanced_accuracy,0.5940408785315366,0.638235294117647,0.5940408785315366,0.769265845873233,0.6997096640398175,0.6108965522447461
bci_errp,ica,svm,3,1072713694,balanced_accuracy,0.5765670404310543,0.6252941176470588,0.5765670404310543,0.7578231292517007,0.6930734135213604,0.5838988307298995
bci_errp,ica,svm,4,2111243235,balanced_accuracy,0.5784603261341367,0.6220588235294118,0.5784603261341367,0.7599261311172668,0.6827042720862713,0.5883654248999467
bci_errp,ica,svm,5,1626406676,balanced_accuracy,0.5856784647715497,0.6411764705882353,0.5856784647715497,0.7619885613726353,0.7183741186229781,0.5980501400934963
bci_errp,ica,svm,6,126691620,balanced_accuracy,0.5911117271320065,0.633235294117647,0.5911117271320065,0.7679558011049724,0.6918291165491497,0.5994114437577349
bci_errp,ica,svm,7,28155425,balanced_accuracy,0.5875583303522489,0.6408823529411765,0.5875583303522489,0.7635075287865367,0.7150559933637495,0.5957777359330907
bci_errp,ica,svm,8,149869551,balanced_accuracy,0.5837356923671796,0.6291176470588236,0.5837356923671796,0.7627970749542962,0.6922438822065533,0.5980430106534802
bci_errp,ica,svm,9,2044435244,balanced_accuracy,0.5948569897239606,0.6423529411764706,0.5948569897239606,0.7690229626294462,0.7084197428452924,0.6024370522868937
bci_errp,ica,svm,10,1786428360,balanced_accuracy,0.5785356046331296,0.638235294117647,0.5785356046331296,0.7570744449281672,0.721277478224803,0.5883754899917341
bci_errp,ica,vit,1,2013945970,balanced_accuracy,0.5469609923173994,0.5135294117647059,0.5469609923173994,0.7531772575250836,0.4670261302364164,0.5577474156828389
bci_errp,ica,vit,2,61155527,balanced_accuracy,0.5011608405861406,0.6638235294117647,0.5011608405861406,0.7096560846560847,0.8900871007880548,0.4751727735912122
bci_errp,ica,vit,3,1072713694,balanced_accuracy,0.5029817834420014,0.7091176470588235,0.5029817834420014,0.7103550295857988,0.9958523434259644,0.568647910088535
bci_errp,ica,vit,4,2111243235,balanced_accuracy,0.5240868130941811,0.5470588235294118,0.5240868130941811,0.7267048412285269,0.5790128577353795,0.5359455881137977
bci_errp,ica,vit,5,1626406676,balanced_accuracy,0.5227424942723337,0.5214705882352941,0.5227424942723337,0.7276422764227642,0.5197013687266694,0.529171361962089
bci_errp,ica,vit,6,126691620,balanced_accuracy,0.5410943019418497,0.5576470588235294,0.5410943019418497,0.739566825145272,0.5806719203649938,0.5659102051223768
bci_errp,ica,vit,7,28155425,balanced_accuracy,0.5086937230313204,0.6597058823529411,0.5086937230313204,0.713265306122449,0.8697635835752799,0.5239266103832325
bci_errp,ica,vit,8,149869551,balanced_accuracy,0.5250392224045588,0.508235294117647,0.5250392224045588,0.7310819262038775,0.4848610535047698,0.5437208715195228
bci_errp,ica,vit,9,2044435244,balanced_accuracy,0.5590560873046062,0.6008823529411764,0.5590560873046062,0.7481167608286252,0.659062629614268,0.5749155266202806
bci_errp,ica,vit,10,1786428360,balanced_accuracy,0.5320032174743414,0.6614705882352941,0.5320032174743414,0.7251608291636884,0.8415595188718374,0.5631385304714362
bci_errp,raw,eegnet,1,2013945970,balanced_accuracy,0.6516224298892965,0.591764705882353,0.6516224298892965,0.8579426172148356,0.5085026959767731,0.7228621011130734
bci_errp,raw,eegnet,2,61155527,balanced_accuracy,0.6680251744720754,0.6564705882352941,0.6680251744720754,0.8368563685636856,0.6403981750311074,0.7297023794296364
bci_errp,raw,eegnet,3,1072713694,balanced_accuracy,0.6862861866260932,0.6929411764705883,0.6862861866260932,0.8385339276869738,0.702198257984239,0.7352218241385224
bci_errp,raw,eegnet,4,2111243235,balanced_accuracy,0.6603798985019369,0.6329411764705882,0.6603798985019369,0.8410557184750733,0.5947739527167151,0.7152612792983288
bci_errp,raw,eegnet,5,1626406676,balanced_accuracy,0.6860272202019813,0.6908823529411765,0.6860272202019813,0.8393213572854291,0.6976358357527996,0.7420346331420826
bci_errp,raw,eegnet,6,126691620,balanced_accuracy,0.6729960716785511,0.7041176470588235,0.6729960716785511,0.8194633924511141,0.7474077146412277,0.7151264490062609
bci_errp,raw,eegnet,7,28155425,balanced_accuracy,0.6554127757048814,0.7282352941176471,0.6554127757048814,0.7958615200955034,0.8295313148071339,0.6881499061220501
bci_errp,raw,eegnet,8,149869551,balanced_accuracy,0.6347912898373187,0.6144117647058823,0.6347912898373187,0.8186558516801854,0.5860638739112402,0.6772819135752506
bci_errp,raw,eegnet,9,2044435244,balanced_accuracy,0.7024188512459115,0.66,0.7024188512459115,0.8819233110164334,0.6009954375777685,0.7790938817242676
bci_errp,raw,eegnet,10,1786428360,balanced_accuracy,0.6430257930558415,0.6002941176470589,0.6430257930558415,0.8380462724935732,0.5408544172542513,0.711645604763137
bci_errp,raw,lightgbm,1,2013945970,balanced_accuracy,0.5930048031456767,0.715,0.5930048031456767,0.7553116147308782,0.8846951472418084,0.6277618716709185
bci_errp,raw,lightgbm,2,61155527,balanced_accuracy,0.6031428668484813,0.715,0.6031428668484813,0.761611030478955,0.8705931148900871,0.6443407553599759
bci_errp,raw,lightgbm,3,1072713694,balanced_accuracy,0.6082108502528225,0.721764705882353,0.6082108502528225,0.7637738566798704,0.8797179593529656,0.6531670020998298
bci_errp,raw,lightgbm,4,2111243235,balanced_accuracy,0.6044387474161022,0.7185294117647059,0.6044387474161022,0.7618876080691642,0.8772293654085441,0.6356080300979795
bci_errp,raw,lightgbm,5,1626406676,balanced_accuracy,0.6002776707196834,0.7155882352941176,0.6002776707196834,0.7597122302158273,0.8759850684363335,0.6437989179187571
bci_errp,raw,lightgbm,6,126691620,balanced_accuracy,0.6080942629396191,0.7211764705882353,0.6080942629396191,0.7637937252073567,0.8784736623807549,0.6491229320954388
bci_errp,raw,lightgbm,7,28155425,balanced_accuracy,0.6007708602172634,0.7120588235294117,0.6007708602172634,0.7605531295487628,0.866860223973455,0.6409848860065448
bci_errp,raw,lightgbm,8,149869551,balanced_accuracy,0.6058388436216046,0.7188235294117648,0.6058388436216046,0.7627302275189599,0.8759850684363335,0.6437406242621554
bci_errp,raw,lightgbm,9,2044435244,balanced_accuracy,0.5861343295537516,0.7111764705882353,0.5861343295537516,0.7516731243395561,0.8851099128992119,0.6279518502784047
bci_errp,raw,lightgbm,10,1786428360,balanced_accuracy,0.598567024494659,0.7114705882352941,0.598567024494659,0.7592458303118201,0.8685192866030693,0.6338772536893803
bci_errp,raw,logistic_regression,1,2013945970,balanced_accuracy,0.6503624062111681,0.6914705882352942,0.6503624062111681,0.8029359430604982,0.7486520116134384,0.6849638851925305
bci_errp,raw,logistic_regression,2,61155527,balanced_accuracy,0.6488591428148455,0.6876470588235294,0.6488591428148455,0.8028738212842389,0.7416009954375777,0.6898374865117285
bci_errp,raw,logistic_regression,3,1072713694,balanced_accuracy,0.6586071842108905,0.6947058823529412,0.6586071842108905,0.8093735917079765,0.7449191206968063,0.6956932730378418
bci_errp,raw,logistic_regression,4,2111243235,balanced_accuracy,0.6600980759318912,0.6947058823529412,0.6600980759318912,0.8107741059302852,0.7428452924097885,0.6890725395358903
bci_errp,raw,logistic_regression,5,1626406676,balanced_accuracy,0.6528128366825625,0.6902941176470588,0.6528128366825625,0.8055805580558055,0.7424305267523849,0.6889123368249417
bci_errp,raw,logistic_regression,6,126691620,balanced_accuracy,0.6499363173255037,0.6802941176470588,0.6499363173255037,0.8064814814814815,0.7225217751970137,0.6804551434506239
bci_errp,raw,logistic_regression,7,28155425,balanced_accuracy,0.6603973027231524,0.6879411764705883,0.6603973027231524,0.8136617100371747,0.7262546661136458,0.6940765676694993
bci_errp,raw,logistic_regression,8,149869551,balanced_accuracy,0.6566767834818423,0.6864705882352942,0.6566767834818423,0.8106235565819861,0.7279137287432601,0.6964926090772868
bci_errp,raw,logistic_regression,9,2044435244,balanced_accuracy,0.6528262568049457,0.6873529411764706,0.6528262568049457,0.8066424021838035,0.7353795105765243,0.6872008518422683
bci_errp,raw,logistic_regression,10,1786428360,balanced_accuracy,0.660058864011803,0.696764705882353,0.660058864011803,0.8099730458221024,0.7478224802986313,0.6967706572379123
bci_errp,raw,mlp,1,2013945970,balanced_accuracy,0.6376365654719542,0.7423529411764705,0.6376365654719542,0.7793957044048052,0.8880132725010369,0.7068110056746149
bci_errp,raw,mlp,2,61155527,balanced_accuracy,0.6213420206258893,0.7323529411764705,0.6213420206258893,0.7704504504504505,0.8867689755288262,0.7013909537471288
bci_errp,raw,mlp,3,1072713694,balanced_accuracy,0.6455976336969208,0.7358823529411764,0.6455976336969208,0.7864445285876562,0.8614682704272086,0.7009690586497093
bci_errp,raw,mlp,4,2111243235,balanced_accuracy,0.6288604345016249,0.7379411764705882,0.6288604345016249,0.7743682310469314,0.8896723351306511,0.6994098081803195
bci_errp,raw,mlp,5,1626406676,balanced_accuracy,0.6478530530149353,0.7382352941176471,0.6478530530149353,0.787523629489603,0.86395686437163,0.7102251686846476
bci_errp,raw,mlp,6,126691620,balanced_accuracy,0.6236613952146359,0.7402941176470588,0.6236613952146359,0.7705382436260623,0.9025300705101618,0.6760179057982897
bci_errp,raw,mlp,7,28155425,balanced_accuracy,0.5966974336951594,0.7291176470588235,0.5966974336951594,0.755662319835278,0.9133139776026544,0.6589852542211527
bci_errp,raw,mlp,8,149869551,balanced_accuracy,0.620707500464462,0.7276470588235294,0.620707500464462,0.7708865377599416,0.876399834093737,0.6954630340632062
bci_errp,raw,mlp,9,2044435244,balanced_accuracy,0.61738622986405,0.7432352941176471,0.61738622986405,0.7660899653979238,0.9182911654914973,0.6971355168152037
bci_errp,raw,mlp,10,1786428360,balanced_accuracy,0.6275903457317091,0.7352941176470589,0.6275903457317091,0.7740297424737033,0.8851099128992119,0.7015159286368218
bci_errp,raw,mobilenet,1,2013945970,balanced_accuracy,0.5098914689540147,0.7108823529411765,0.5098914689540147,0.7132616487455197,0.990460389879718,0.5666485215428612
bci_errp,raw,mobilenet,2,61155527,balanced_accuracy,0.5144425679571931,0.706764705882353,0.5144425679571931,0.7152862362971986,0.9742845292409787,0.5412314388174524
bci_errp,raw,mobilenet,3,1072713694,balanced_accuracy,0.5,0.7091176470588235,0.5,0.7091176470588235,1.0,0.535835920551198
bci_errp,raw,mobilenet,4,2111243235,balanced_accuracy,0.527010512568993,0.6708823529411765,0.527010512568993,0.7221458046767538,0.8710078805474907,0.5329220764787612
bci_errp,raw,mobilenet,5,1626406676,balanced_accuracy,0.5074936705250916,0.7070588235294117,0.5074936705250916,0.7122712271227123,0.984653670676068,0.5465187573469927
bci_errp,raw,mobilenet,6,126691620,balanced_accuracy,0.546238612292245,0.5738235294117647,0.546238612292245,0.7417085427135678,0.6121941103276649,0.562788768531826
bci_errp,raw,mobilenet,7,28155425,balanced_accuracy,0.5073114504258582,0.5444117647058824,0.5073114504258582,0.7142147117296223,0.5960182496889258,0.5021495261648352
bci_errp,raw,mobilenet,8,149869551,balanced_accuracy,0.5261778359130024,0.69,0.5261778359130024,0.7210817855979146,0.9178763998340936,0.567648110970992
bci_errp,raw,mobilenet,9,2044435244,balanced_accuracy,0.5502478738542047,0.6361764705882353,0.5502478738542047,0.7376518218623481,0.7557030277892991,0.5648500154541096
bci_errp,raw,mobilenet,10,1786428360,balanced_accuracy,0.5,0.7091176470588235,0.5,0.7091176470588235,1.0,0.5606262416234322
bci_errp,raw,random_forest,1,2013945970,balanced_accuracy,0.5793020194348535,0.7120588235294117,0.5793020194348535,0.7475795297372061,0.8967233513065118,0.666773118991612
bci_errp,raw,random_forest,2,61155527,balanced_accuracy,0.5905151607541941,0.7182352941176471,0.5905151607541941,0.7534007673526334,0.8958938199917047,0.669247244366589
bci_errp,raw,random_forest,3,1072713694,balanced_accuracy,0.5785117000401345,0.7088235294117647,0.5785117000401345,0.7474747474747475,0.8900871007880548,0.6600563477388561
bci_errp,raw,random_forest,4,2111243235,balanced_accuracy,0.5783559008068428,0.7102941176470589,0.5783559008068428,0.7472260748959778,0.8938199917046868,0.6587055285452295
bci_errp,raw,random_forest,5,1626406676,balanced_accuracy,0.5817916618263361,0.7088235294117647,0.5817916618263361,0.7493857493857494,0.8855246785566155,0.652316501843799
bci_errp,raw,random_forest,6,126691620,balanced_accuracy,0.5827377804543467,0.7105882352941176,0.5827377804543467,0.7497374868743437,0.8884280381584405,0.6557793127974707
bci_errp,raw,random_forest,7,28155425,balanced_accuracy,0.5772281911478356,0.7091176470588235,0.5772281911478356,0.7467036780013879,0.8925756947324761,0.6537384057481739
bci_errp,raw,random_forest,8,149869551,balanced_accuracy,0.5811034611753763,0.7158823529411765,0.5811034611753763,0.7481964960494676,0.9033596018249688,0.6623595762428606
bci_errp,raw,random_forest,9,2044435244,balanced_accuracy,0.586004322118165,0.7135294117647059,0.586004322118165,0.751311647429171,0.8909166321028619,0.6544588985686182
bci_errp,raw,random_forest,10,1786428360,balanced_accuracy,0.5782393134936394,0.7097058823529412,0.5782393134936394,0.7472222222222222,0.8925756947324761,0.6557897972680824
bci_errp,raw,svm,1,2013945970,balanced_accuracy,0.6502716106956699,0.691764705882353,0.6502716106956699,0.802754331408263,0.7494815429282455,0.6838076577734591
bci_errp,raw,svm,2,61155527,balanced_accuracy,0.6512311494460634,0.6905882352941176,0.6512311494460634,0.8040268456375839,0.7453338863542098,0.6875124503088516
bci_errp,raw,svm,3,1072713694,balanced_accuracy,0.660058864011803,0.696764705882353,0.660058864011803,0.8099730458221024,0.7478224802986313,0.6949455205938069
bci_errp,raw,svm,4,2111243235,balanced_accuracy,0.6575568499449984,0.6961764705882353,0.6575568499449984,0.8078641644325291,0.7498963085856492,0.6896705737395883
bci_errp,raw,svm,5,1626406676,balanced_accuracy,0.6498960569583544,0.6891176470588235,0.6498960569583544,0.8033154121863799,0.7436748237245956,0.6870637149666656
bci_errp,raw,svm,6,126691620,balanced_accuracy,0.6483546300890047,0.6805882352941176,0.6483546300890047,0.8048780487804879,0.7254251347988386,0.6789726393061125
bci_errp,raw,svm,7,28155425,balanced_accuracy,0.6561454305112353,0.6852941176470588,0.6561454305112353,0.8105604446503011,0.7258399004562422,0.691364444811634
bci_errp,raw,svm,8,149869551,balanced_accuracy,0.6513879971264163,0.6823529411764706,0.6513879971264163,0.8071065989847716,0.7254251347988386,0.6941717666626546
bci_errp,raw,svm,9,2044435244,balanced_accuracy,0.6517759225390536,0.6888235294117647,0.6517759225390536,0.8051420838971584,0.7403566984653671,0.684471115073775
bci_errp,raw,svm,10,1786428360,balanced_accuracy,0.6606675923755252,0.7005882352941176,0.6606675923755252,0.8091433644030182,0.7561177934467026,0.6960746980786998
bci_errp,raw,vit,1,2013945970,balanced_accuracy,0.5758211751917295,0.5861764705882353,0.5758211751917295,0.7653276955602537,0.600580671920365,0.6042623986204114
bci_errp,raw,vit,2,61155527,balanced_accuracy,0.58301750613027,0.6623529411764706,0.58301750613027,0.756394640682095,0.7727084197428453,0.6337078246442933
bci_errp,raw,vit,3,1072713694,balanced_accuracy,0.4951672881161881,0.69,0.4951672881161881,0.7070491303021056,0.9610120282040648,0.5442362880947997
bci_errp,raw,vit,4,2111243235,balanced_accuracy,0.5716837933988934,0.5976470588235294,0.5716837933988934,0.7590660705414803,0.6337619245126503,0.5965567320995487
bci_errp,raw,vit,5,1626406676,balanced_accuracy,0.5805941255930541,0.5726470588235294,0.5805941255930541,0.7737142857142857,0.5615927001244297,0.6139064340679872
bci_errp,raw,vit,6,126691620,balanced_accuracy,0.5580688695517972,0.5297058823529411,0.5580688695517972,0.7615979381443299,0.4902530070510161,0.5942266633507781
bci_errp,raw,vit,7,28155425,balanced_accuracy,0.587787311190411,0.6691176470588235,0.587787311190411,0.7586484312148029,0.7822480298631274,0.6185514739278475
bci_errp,raw,vit,8,149869551,balanced_accuracy,0.564987781397949,0.5555882352941176,0.564987781397949,0.7622377622377622,0.5425134798838657,0.5880479551298208
bci_errp,raw,vit,9,2044435244,balanced_accuracy,0.5580552397400019,0.6176470588235294,0.5580552397400019,0.745037494486105,0.7005391953546246,0.6011292194227753
bci_errp,raw,vit,10,1786428360,balanced_accuracy,0.5770902155145841,0.5955882352941176,0.5770902155145841,0.7642857142857142,0.6213189547905433,0.6123660556456987
seizure_detection,asr,eegnet,1,2013945970,accuracy,0.7865102639296188,0.7865102639296188,0.7847816246253747,0.7263648468708389,0.7748579545454546,0.8711877611025339
seizure_detection,asr,eegnet,2,61155527,accuracy,0.6743838685586259,0.6743838685586259,0.6047159171013676,0.6720430107526881,0.9146341463414634,0.7678506391277786
seizure_detection,asr,eegnet,3,1072713694,accuracy,0.45431505935707617,0.45431505935707617,0.436778210912064,0.3463246176615688,0.20242214532871972,0.48633211551888944
seizure_detection,asr,eegnet,4,2111243235,accuracy,0.5631709331131296,0.5631709331131296,0.5710094361253201,0.6791907514450867,0.28336012861736337,0.6355211296054679
seizure_detection,asr,eegnet,5,1626406676,accuracy,0.5229642777901042,0.5229642777901042,0.4950555746260592,0.5436353529738743,0.7938311688311688,0.5274827809244109
seizure_detection,asr,eegnet,6,126691620,accuracy,0.5762545096753033,0.5762545096753033,0.6141058484520732,0.49418334108887857,0.8382004735595896,0.7574282684779923
seizure_detection,asr,eegnet,7,28155425,accuracy,0.32356495468277946,0.32356495468277946,0.38981678074922016,0.2314261315115286,0.5524974515800204,0.315199175051614
seizure_detection,asr,eegnet,8,149869551,accuracy,0.6813962873284907,0.6813962873284907,0.68350930115636,0.868,0.4341736694677871,0.81028943934106
seizure_detection,asr,eegnet,9,2044435244,accuracy,0.5456514495168278,0.5456514495168278,0.5221885402800135,0.6209873212840572,0.6352097130242825,0.5182561889988618
seizure_detection,asr,eegnet,10,1786428360,accuracy,0.4660971703150027,0.4660971703150027,0.5020042547122295,0.5578069129916567,0.1511139812721989,0.5589942506587814
seizure_detection,asr,lightgbm,1,2013945970,accuracy,0.8337243401759531,0.8337243401759531,0.8235163274225774,0.8202589489718203,0.7649147727272727,0.8970574879665789
seizure_detection,asr,lightgbm,2,61155527,accuracy,0.7610156833457804,0.7610156833457804,0.6982570844494572,0.7266545784224842,0.977439024390244,0.8870371023074393
seizure_detection,asr,lightgbm,3,1072713694,accuracy,0.680672268907563,0.680672268907563,0.6813634239995328,0.6445102260495156,0.6905997693194925,0.7172676583810053
seizure_detection,asr,lightgbm,4,2111243235,accuracy,0.6459537572254336,0.6459537572254336,0.6527897575595456,0.8149959250203749,0.40192926045016075,0.7376536407011721
seizure_detection,asr,lightgbm,5,1626406676,accuracy,0.7284224539605059,0.7284224539605059,0.7437619587949984,0.8836633663366337,0.5795454545454546,0.8381585680594491
seizure_detection,asr,lightgbm,6,126691620,accuracy,0.8156772712364709,0.8156772712364709,0.8092376895323489,0.7822257806244995,0.771112865035517,0.880959467515637
seizure_detection,asr,lightgbm,7,28155425,accuracy,0.5441087613293052,0.5441087613293052,0.5102514543173013,0.3067349926793558,0.4271151885830785,0.4902849284538477
seizure_detection,asr,lightgbm,8,149869551,accuracy,0.8401937046004843,0.8401937046004843,0.8402130082802352,0.8440145102781137,0.8379351740696278,0.9088713222366683
seizure_detection,asr,lightgbm,9,2044435244,accuracy,0.6061312895701433,0.6061312895701433,0.6590212757859482,0.8772455089820359,0.4042494481236203,0.7458074336680796
seizure_detection,asr,lightgbm,10,1786428360,accuracy,0.6898024559530166,0.6898024559530166,0.6943416501144466,0.7533682634730539,0.6499838553438811,0.7643800746520706
seizure_detection,asr,logistic_regression,1,2013945970,accuracy,0.7313782991202346,0.7313782991202346,0.7307692307692308,0.6580976863753213,0.7272727272727273,0.8058220188902007
seizure_detection,asr,logistic_regression,2,61155527,accuracy,0.7557879014189693,0.7557879014189693,0.6950496968842521,0.7261467889908257,0.9652439024390244,0.8283454344659054
seizure_detection,asr,logistic_regression,3,1072713694,accuracy,0.615579565159397,0.615579565159397,0.6065492094082607,0.6052442528735632,0.48587081891580164,0.6773252626645976
seizure_detection,asr,logistic_regression,4,2111243235,accuracy,0.6308835672997523,0.6308835672997523,0.6364979746586672,0.7427184466019418,0.4304662379421222,0.6319968275566523
seizure_detection,asr,logistic_regression,5,1626406676,accuracy,0.635234080319503,0.635234080319503,0.6436063554042628,0.7146596858638743,0.5539772727272727,0.6567041163682132
seizure_detection,asr,logistic_regression,6,126691620,accuracy,0.7638570022958348,0.7638570022958348,0.7636509353820589,0.6974729241877257,0.7624309392265194,0.8099268578089942
seizure_detection,asr,logistic_regression,7,28155425,accuracy,0.5897280966767372,0.5897280966767372,0.4954688676961889,0.28938547486033517,0.2640163098878695,0.5495710907412586
seizure_detection,asr,logistic_regression,8,149869551,accuracy,0.7372881355932204,0.7372881355932204,0.7368759469599806,0.7193111029681202,0.7855142056822729,0.8027101764596762
seizure_detection,asr,logistic_regression,9,2044435244,accuracy,0.5941352882372543,0.5941352882372543,0.6386052148372592,0.8146186440677966,0.42439293598233996,0.6115201641426097
seizure_detection,asr,logistic_regression,10,1786428360,accuracy,0.595657590318562,0.595657590318562,0.6031206301562716,0.6677511183407889,0.5301905069422022,0.6578359067906652
seizure_detection,asr,mlp,1,2013945970,accuracy,0.7545454545454545,0.7545454545454545,0.730480457042957,0.7602552415679125,0.5923295454545454,0.7789130258945601
seizure_detection,asr,mlp,2,61155527,accuracy,0.7800597460791635,0.7800597460791635,0.7329021570562526,0.7574718275355218,0.9426829268292682,0.8010338831712016
seizure_detection,asr,mlp,3,1072713694,accuracy,0.6613311991463252,0.6613311991463252,0.662385207247456,0.623438745681637,0.6764705882352942,0.6742115553242453
seizure_detection,asr,mlp,4,2111243235,accuracy,0.6440957886044592,0.6440957886044592,0.6497537927382506,0.766016713091922,0.44212218649517687,0.6529241889081172
seizure_detection,asr,mlp,5,1626406676,accuracy,0.6696250277346351,0.6696250277346351,0.6821261903172696,0.7822814128546612,0.5482954545454546,0.7086561413378594
seizure_detection,asr,mlp,6,126691620,accuracy,0.7927189242374549,0.7927189242374549,0.7910794784643771,0.7360594795539034,0.7813733228097869,0.8430667279654389
seizure_detection,asr,mlp,7,28155425,accuracy,0.5190332326283988,0.5190332326283988,0.4638176885075779,0.25657370517928285,0.32823649337410804,0.4600566626793578
seizure_detection,asr,mlp,8,149869551,accuracy,0.7917675544794189,0.7917675544794189,0.7921732795682376,0.8255659121171771,0.7442977190876351,0.8407215552073495
seizure_detection,asr,mlp,9,2044435244,accuracy,0.5864711762745751,0.5864711762745751,0.6214871838430647,0.766822429906542,0.45281456953642385,0.5930641578338597
seizure_detection,asr,mlp,10,1786428360,accuracy,0.5495639793557573,0.5495639793557573,0.5639562038113679,0.6376459143968871,0.4233128834355828,0.638044363620162
seizure_detection,asr,mobilenet,1,2013945970,accuracy,0.7926686217008798,0.7926686217008798,0.7871815684315684,0.7456201822004205,0.7556818181818182,0.8679608743529199
seizure_detection,asr,mobilenet,2,61155527,accuracy,0.7412247946228528,0.7412247946228528,0.7277174679261244,0.7892486255345144,0.7878048780487805,0.8211029653649138
seizure_detection,asr,mobilenet,3,1072713694,accuracy,0.6417233560090703,0.6417233560090703,0.648338151343933,0.5903419593345656,0.7367358708189158,0.6964431101160188
seizure_detection,asr,mobilenet,4,2111243235,accuracy,0.5761767134599505,0.5761767134599505,0.5733677850626983,0.5742067553735927,0.6764469453376206,0.6392831601875761
seizure_detection,asr,mobilenet,5,1626406676,accuracy,0.6341246949190149,0.6341246949190149,0.647651487340364,0.7450390859891762,0.5028409090909091,0.7045378064788858
seizure_detection,asr,mobilenet,6,126691620,accuracy,0.6123319121023286,0.6123319121023286,0.6252395036925424,0.5251033668044891,0.7016574585635359,0.6951249759721214
seizure_detection,asr,mobilenet,7,28155425,accuracy,0.5833836858006042,0.5833836858006042,0.5880153574856581,0.3735705209656925,0.599388379204893,0.6225541624047105
seizure_detection,asr,mobilenet,8,149869551,accuracy,0.6761501210653753,0.6761501210653753,0.6779788838612368,0.815677966101695,0.46218487394957986,0.8268868801081686
seizure_detection,asr,mobilenet,9,2044435244,accuracy,0.651782739086971,0.651782739086971,0.6740529448569206,0.797979797979798,0.5667770419426048,0.7495313808327624
seizure_detection,asr,mobilenet,10,1786428360,accuracy,0.6794803345791066,0.6794803345791066,0.6510400436123367,0.6453566621803499,0.9289635130771715,0.7115144558047399
seizure_detection,asr,random_forest,1,2013945970,accuracy,0.8217008797653959,0.8217008797653959,0.8142248376623377,0.7915451895043731,0.7713068181818182,0.8766840403914268
seizure_detection,asr,random_forest,2,61155527,accuracy,0.7696041822255415,0.7696041822255415,0.7089824474834343,0.7338820301783264,0.9786585365853658,0.8573352836129515
seizure_detection,asr,random_forest,3,1072713694,accuracy,0.5424836601307189,0.5424836601307189,0.5342662753858058,0.5065381968341363,0.4244521337946944,0.5693573094488258
seizure_detection,asr,random_forest,4,2111243235,accuracy,0.6635012386457473,0.6635012386457473,0.6698041942580755,0.8240181268882175,0.4385048231511254,0.7885142401694517
seizure_detection,asr,random_forest,5,1626406676,accuracy,0.7106722875526958,0.7106722875526958,0.7292008346523765,0.8983516483516484,0.5308441558441559,0.8263933585381823
seizure_detection,asr,random_forest,6,126691620,accuracy,0.7779599868809446,0.7779599868809446,0.7826730428019562,0.7015027322404371,0.8105761641673244,0.8477841645429123
seizure_detection,asr,random_forest,7,28155425,accuracy,0.5012084592145015,0.5012084592145015,0.4933362483143663,0.290625,0.4740061162079511,0.44592075540901865
seizure_detection,asr,random_forest,8,149869551,accuracy,0.822639225181598,0.822639225181598,0.8229531128690792,0.8509532062391681,0.7859143657462985,0.8933018058668318
seizure_detection,asr,random_forest,9,2044435244,accuracy,0.6279573475508164,0.6279573475508164,0.6784687681599355,0.8944980147475894,0.43515452538631344,0.7876674195207356
seizure_detection,asr,random_forest,10,1786428360,accuracy,0.5520555258942872,0.5520555258942872,0.5701918051722819,0.6564185544768069,0.39296092993219245,0.680658830000228
seizure_detection,asr,svm,1,2013945970,accuracy,0.729325513196481,0.729325513196481,0.7281780719280719,0.6567550096961862,0.7215909090909091,0.7991317985991281
seizure_detection,asr,svm,2,61155527,accuracy,0.7561613144137416,0.7561613144137416,0.6971227501292354,0.7283664969921333,0.9597560975609756,0.8222196766765354
seizure_detection,asr,svm,3,1072713694,accuracy,0.6055755635587569,0.6055755635587569,0.5970409384900647,0.5899964776329694,0.48298731257208766,0.6680316265323235
seizure_detection,asr,svm,4,2111243235,accuracy,0.6312964492155244,0.6312964492155244,0.6365733790445411,0.7336884154460719,0.4429260450160772,0.6314765031744904
seizure_detection,asr,svm,5,1626406676,accuracy,0.6216995784335478,0.6216995784335478,0.6300990752394937,0.6994219653179191,0.5401785714285714,0.6418476973956049
seizure_detection,asr,svm,6,126691620,accuracy,0.7664808133814366,0.7664808133814366,0.7658956042933944,0.7015250544662309,0.7624309392265194,0.8085607012862998
seizure_detection,asr,svm,7,28155425,accuracy,0.586404833836858,0.586404833836858,0.49251733997913993,0.28492239467849223,0.2619775739041794,0.5434021417669951
seizure_detection,asr,svm,8,149869551,accuracy,0.7336561743341404,0.7336561743341404,0.7333155484415989,0.7193896538890956,0.7735094037615046,0.7972225113081455
seizure_detection,asr,svm,9,2044435244,accuracy,0.5886371209596801,0.5886371209596801,0.631738902596836,0.8009379885356956,0.42411699779249445,0.6041863931142166
seizure_detection,asr,svm,10,1786428360,accuracy,0.5888948211425521,0.5888948211425521,0.5971697047896496,0.6632102861883036,0.5163061026800129,0.6546462169396237
seizure_detection,asr,vit,1,2013945970,accuracy,0.7914956011730205,0.7914956011730205,0.7722746003996004,0.7986289631533847,0.6619318181818182,0.8753994584960494
seizure_detection,asr,vit,2,61155527,accuracy,0.713965646004481,0.713965646004481,0.6525929319986842,0.7021276595744681,0.925609756097561,0.7752167630057804
seizure_detection,asr,vit,3,1072713694,accuracy,0.5890356142456983,0.5890356142456983,0.5809298030455667,0.5669318574887582,0.4726066897347174,0.6076724814873025
seizure_detection,asr,vit,4,2111243235,accuracy,0.6281998348472337,0.6281998348472337,0.633592688026466,0.7319378798109386,0.43569131832797425,0.7068275771240153
seizure_detection,asr,vit,5,1626406676,accuracy,0.7113379187929887,0.7113379187929887,0.7133758923406501,0.7590200445434299,0.6915584415584416,0.7762922650037187
seizure_detection,asr,vit,6,126691620,accuracy,0.7084289931124959,0.7084289931124959,0.6852108739769882,0.6871287128712872,0.5477505919494869,0.7748842454183154
seizure_detection,asr,vit,7,28155425,accuracy,0.6459214501510574,0.6459214501510574,0.5427751582340117,0.37417654808959155,0.28950050968399593,0.5087596055409149
seizure_detection,asr,vit,8,149869551,accuracy,0.7604923325262308,0.7604923325262308,0.7612497990649252,0.8206256109481916,0.6718687474989996,0.8474435765352132
seizure_detection,asr,vit,9,2044435244,accuracy,0.6252915694768411,0.6252915694768411,0.6360671172651439,0.7404686953480237,0.5841611479028698,0.673993185324637
seizure_detection,asr,vit,10,1786428360,accuracy,0.5915643352909771,0.5915643352909771,0.5964258471207331,0.6543494996150885,0.5489183080400387,0.647939719106029
seizure_detection,asr20,eegnet,1,2013945970,accuracy,0.8501466275659824,0.8501466275659824,0.8390827922077921,0.8484848484848485,0.7755681818181818,0.9179215670692944
seizure_detection,asr20,eegnet,2,61155527,accuracy,0.7505601194921583,0.7505601194921583,0.6840623384557545,0.7167707404103479,0.9798780487804878,0.9064171248648902
seizure_detection,asr20,eegnet,3,1072713694,accuracy,0.4871281846071762,0.4871281846071762,0.4683708554158819,0.40010598834128247,0.2177047289504037,0.5482559331238371
seizure_detection,asr20,eegnet,4,2111243235,accuracy,0.5672997522708505,0.5672997522708505,0.5779561931225741,0.8643122676579925,0.18689710610932475,0.6185207672549802
seizure_detection,asr20,eegnet,5,1626406676,accuracy,0.6589749278899489,0.6589749278899489,0.684512585737806,0.921747042766151,0.41112012987012986,0.8509396792023444
seizure_detection,asr20,eegnet,6,126691620,accuracy,0.7963266644801574,0.7963266644801574,0.7817345160807407,0.7894265232974911,0.6953433307024467,0.8396988387780285
seizure_detection,asr20,eegnet,7,28155425,accuracy,0.5057401812688822,0.5057401812688822,0.48475653124260043,0.2823920265780731,0.4332313965341488,0.47811050579297765
seizure_detection,asr20,eegnet,8,149869551,accuracy,0.807909604519774,0.807909604519774,0.8086687666519599,0.8778700537371763,0.7190876350540216,0.8829749237912503
seizure_detection,asr20,eegnet,9,2044435244,accuracy,0.5754748417194269,0.5754748417194269,0.6420207912115659,0.9290271132376395,0.32146799116997793,0.7820906367604439
seizure_detection,asr20,eegnet,10,1786428360,accuracy,0.608471258231002,0.608471258231002,0.6305725629955263,0.7684021543985637,0.4145947691314175,0.7682145905185161
seizure_detection,asr20,lightgbm,1,2013945970,accuracy,0.844574780058651,0.844574780058651,0.8386574363136863,0.8162824207492796,0.8046875,0.9213446354781583
seizure_detection,asr20,lightgbm,2,61155527,accuracy,0.7154592979835698,0.7154592979835698,0.6465629258893745,0.6952846975088968,0.9530487804878048,0.8326736453780722
seizure_detection,asr20,lightgbm,3,1072713694,accuracy,0.5615579565159398,0.5615579565159398,0.5498244346137562,0.5355599214145383,0.39302191464821223,0.6334370651301706
seizure_detection,asr20,lightgbm,4,2111243235,accuracy,0.6151940545004129,0.6151940545004129,0.623904418628773,0.8505617977528089,0.3042604501607717,0.7574534335267689
seizure_detection,asr20,lightgbm,5,1626406676,accuracy,0.729531839360994,0.729531839360994,0.7479127731055044,0.9231815091774304,0.5511363636363636,0.8509161390493989
seizure_detection,asr20,lightgbm,6,126691620,accuracy,0.8550344375204986,0.8550344375204986,0.845074661373004,0.8534704370179949,0.7861089187056038,0.919444378007914
seizure_detection,asr20,lightgbm,7,28155425,accuracy,0.5217522658610272,0.5217522658610272,0.5061647909682858,0.30197368421052634,0.46788990825688076,0.4889740623587099
seizure_detection,asr20,lightgbm,8,149869551,accuracy,0.8387812752219532,0.8387812752219532,0.83883296908507,0.8452477660438668,0.8327330932372949,0.9188153894036246
seizure_detection,asr20,lightgbm,9,2044435244,accuracy,0.6079640119960014,0.6079640119960014,0.659454561404486,0.8714202220923437,0.41142384105960267,0.7486650996905038
seizure_detection,asr20,lightgbm,10,1786428360,accuracy,0.5846235985050721,0.5846235985050721,0.600914407204332,0.6933603649265079,0.44171779141104295,0.7068880708019349
seizure_detection,asr20,logistic_regression,1,2013945970,accuracy,0.7730205278592376,0.7730205278592376,0.778455919080919,0.692588092345079,0.8096590909090909,0.8396814478135501
seizure_detection,asr20,logistic_regression,2,61155527,accuracy,0.7464525765496639,0.7464525765496639,0.6890191033413224,0.7248479176415535,0.9445121951219512,0.890625440575215
seizure_detection,asr20,logistic_regression,3,1072713694,accuracy,0.5979725223422703,0.5979725223422703,0.5872771670097674,0.5863774733637748,0.44434832756632064,0.654861395597031
seizure_detection,asr20,logistic_regression,4,2111243235,accuracy,0.6977704376548307,0.6977704376548307,0.703423290879413,0.8545706371191135,0.4959807073954984,0.7272802491006065
seizure_detection,asr20,logistic_regression,5,1626406676,accuracy,0.6667406256933659,0.6667406256933659,0.6858442432506309,0.8411347517730496,0.48133116883116883,0.6568088054872196
seizure_detection,asr20,logistic_regression,6,126691620,accuracy,0.7989504755657593,0.7989504755657593,0.7812419999344493,0.8084905660377358,0.6764009471191792,0.787741485715703
seizure_detection,asr20,logistic_regression,7,28155425,accuracy,0.6093655589123868,0.6093655589123868,0.5259433311930545,0.3343949044585987,0.3211009174311927,0.5406259068282775
seizure_detection,asr20,logistic_regression,8,149869551,accuracy,0.7873284907183212,0.7873284907183212,0.787060123194577,0.7729505100113336,0.8187274909963985,0.8576084076284155
seizure_detection,asr20,logistic_regression,9,2044435244,accuracy,0.6427857380873042,0.6427857380873042,0.6851815622232496,0.8688933200398804,0.48096026490066224,0.6698830059207193
seizure_detection,asr20,logistic_regression,10,1786428360,accuracy,0.6374799786438868,0.6374799786438868,0.6458089061656198,0.7175697865353038,0.5644171779141104,0.6973279633893997
seizure_detection,asr20,mlp,1,2013945970,accuracy,0.7645161290322581,0.7645161290322581,0.7558301073926074,0.7187274041937817,0.7059659090909091,0.7860828801879939
seizure_detection,asr20,mlp,2,61155527,accuracy,0.731142643764003,0.731142643764003,0.6731595704685371,0.7155576382380506,0.9310975609756098,0.8461699327975939
seizure_detection,asr20,mlp,3,1072713694,accuracy,0.5758303321328532,0.5758303321328532,0.5625410625903378,0.5604534005037783,0.38494809688581316,0.6444710394049141
seizure_detection,asr20,mlp,4,2111243235,accuracy,0.6193228736581338,0.6193228736581338,0.6268090228683418,0.7906137184115524,0.3520900321543408,0.6241424030593026
seizure_detection,asr20,mlp,5,1626406676,accuracy,0.6676281340137564,0.6676281340137564,0.6818470855502794,0.7937956204379562,0.5296266233766234,0.6802165574880332
seizure_detection,asr20,mlp,6,126691620,accuracy,0.7779599868809446,0.7779599868809446,0.7545028465838779,0.8041237113402062,0.6156274664561957,0.7671968744712759
seizure_detection,asr20,mlp,7,28155425,accuracy,0.5320241691842901,0.5320241691842901,0.4736391174697965,0.26644736842105265,0.3302752293577982,0.4752156582626801
seizure_detection,asr20,mlp,8,149869551,accuracy,0.779862792574657,0.779862792574657,0.7799068345286833,0.7857142857142857,0.7747098839535814,0.8091588283665114
seizure_detection,asr20,mlp,9,2044435244,accuracy,0.5833055648117295,0.5833055648117295,0.6346976376534718,0.833630421865716,0.3871412803532009,0.572605336909158
seizure_detection,asr20,mlp,10,1786428360,accuracy,0.5321231535860473,0.5321231535860473,0.5557906694898263,0.6517509727626459,0.32450758798837587,0.6544797771858213
seizure_detection,asr20,mobilenet,1,2013945970,accuracy,0.8217008797653959,0.8217008797653959,0.8070601273726274,0.8236245954692557,0.7230113636363636,0.8831887217895741
seizure_detection,asr20,mobilenet,2,61155527,accuracy,0.6896938013442868,0.6896938013442868,0.6078445885614925,0.6700294241277848,0.9719512195121951,0.8161015555242258
seizure_detection,asr20,mobilenet,3,1072713694,accuracy,0.6027744431105776,0.6027744431105776,0.605797307754077,0.5613727454909819,0.6461937716262975,0.6319045627390576
seizure_detection,asr20,mobilenet,4,2111243235,accuracy,0.6463666391412056,0.6463666391412056,0.6474043149050928,0.671688081524147,0.6093247588424437,0.6671215382221761
seizure_detection,asr20,mobilenet,5,1626406676,accuracy,0.5418238295984025,0.5418238295984025,0.556378070351088,0.6266666666666667,0.4005681818181818,0.5428766503931701
seizure_detection,asr20,mobilenet,6,126691620,accuracy,0.6782551656280748,0.6782551656280748,0.6295162446175337,0.7474048442906575,0.3409629044988161,0.591778966548764
seizure_detection,asr20,mobilenet,7,28155425,accuracy,0.4691842900302115,0.4691842900302115,0.5021446557149166,0.29791666666666666,0.583078491335372,0.483432972287109
seizure_detection,asr20,mobilenet,8,149869551,accuracy,0.8301049233252623,0.8301049233252623,0.8300072165618384,0.8250294233032561,0.8415366146458584,0.9081783303471979
seizure_detection,asr20,mobilenet,9,2044435244,accuracy,0.6949350216594469,0.6949350216594469,0.6938104905712221,0.7737404580152671,0.6992273730684326,0.7523018443532231
seizure_detection,asr20,mobilenet,10,1786428360,accuracy,0.5623776472681972,0.5623776472681972,0.5839727607259538,0.6907894736842105,0.3729415563448499,0.6373563272840591
seizure_detection,asr20,random_forest,1,2013945970,accuracy,0.8319648093841642,0.8319648093841642,0.8313951673326674,0.7788911155644622,0.828125,0.9205042116973935
seizure_detection,asr20,random_forest,2,61155527,accuracy,0.7266616878267363,0.7266616878267363,0.6601297053432962,0.703770197486535,0.9560975609756097,0.8325320738756519
seizure_detection,asr20,random_forest,3,1072713694,accuracy,0.5047352274243031,0.5047352274243031,0.4918787321332107,0.45030425963488846,0.32006920415224915,0.5641618450776278
seizure_detection,asr20,random_forest,4,2111243235,accuracy,0.6135425268373246,0.6135425268373246,0.622172847324202,0.8407079646017699,0.3054662379421222,0.7544671127694769
seizure_detection,asr20,random_forest,5,1626406676,accuracy,0.7430663412469491,0.7430663412469491,0.7606673643292585,0.9313077939233818,0.5722402597402597,0.8662967982213576
seizure_detection,asr20,random_forest,6,126691620,accuracy,0.8274844211216792,0.8274844211216792,0.8210494402943759,0.7980691874497184,0.7829518547750592,0.8868860489486641
seizure_detection,asr20,random_forest,7,28155425,accuracy,0.48761329305135953,0.48761329305135953,0.4824954513603026,0.28161270616982287,0.46992864424057085,0.45209167396506134
seizure_detection,asr20,random_forest,8,149869551,accuracy,0.8121468926553672,0.8121468926553672,0.8122821778283964,0.8250414593698175,0.7963185274109644,0.8991579537798026
seizure_detection,asr20,random_forest,9,2044435244,accuracy,0.603132289236921,0.603132289236921,0.6584897060434409,0.8886107634543179,0.39183222958057395,0.7615445553148155
seizure_detection,asr20,random_forest,10,1786428360,accuracy,0.5477843032568073,0.5477843032568073,0.5684519976227282,0.6621936989498249,0.36648369389732,0.6857829978974818
seizure_detection,asr20,svm,1,2013945970,accuracy,0.7595307917888563,0.7595307917888563,0.767072770979021,0.6735537190082644,0.8103693181818182,0.8294663433157752
seizure_detection,asr20,svm,2,61155527,accuracy,0.7419716206123973,0.7419716206123973,0.6842996616382349,0.7220402433317735,0.9408536585365853,0.8779142581888246
seizure_detection,asr20,svm,3,1072713694,accuracy,0.6001067093504068,0.6001067093504068,0.5901460733213613,0.587037037037037,0.45703575547866204,0.6518155354647662
seizure_detection,asr20,svm,4,2111243235,accuracy,0.6888934764657308,0.6888934764657308,0.6943989895129901,0.8339006126616746,0.49236334405144694,0.7110655765671829
seizure_detection,asr20,svm,5,1626406676,accuracy,0.656534280008875,0.656534280008875,0.675589874516086,0.8252840909090909,0.4715909090909091,0.6510036249849025
seizure_detection,asr20,svm,6,126691620,accuracy,0.787143325680551,0.787143325680551,0.7704566935690325,0.7850553505535055,0.6716653512233622,0.7819772308722586
seizure_detection,asr20,svm,7,28155425,accuracy,0.60392749244713,0.60392749244713,0.5238490092347124,0.33024691358024694,0.327217125382263,0.5442173297810832
seizure_detection,asr20,svm,8,149869551,accuracy,0.7800645682001615,0.7800645682001615,0.7797477965545192,0.7633644859813085,0.8171268507402961,0.8530116157166977
seizure_detection,asr20,svm,9,2044435244,accuracy,0.6344551816061312,0.6344551816061312,0.6759697753691398,0.8539603960396039,0.4759933774834437,0.659501034594155
seizure_detection,asr20,svm,10,1786428360,accuracy,0.6307172094678768,0.6307172094678768,0.6387905258395157,0.7089125102207686,0.5598966742008396,0.6815775774412166
seizure_detection,asr20,vit,1,2013945970,accuracy,0.8354838709677419,0.8354838709677419,0.8232236513486513,0.8326787117046347,0.7528409090909091,0.9110984895786032
seizure_detection,asr20,vit,2,61155527,accuracy,0.7199402539208365,0.7199402539208365,0.6496910099158795,0.6963812886142984,0.9621951219512195,0.8564083133605902
seizure_detection,asr20,vit,3,1072713694,accuracy,0.6131786047752434,0.6131786047752434,0.5949403588687895,0.6520342612419701,0.35121107266435986,0.662429078912601
seizure_detection,asr20,vit,4,2111243235,accuracy,0.5891824938067712,0.5891824938067712,0.5975244842476485,0.7615546218487395,0.29139871382636656,0.6941337093771667
seizure_detection,asr20,vit,5,1626406676,accuracy,0.7033503439094742,0.7033503439094742,0.7197027305782813,0.8619139370584458,0.5446428571428571,0.8272357384416855
seizure_detection,asr20,vit,6,126691620,accuracy,0.7904230895375532,0.7904230895375532,0.7764559122754335,0.7778761061946903,0.6937647987371744,0.8470414041316435
seizure_detection,asr20,vit,7,28155425,accuracy,0.6386706948640484,0.6386706948640484,0.5632876959350895,0.3876698014629049,0.3781855249745158,0.5384096896420569
seizure_detection,asr20,vit,8,149869551,accuracy,0.8119451170298628,0.8119451170298628,0.812335190486451,0.8462218294299603,0.7663065226090436,0.894974514022133
seizure_detection,asr20,vit,9,2044435244,accuracy,0.611129623458847,0.611129623458847,0.6476899401615619,0.8031015037593985,0.4715783664459161,0.7041578245766472
seizure_detection,asr20,vit,10,1786428360,accuracy,0.6364121729845168,0.6364121729845168,0.6417482882951627,0.7028483448806775,0.589602841459477,0.6996201588757072
seizure_detection,bandpass,eegnet,1,2013945970,accuracy,0.8246334310850439,0.8246334310850439,0.7972301136363636,0.908266129032258,0.6399147727272727,0.8783244454409227
seizure_detection,bandpass,eegnet,2,61155527,accuracy,0.8685586258401793,0.8685586258401793,0.8401681235020442,0.8421891604675876,0.9664634146341464,0.973832769397058
seizure_detection,bandpass,eegnet,3,1072713694,accuracy,0.5794317727090836,0.5794317727090836,0.5560951484093265,0.6142131979695431,0.2442329873125721,0.6648878960867047
seizure_detection,bandpass,eegnet,4,2111243235,accuracy,0.5677126341866227,0.5677126341866227,0.5781441922927846,0.8408304498269896,0.1953376205787781,0.6414366207370933
seizure_detection,bandpass,eegnet,5,1626406676,accuracy,0.6039494120257377,0.6039494120257377,0.6358187364519964,0.9391979301423028,0.2946428571428571,0.6336222514636611
seizure_detection,bandpass,eegnet,6,126691620,accuracy,0.7664808133814366,0.7664808133814366,0.726890717222209,0.9004329004329005,0.4925019731649566,0.7881640220498416
seizure_detection,bandpass,eegnet,7,28155425,accuracy,0.6558912386706949,0.6558912386706949,0.5944046807767506,0.4231517509727626,0.4434250764525994,0.6442112459618102
seizure_detection,bandpass,eegnet,8,149869551,accuracy,0.8381759483454398,0.8381759483454398,0.8386978723113176,0.8879743941472337,0.7771108443377351,0.9226240760854608
seizure_detection,bandpass,eegnet,9,2044435244,accuracy,0.5804731756081306,0.5804731756081306,0.6398704923906968,0.879286694101509,0.3537527593818984,0.692549390383148
seizure_detection,bandpass,eegnet,10,1786428360,accuracy,0.590674497241502,0.590674497241502,0.6136181134591635,0.746749226006192,0.389409105586051,0.7505855478569345
seizure_detection,bandpass,lightgbm,1,2013945970,accuracy,0.8348973607038123,0.8348973607038123,0.8284137737262738,0.8054953000723066,0.7911931818181818,0.91636843270366
seizure_detection,bandpass,lightgbm,2,61155527,accuracy,0.7386109036594474,0.7386109036594474,0.6732453357770571,0.7115211521152115,0.9640243902439024,0.8989667042624183
seizure_detection,bandpass,lightgbm,3,1072713694,accuracy,0.5419501133786848,0.5419501133786848,0.5272454849400668,0.5075221238938054,0.3307381776239907,0.6248476658413354
seizure_detection,bandpass,lightgbm,4,2111243235,accuracy,0.5918662262592899,0.5918662262592899,0.6012066748917726,0.8296774193548387,0.2584405144694534,0.7439033336244876
seizure_detection,bandpass,lightgbm,5,1626406676,accuracy,0.7798979365431551,0.7798979365431551,0.795481462675846,0.9526445264452644,0.6286525974025974,0.9033194992721424
seizure_detection,bandpass,lightgbm,6,126691620,accuracy,0.8707773040341096,0.8707773040341096,0.8628765511822603,0.8652719665271966,0.8161010260457774,0.9222869756939738
seizure_detection,bandpass,lightgbm,7,28155425,accuracy,0.5401812688821752,0.5401812688821752,0.5092305544285171,0.3055355859094177,0.4332313965341488,0.5240938939025687
seizure_detection,bandpass,lightgbm,8,149869551,accuracy,0.8204196933010492,0.8204196933010492,0.820731711488014,0.848419229103508,0.7839135654261705,0.9066845297337496
seizure_detection,bandpass,lightgbm,9,2044435244,accuracy,0.6321226257914029,0.6321226257914029,0.6796769550534053,0.8827027027027027,0.45060706401766,0.8011485898142836
seizure_detection,bandpass,lightgbm,10,1786428360,accuracy,0.5646912261968322,0.5646912261968322,0.5840838912692619,0.6815393195761293,0.3945753955440749,0.7036193220678373
seizure_detection,bandpass,logistic_regression,1,2013945970,accuracy,0.7774193548387097,0.7774193548387097,0.7666083916083917,0.7430711610486891,0.7045454545454546,0.8157281284056852
seizure_detection,bandpass,logistic_regression,2,61155527,accuracy,0.780806572068708,0.780806572068708,0.7329814605949527,0.7569546120058566,0.9457317073170732,0.938775612105832
seizure_detection,bandpass,logistic_regression,3,1072713694,accuracy,0.5472855808990262,0.5472855808990262,0.5288971135736499,0.5195767195767196,0.2831603229527105,0.6623886783335238
seizure_detection,bandpass,logistic_regression,4,2111243235,accuracy,0.6649463253509497,0.6649463253509497,0.6722918565992827,0.8797190517998245,0.402733118971061,0.7316076419786112
seizure_detection,bandpass,logistic_regression,5,1626406676,accuracy,0.6966940315065454,0.6966940315065454,0.7141168608679622,0.8649367930805056,0.5275974025974026,0.7083659121104056
seizure_detection,bandpass,logistic_regression,6,126691620,accuracy,0.819940964250574,0.819940964250574,0.808209252039823,0.8110918544194108,0.7387529597474349,0.8031596328097249
seizure_detection,bandpass,logistic_regression,7,28155425,accuracy,0.5858006042296072,0.5858006042296072,0.5457778950773149,0.3462145110410095,0.4475025484199796,0.5861569476559569
seizure_detection,bandpass,logistic_regression,8,149869551,accuracy,0.7939870863599677,0.7939870863599677,0.7943981011207901,0.8284444444444444,0.7458983593437375,0.8469833191721946
seizure_detection,bandpass,logistic_regression,9,2044435244,accuracy,0.6532822392535821,0.6532822392535821,0.6989340291895725,0.8999481596682218,0.4790286975717439,0.724813155730324
seizure_detection,bandpass,logistic_regression,10,1786428360,accuracy,0.5333689268553123,0.5333689268553123,0.5646506416764632,0.7103631532329495,0.2589602841459477,0.6862595917309658
seizure_detection,bandpass,mlp,1,2013945970,accuracy,0.8096774193548387,0.8096774193548387,0.8074620691808192,0.7565922920892495,0.7947443181818182,0.8502231078580511
seizure_detection,bandpass,mlp,2,61155527,accuracy,0.70201643017177,0.70201643017177,0.6447818271535317,0.6997153700189753,0.899390243902439,0.850692877954791
seizure_detection,bandpass,mlp,3,1072713694,accuracy,0.5522208883553421,0.5522208883553421,0.5297147153723738,0.5375761679079215,0.2289504036908881,0.610900913589853
seizure_detection,bandpass,mlp,4,2111243235,accuracy,0.6606110652353427,0.6606110652353427,0.6682404915410609,0.8878676470588235,0.3882636655948553,0.7274595477647547
seizure_detection,bandpass,mlp,5,1626406676,accuracy,0.7226536498779677,0.7226536498779677,0.7404931552783975,0.9062918340026772,0.549512987012987,0.7596665601896879
seizure_detection,bandpass,mlp,6,126691620,accuracy,0.8363397835355855,0.8363397835355855,0.8263442103221108,0.826530612244898,0.7671665351223362,0.8356727850282177
seizure_detection,bandpass,mlp,7,28155425,accuracy,0.6450151057401813,0.6450151057401813,0.5840210456378359,0.4072657743785851,0.4342507645259938,0.6403145378332588
seizure_detection,bandpass,mlp,8,149869551,accuracy,0.7689669087974172,0.7689669087974172,0.768931504225622,0.7697211155378486,0.773109243697479,0.8215759238168201
seizure_detection,bandpass,mlp,9,2044435244,accuracy,0.6767744085304899,0.6767744085304899,0.7160743394657056,0.89456419868791,0.5267660044150111,0.7118224197342453
seizure_detection,bandpass,mlp,10,1786428360,accuracy,0.5342587649047873,0.5342587649047873,0.5610040106859443,0.6744186046511628,0.2996448175653858,0.6836537853393208
seizure_detection,bandpass,mobilenet,1,2013945970,accuracy,0.7419354838709677,0.7419354838709677,0.7698941683316683,0.6261950286806883,0.9303977272727272,0.911631514792026
seizure_detection,bandpass,mobilenet,2,61155527,accuracy,0.6691560866318148,0.6691560866318148,0.5751627191127402,0.6505591054313099,0.9932926829268292,0.9293434841862872
seizure_detection,bandpass,mobilenet,3,1072713694,accuracy,0.5687608376684007,0.5687608376684007,0.5420316674696685,0.612225405921681,0.1848327566320645,0.5559476809280353
seizure_detection,bandpass,mobilenet,4,2111243235,accuracy,0.5984723369116433,0.5984723369116433,0.6049690466701969,0.711943793911007,0.3665594855305466,0.7221402118965603
seizure_detection,bandpass,mobilenet,5,1626406676,accuracy,0.7397381850454848,0.7397381850454848,0.7571635565853627,0.9243918474687706,0.5706168831168831,0.8520985102758231
seizure_detection,bandpass,mobilenet,6,126691620,accuracy,0.8196129878648737,0.8196129878648737,0.8286856551129111,0.7360105332455563,0.8823993685872139,0.8956764877575192
seizure_detection,bandpass,mobilenet,7,28155425,accuracy,0.5963746223564955,0.5963746223564955,0.5630268357705814,0.363356428021555,0.4811416921508664,0.6330227084025423
seizure_detection,bandpass,mobilenet,8,149869551,accuracy,0.857546408393866,0.857546408393866,0.8579671184713201,0.8989764129951046,0.8083233293317327,0.928308971126098
seizure_detection,bandpass,mobilenet,9,2044435244,accuracy,0.659780073308897,0.659780073308897,0.6876154577371305,0.8255144032921811,0.5535320088300221,0.7882948365907501
seizure_detection,bandpass,mobilenet,10,1786428360,accuracy,0.6262680192205019,0.6262680192205019,0.6273557946768469,0.6765851930570316,0.6167258637391023,0.6918912088314471
seizure_detection,bandpass,random_forest,1,2013945970,accuracy,0.8243401759530792,0.8243401759530792,0.8235319368131868,0.7702070808283233,0.8188920454545454,0.9117537292253202
seizure_detection,bandpass,random_forest,2,61155527,accuracy,0.7498132935026139,0.7498132935026139,0.6836293998778138,0.7167113494191242,0.9780487804878047,0.8896035997932235
seizure_detection,bandpass,random_forest,3,1072713694,accuracy,0.508203281312525,0.508203281312525,0.4939811367585008,0.4529437043403523,0.3039215686274509,0.5662370893490476
seizure_detection,bandpass,random_forest,4,2111243235,accuracy,0.5584227910817506,0.5584227910817506,0.5693935303719313,0.8627858627858628,0.1668006430868167,0.7146914698191387
seizure_detection,bandpass,random_forest,5,1626406676,accuracy,0.7648102950965165,0.7648102950965165,0.7813900490111945,0.9465648854961832,0.6038961038961039,0.8928996541882004
seizure_detection,bandpass,random_forest,6,126691620,accuracy,0.8734011151197114,0.8734011151197114,0.868086503906025,0.8555286521388217,0.8366219415943172,0.9230687122031505
seizure_detection,bandpass,random_forest,7,28155425,accuracy,0.5021148036253776,0.5021148036253776,0.491915304482024,0.2893240682248894,0.4668705402650356,0.472297832278294
seizure_detection,bandpass,random_forest,8,149869551,accuracy,0.8123486682808717,0.8123486682808717,0.8126498462632916,0.8388768898488121,0.7771108443377351,0.9001093314818804
seizure_detection,bandpass,random_forest,9,2044435244,accuracy,0.611129623458847,0.611129623458847,0.6672086798225827,0.9061712846347608,0.3970750551876379,0.7721672473204522
seizure_detection,bandpass,random_forest,10,1786428360,accuracy,0.5178857447944474,0.5178857447944474,0.5421019599689347,0.6289893617021277,0.3054568937681627,0.6754380630304787
seizure_detection,bandpass,svm,1,2013945970,accuracy,0.7747800586510264,0.7747800586510264,0.766151816933067,0.7322206095791002,0.7166193181818182,0.8156559349741167
seizure_detection,bandpass,svm,2,61155527,accuracy,0.7826736370425691,0.7826736370425691,0.7355667559565768,0.7590597453476984,0.945121951219512,0.9373977865501198
seizure_detection,bandpass,svm,3,1072713694,accuracy,0.5478191276510604,0.5478191276510604,0.5306180923598032,0.5194223107569721,0.3007497116493656,0.6571733536245152
seizure_detection,bandpass,svm,4,2111243235,accuracy,0.6763005780346821,0.6763005780346821,0.6831760190851571,0.8758169934640523,0.4308681672025723,0.727183861141288
seizure_detection,bandpass,svm,5,1626406676,accuracy,0.6984690481473264,0.6984690481473264,0.7149457324980453,0.8566817301484829,0.5385551948051948,0.7001066954949113
seizure_detection,bandpass,svm,6,126691620,accuracy,0.8150213184650705,0.8150213184650705,0.8052550409824811,0.7951301427371956,0.7474348855564326,0.8018643419195906
seizure_detection,bandpass,svm,7,28155425,accuracy,0.5776435045317221,0.5776435045317221,0.5449964087958896,0.3431151241534989,0.4648318042813456,0.5840827592002448
seizure_detection,bandpass,svm,8,149869551,accuracy,0.7893462469733656,0.7893462469733656,0.7896389324960753,0.8137128072445019,0.7551020408163265,0.8432492248018458
seizure_detection,bandpass,svm,9,2044435244,accuracy,0.665944685104965,0.665944685104965,0.707684681322721,0.8943010228933268,0.5066225165562914,0.7249305280932462
seizure_detection,bandpass,svm,10,1786428360,accuracy,0.5292756718277274,0.5292756718277274,0.5597594894345325,0.6931623931623931,0.2618663222473361,0.6673629823135996
seizure_detection,bandpass,vit,1,2013945970,accuracy,0.8706744868035191,0.8706744868035191,0.8593047577422577,0.8810086682427108,0.7940340909090909,0.914090880710199
seizure_detection,bandpass,vit,2,61155527,accuracy,0.8368185212845407,0.8368185212845407,0.7974558249917759,0.8027176648213387,0.972560975609756,0.9528795996052448
seizure_detection,bandpass,vit,3,1072713694,accuracy,0.5656929438442043,0.5656929438442043,0.5457820507205116,0.5613425925925926,0.2797001153402537,0.5984102282672081
seizure_detection,bandpass,vit,4,2111243235,accuracy,0.5885631709331132,0.5885631709331132,0.5970454446197435,0.7669902912621359,0.2857717041800643,0.6937768180304511
seizure_detection,bandpass,vit,5,1626406676,accuracy,0.7397381850454848,0.7397381850454848,0.7548636737100394,0.8957694665849172,0.5929383116883117,0.8424497293577691
seizure_detection,bandpass,vit,6,126691620,accuracy,0.854378484749098,0.854378484749098,0.8446275435225712,0.8514090520922288,0.7868981846882399,0.8949036094524124
seizure_detection,bandpass,vit,7,28155425,accuracy,0.7290030211480363,0.7290030211480363,0.6339683264988846,0.5598290598290598,0.400611620795107,0.7112015367990094
seizure_detection,bandpass,vit,8,149869551,accuracy,0.856133979015335,0.856133979015335,0.8568777938525838,0.933916423712342,0.7691076430572229,0.9269026291835416
seizure_detection,bandpass,vit,9,2044435244,accuracy,0.5924691769410196,0.5924691769410196,0.6444546867254468,0.8510131108462455,0.3940397350993377,0.7222785973149751
seizure_detection,bandpass,vit,10,1786428360,accuracy,0.6494038085068518,0.6494038085068518,0.6615582038538741,0.7521252796420582,0.5427833387148854,0.7461992201913443
seizure_detection,ic_unet,eegnet,1,2013945970,accuracy,0.5146627565982405,0.5146627565982405,0.5708588286713286,0.45530220774520447,0.8934659090909091,0.7868264547952047
seizure_detection,ic_unet,eegnet,2,61155527,accuracy,0.6247199402539209,0.6247199402539209,0.5178409464730486,0.6210446054136485,0.9932926829268293,0.9443688613186711
seizure_detection,ic_unet,eegnet,3,1072713694,accuracy,0.497265572895825,0.497265572895825,0.4910921554027419,0.45199362041467306,0.4085928489042676,0.5357775934165878
seizure_detection,ic_unet,eegnet,4,2111243235,accuracy,0.5336498761354252,0.5336498761354252,0.5457281538822681,0.9074733096085409,0.102491961414791,0.6289089155962201
seizure_detection,ic_unet,eegnet,5,1626406676,accuracy,0.42356334590636785,0.42356334590636785,0.3997557982277145,0.4800595238095238,0.6546266233766234,0.4466256332996421
seizure_detection,ic_unet,eegnet,6,126691620,accuracy,0.7999344047228599,0.7999344047228599,0.7832242445502113,0.8050139275766016,0.6842936069455406,0.8007023670007095
seizure_detection,ic_unet,eegnet,7,28155425,accuracy,0.5628398791540785,0.5628398791540785,0.5276918821279711,0.32507507507507505,0.4413863404689093,0.5605674846558637
seizure_detection,ic_unet,eegnet,8,149869551,accuracy,0.741727199354318,0.741727199354318,0.7410656570320435,0.712,0.8191276510604242,0.8340637028112017
seizure_detection,ic_unet,eegnet,9,2044435244,accuracy,0.5143285571476175,0.5143285571476175,0.5970971720164793,0.9862825788751715,0.19839955849889623,0.7721768784683736
seizure_detection,ic_unet,eegnet,10,1786428360,accuracy,0.5376401494927923,0.5376401494927923,0.5773594691544887,0.8707280832095097,0.18921536971262512,0.6479130247301308
seizure_detection,ic_unet,lightgbm,1,2013945970,accuracy,0.7736070381231671,0.7736070381231671,0.7760052447552448,0.7002518891687658,0.7897727272727273,0.8683844564526382
seizure_detection,ic_unet,lightgbm,2,61155527,accuracy,0.7296489917849142,0.7296489917849142,0.6763604962639223,0.7201923076923077,0.9134146341463415,0.8077382630762724
seizure_detection,ic_unet,lightgbm,3,1072713694,accuracy,0.5319461117780445,0.5319461117780445,0.521491247280744,0.49237634808478986,0.3817762399077278,0.5828128135607389
seizure_detection,ic_unet,lightgbm,4,2111243235,accuracy,0.5887696118909992,0.5887696118909992,0.5966271379361171,0.7389210019267822,0.3082797427652733,0.6987652787710382
seizure_detection,ic_unet,lightgbm,5,1626406676,accuracy,0.7197692478366985,0.7197692478366985,0.7338408272466643,0.8589360430364614,0.583198051948052,0.8408487009808596
seizure_detection,ic_unet,lightgbm,6,126691620,accuracy,0.831420137750082,0.831420137750082,0.827837924983413,0.7916343919442292,0.8066298342541437,0.9026740260626079
seizure_detection,ic_unet,lightgbm,7,28155425,accuracy,0.48851963746223565,0.48851963746223565,0.4813695071099714,0.280517879161529,0.46381243628950053,0.4714579150707583
seizure_detection,ic_unet,lightgbm,8,149869551,accuracy,0.7586763518966909,0.7586763518966909,0.7589907757974985,0.782646420824295,0.7218887555022009,0.8494139210425725
seizure_detection,ic_unet,lightgbm,9,2044435244,accuracy,0.6392869043652116,0.6392869043652116,0.6813444200610081,0.8627548483341622,0.47875275938189843,0.7832091263365248
seizure_detection,ic_unet,lightgbm,10,1786428360,accuracy,0.5671827727353622,0.5671827727353622,0.5847981738742335,0.6758328926493918,0.41265741039715853,0.6584948161698525
seizure_detection,ic_unet,logistic_regression,1,2013945970,accuracy,0.7771260997067448,0.7771260997067448,0.7703624500499501,0.7294617563739377,0.7315340909090909,0.8456616182113341
seizure_detection,ic_unet,logistic_regression,2,61155527,accuracy,0.7625093353248693,0.7625093353248693,0.7829344659053527,0.8965244865718799,0.6920731707317073,0.8846732694205555
seizure_detection,ic_unet,logistic_regression,3,1072713694,accuracy,0.5072695744964653,0.5072695744964653,0.48982012760428073,0.4436689930209372,0.2566320645905421,0.5581991991166694
seizure_detection,ic_unet,logistic_regression,4,2111243235,accuracy,0.5388109000825764,0.5388109000825764,0.5498852897985032,0.7760869565217391,0.1434887459807074,0.7561934808302262
seizure_detection,ic_unet,logistic_regression,5,1626406676,accuracy,0.6552030175282894,0.6552030175282894,0.6789302917469217,0.8842905405405406,0.42491883116883117,0.8416670441037182
seizure_detection,ic_unet,logistic_regression,6,126691620,accuracy,0.835683830764185,0.835683830764185,0.8311433638321299,0.8011006289308176,0.8042620363062352,0.8997153859032311
seizure_detection,ic_unet,logistic_regression,7,28155425,accuracy,0.5027190332326285,0.5027190332326285,0.47965969128337516,0.27759197324414714,0.4230377166156983,0.4747959185013321
seizure_detection,ic_unet,logistic_regression,8,149869551,accuracy,0.6882566585956417,0.6882566585956417,0.6900555093832405,0.8326359832635983,0.4777911164465786,0.8280628490712525
seizure_detection,ic_unet,logistic_regression,9,2044435244,accuracy,0.5624791736087971,0.5624791736087971,0.6299579524968577,0.9117161716171617,0.3049116997792494,0.8134305661536863
seizure_detection,ic_unet,logistic_regression,10,1786428360,accuracy,0.5369282790532123,0.5369282790532123,0.5763824037843791,0.8602620087336245,0.1908298353245076,0.5606359227688815
seizure_detection,ic_unet,mlp,1,2013945970,accuracy,0.7466275659824047,0.7466275659824047,0.753344311938062,0.6613285883748518,0.7919034090909091,0.8454226881073472
seizure_detection,ic_unet,mlp,2,61155527,accuracy,0.7572815533980582,0.7572815533980582,0.7342849757977348,0.7822120866590649,0.8365853658536585,0.8347566849945957
seizure_detection,ic_unet,mlp,3,1072713694,accuracy,0.5291449913298653,0.5291449913298653,0.5122403019286643,0.48486328125,0.28633217993079585,0.5938040612708956
seizure_detection,ic_unet,mlp,4,2111243235,accuracy,0.5889760528488852,0.5889760528488852,0.5983368726764531,0.8223086900129701,0.25482315112540194,0.7990947379339335
seizure_detection,ic_unet,mlp,5,1626406676,accuracy,0.6780563567783447,0.6780563567783447,0.6976568310544081,0.8641265276779295,0.4878246753246753,0.8377524259269855
seizure_detection,ic_unet,mlp,6,126691620,accuracy,0.819940964250574,0.819940964250574,0.8258869055369976,0.7452185792349727,0.8610891870560379,0.9017259767720174
seizure_detection,ic_unet,mlp,7,28155425,accuracy,0.5507552870090634,0.5507552870090634,0.49343954193655415,0.2888146911519199,0.3527013251783894,0.5067733917379984
seizure_detection,ic_unet,mlp,8,149869551,accuracy,0.7572639225181598,0.7572639225181598,0.7571592739659967,0.7541176470588236,0.7695078031212484,0.8297147918996659
seizure_detection,ic_unet,mlp,9,2044435244,accuracy,0.625624791736088,0.625624791736088,0.6781276166552486,0.9038123167155425,0.42522075055187636,0.8461851139121119
seizure_detection,ic_unet,mlp,10,1786428360,accuracy,0.5200213561131874,0.5200213561131874,0.5481250945825908,0.6545595054095827,0.2734904746528899,0.5681433158947149
seizure_detection,ic_unet,mobilenet,1,2013945970,accuracy,0.646041055718475,0.646041055718475,0.690227741008991,0.5409035409035409,0.9438920454545454,0.8803600518799383
seizure_detection,ic_unet,mobilenet,2,61155527,accuracy,0.6874533233756535,0.6874533233756535,0.6438542694675502,0.706426735218509,0.8378048780487805,0.7915744395883266
seizure_detection,ic_unet,mobilenet,3,1072713694,accuracy,0.5195411497932506,0.5195411497932506,0.5063163388959455,0.47231404958677686,0.3295847750865052,0.5561662877815194
seizure_detection,ic_unet,mobilenet,4,2111243235,accuracy,0.5780346820809249,0.5780346820809249,0.5865597994311575,0.7418300653594772,0.2737138263665595,0.5654167167087931
seizure_detection,ic_unet,mobilenet,5,1626406676,accuracy,0.6332371865986244,0.6332371865986244,0.6514813808316011,0.7821851078636047,0.45616883116883117,0.6123434430840817
seizure_detection,ic_unet,mobilenet,6,126691620,accuracy,0.831420137750082,0.831420137750082,0.8351370851370852,0.7653276955602537,0.8571428571428571,0.8920685412398119
seizure_detection,ic_unet,mobilenet,7,28155425,accuracy,0.5078549848942598,0.5078549848942598,0.4564643643568725,0.25,0.3302752293577982,0.44228622049949473
seizure_detection,ic_unet,mobilenet,8,149869551,accuracy,0.7554479418886199,0.7554479418886199,0.7554679991654782,0.759790068631409,0.7531012404961985,0.8303841683193424
seizure_detection,ic_unet,mobilenet,9,2044435244,accuracy,0.5296567810729756,0.5296567810729756,0.5961272109866566,0.8340283569641368,0.27593818984547464,0.792948885757412
seizure_detection,ic_unet,mobilenet,10,1786428360,accuracy,0.5379960847125823,0.5379960847125823,0.5627379928441149,0.6684599865501009,0.32095576364223444,0.63210182425652
seizure_detection,ic_unet,random_forest,1,2013945970,accuracy,0.7785923753665689,0.7785923753665689,0.7880478896103895,0.689936009307737,0.8423295454545454,0.8791528074198528
seizure_detection,ic_unet,random_forest,2,61155527,accuracy,0.7401045556385362,0.7401045556385362,0.6817143662766108,0.7201492537313433,0.9414634146341463,0.8217373936745148
seizure_detection,ic_unet,random_forest,3,1072713694,accuracy,0.5238095238095238,0.5238095238095238,0.5131783539923788,0.48094170403587444,0.3711072664359862,0.5552730735615461
seizure_detection,ic_unet,random_forest,4,2111243235,accuracy,0.5912469033856317,0.5912469033856317,0.5996692442911032,0.7707889125799574,0.29059485530546625,0.7441158136303834
seizure_detection,ic_unet,random_forest,5,1626406676,accuracy,0.7104504104725982,0.7104504104725982,0.727659798901539,0.8815009874917709,0.5434253246753247,0.839407090095416
seizure_detection,ic_unet,random_forest,6,126691620,accuracy,0.8353558543784847,0.8353558543784847,0.835310705936857,0.7831236121391562,0.835043409629045,0.9072856071014451
seizure_detection,ic_unet,random_forest,7,28155425,accuracy,0.481570996978852,0.481570996978852,0.4849867534683241,0.28420434527304755,0.49337410805300713,0.45230635837897293
seizure_detection,ic_unet,random_forest,8,149869551,accuracy,0.7469733656174334,0.7469733656174334,0.7474955794283525,0.7851580393953276,0.6858743497398959,0.8461150842103223
seizure_detection,ic_unet,random_forest,9,2044435244,accuracy,0.6457847384205265,0.6457847384205265,0.6883156305872262,0.8733798604187437,0.48344370860927155,0.8186073081614579
seizure_detection,ic_unet,random_forest,10,1786428360,accuracy,0.5429791777896423,0.5429791777896423,0.5627678239692194,0.6503695281409893,0.36938973199870845,0.634344791984876
seizure_detection,ic_unet,svm,1,2013945970,accuracy,0.770674486803519,0.770674486803519,0.7662376685814185,0.7143835616438357,0.7407670454545454,0.8434498739896465
seizure_detection,ic_unet,svm,2,61155527,accuracy,0.768857356235997,0.768857356235997,0.7852883124206964,0.888212927756654,0.7121951219512195,0.8767790427181728
seizure_detection,ic_unet,svm,3,1072713694,accuracy,0.506202480992397,0.506202480992397,0.48936935161257356,0.4434235976789168,0.2644175317185698,0.5550693172309293
seizure_detection,ic_unet,svm,4,2111243235,accuracy,0.5264244426094137,0.5264244426094137,0.5367239830984993,0.662751677852349,0.1587620578778135,0.74272313556685
seizure_detection,ic_unet,svm,5,1626406676,accuracy,0.6372309740403816,0.6372309740403816,0.6623681552783975,0.8737601442741209,0.393262987012987,0.82647659334058
seizure_detection,ic_unet,svm,6,126691620,accuracy,0.8412594293210889,0.8412594293210889,0.8363694827783226,0.8099762470308789,0.8074191002367798,0.8994248368097355
seizure_detection,ic_unet,svm,7,28155425,accuracy,0.49395770392749244,0.49395770392749244,0.4731388436979292,0.2720105124835742,0.42201834862385323,0.472844281800758
seizure_detection,ic_unet,svm,8,149869551,accuracy,0.6739305891848265,0.6739305891848265,0.6759182305400793,0.8337112622826909,0.4413765506202481,0.822744319543039
seizure_detection,ic_unet,svm,9,2044435244,accuracy,0.5549816727757414,0.5549816727757414,0.6158695557325521,0.844043321299639,0.32257174392935983,0.7989739230287942
seizure_detection,ic_unet,svm,10,1786428360,accuracy,0.5349706353443673,0.5349706353443673,0.574422447652777,0.8527696793002916,0.18889247659024863,0.5615603675706735
seizure_detection,ic_unet,vit,1,2013945970,accuracy,0.4117302052785924,0.4117302052785924,0.3747775661838162,0.2168560606060606,0.16264204545454544,0.3045541106620652
seizure_detection,ic_unet,vit,2,61155527,accuracy,0.7972367438386856,0.7972367438386856,0.7488715400159782,0.7656174334140435,0.9640243902439024,0.9113715400159781
seizure_detection,ic_unet,vit,3,1072713694,accuracy,0.5276777377617714,0.5276777377617714,0.5099918969821734,0.48148148148148145,0.27364475201845445,0.5830533562467956
seizure_detection,ic_unet,vit,4,2111243235,accuracy,0.5127993393889347,0.5127993393889347,0.5250479039627904,0.7580645161290323,0.07556270096463022,0.6371673165319169
seizure_detection,ic_unet,vit,5,1626406676,accuracy,0.6021743953849568,0.6021743953849568,0.6256648851637838,0.7860187553282183,0.3741883116883117,0.6431441936673215
seizure_detection,ic_unet,vit,6,126691620,accuracy,0.6907182682846835,0.6907182682846835,0.6508990634220837,0.7225274725274725,0.4151539068666141,0.7424587894201153
seizure_detection,ic_unet,vit,7,28155425,accuracy,0.6764350453172205,0.6764350453172205,0.5960232393142529,0.44839449541284404,0.3985728848114169,0.6549393390696309
seizure_detection,ic_unet,vit,8,149869551,accuracy,0.8290960451977402,0.8290960451977402,0.8294343378376992,0.8600697471665214,0.789515806322529,0.9091257178492073
seizure_detection,ic_unet,vit,9,2044435244,accuracy,0.5088303898700434,0.5088303898700434,0.5822787806548995,0.8448979591836735,0.22847682119205298,0.6983146767554682
seizure_detection,ic_unet,vit,10,1786428360,accuracy,0.595657590318562,0.595657590318562,0.6124332544579608,0.7112135176651305,0.4484985469809493,0.6796687695262638
seizure_detection,ica,eegnet,1,2013945970,accuracy,0.6964809384164223,0.6964809384164223,0.6632234952547453,0.6948798328108673,0.47230113636363635,0.7271031525292889
seizure_detection,ica,eegnet,2,61155527,accuracy,0.8230022404779687,0.8230022404779687,0.7821085342356313,0.7920841683366734,0.9640243902439024,0.9576178391841721
seizure_detection,ica,eegnet,3,1072713694,accuracy,0.5071361878084567,0.5071361878084567,0.48465719124582074,0.4245847176079734,0.1842560553633218,0.5522958478940027
seizure_detection,ica,eegnet,4,2111243235,accuracy,0.531998348472337,0.531998348472337,0.5441542152757685,0.9138576779026217,0.09807073954983923,0.5895580620595156
seizure_detection,ica,eegnet,5,1626406676,accuracy,0.5163079653871755,0.5163079653871755,0.5566262848751835,0.927710843373494,0.125,0.6121145970402578
seizure_detection,ica,eegnet,6,126691620,accuracy,0.8251885864217776,0.8251885864217776,0.8056275284636243,0.8619329388560157,0.6898184688239937,0.8523877731980862
seizure_detection,ica,eegnet,7,28155425,accuracy,0.5066465256797583,0.5066465256797583,0.42168067476996374,0.19532710280373833,0.2130479102956167,0.40115785147515115
seizure_detection,ica,eegnet,8,149869551,accuracy,0.7824858757062146,0.7824858757062146,0.783745977023288,0.9053051911009697,0.6350540216086434,0.8527854772352572
seizure_detection,ica,eegnet,9,2044435244,accuracy,0.5583138953682106,0.5583138953682106,0.6271593497791567,0.9161676646706587,0.2955298013245033,0.775378771000544
seizure_detection,ica,eegnet,10,1786428360,accuracy,0.5011567894643175,0.5011567894643175,0.543085042776297,0.7763157894736842,0.13335485954149176,0.5643379910004744
seizure_detection,ica,lightgbm,1,2013945970,accuracy,0.7750733137829912,0.7750733137829912,0.7570242257742258,0.7673060884070059,0.6534090909090909,0.8547975462037961
seizure_detection,ica,lightgbm,2,61155527,accuracy,0.7195668409260643,0.7195668409260643,0.648148409229757,0.6950416849495392,0.9658536585365853,0.9085589078434136
seizure_detection,ica,lightgbm,3,1072713694,accuracy,0.5355475523542751,0.5355475523542751,0.5207265705984554,0.4968916518650089,0.3226643598615917,0.567341860897192
seizure_detection,ica,lightgbm,4,2111243235,accuracy,0.6585466556564823,0.6585466556564823,0.6640577659011131,0.7848360655737705,0.46181672025723475,0.7759264844769325
seizure_detection,ica,lightgbm,5,1626406676,accuracy,0.7452851120479255,0.7452851120479255,0.7557551204302306,0.8545258620689655,0.6436688311688312,0.8514117734932714
seizure_detection,ica,lightgbm,6,126691620,accuracy,0.7979665464086586,0.7979665464086586,0.7777771134124725,0.8200589970501475,0.6582478295185478,0.8610732422887118
seizure_detection,ica,lightgbm,7,28155425,accuracy,0.5066465256797583,0.5066465256797583,0.46386561499753365,0.25958702064896755,0.35881753312945974,0.4438089260570855
seizure_detection,ica,lightgbm,8,149869551,accuracy,0.7851089588377724,0.7851089588377724,0.7856800839994118,0.8325602968460112,0.7182873149259704,0.8719074931559927
seizure_detection,ica,lightgbm,9,2044435244,accuracy,0.6844385204931689,0.6844385204931689,0.7057938433060968,0.8276515151515151,0.602924944812362,0.794268236984722
seizure_detection,ica,lightgbm,10,1786428360,accuracy,0.5636234205374622,0.5636234205374622,0.5845507547786774,0.6887068461088356,0.3800452050371327,0.6893231714608571
seizure_detection,ica,logistic_regression,1,2013945970,accuracy,0.7442815249266862,0.7442815249266862,0.7226874687812188,0.7330434782608696,0.5987215909090909,0.7536735281763691
seizure_detection,ica,logistic_regression,2,61155527,accuracy,0.7337565347274085,0.7337565347274085,0.6703428262606326,0.7109695038689121,0.9524390243902439,0.9127931293763805
seizure_detection,ica,logistic_regression,3,1072713694,accuracy,0.5354141656662665,0.5354141656662665,0.5172900880381937,0.4960998439937597,0.2750865051903114,0.5910706704535142
seizure_detection,ica,logistic_regression,4,2111243235,accuracy,0.6676300578034682,0.6676300578034682,0.6738797842547454,0.8290854572713643,0.4445337620578778,0.6933638851888044
seizure_detection,ica,logistic_regression,5,1626406676,accuracy,0.6168182826714,0.6168182826714,0.6380541570519545,0.7863247863247863,0.4107142857142857,0.6118800894406622
seizure_detection,ica,logistic_regression,6,126691620,accuracy,0.7743522466382421,0.7743522466382421,0.753697414378814,0.7835455435847208,0.6314127861089187,0.7296276808247342
seizure_detection,ica,logistic_regression,7,28155425,accuracy,0.5365558912386706,0.5365558912386706,0.46564939956205254,0.25422222222222224,0.291539245667686,0.5194262039287466
seizure_detection,ica,logistic_regression,8,149869551,accuracy,0.7602905569007264,0.7602905569007264,0.7608787104585424,0.8055944055944056,0.6914765906362546,0.8051551919098938
seizure_detection,ica,logistic_regression,9,2044435244,accuracy,0.6504498500499833,0.6504498500499833,0.6883473089412329,0.8565420560747663,0.5057947019867549,0.6884563845923913
seizure_detection,ica,logistic_regression,10,1786428360,accuracy,0.5335468944652073,0.5335468944652073,0.5582969321056396,0.660377358490566,0.3164352599289635,0.6315292074881501
seizure_detection,ica,mlp,1,2013945970,accuracy,0.7850439882697947,0.7850439882697947,0.7685712724775224,0.7759607522485691,0.6740056818181818,0.8084282549836528
seizure_detection,ica,mlp,2,61155527,accuracy,0.7012696041822255,0.7012696041822255,0.6330325673198929,0.6881720430107527,0.9365853658536586,0.8454485643122327
seizure_detection,ica,mlp,3,1072713694,accuracy,0.555422168867547,0.555422168867547,0.5368085059787131,0.5362318840579711,0.2880622837370242,0.5974321692527331
seizure_detection,ica,mlp,4,2111243235,accuracy,0.6395540875309661,0.6395540875309661,0.6449835270418552,0.7513550135501355,0.4457395498392283,0.6164941464359998
seizure_detection,ica,mlp,5,1626406676,accuracy,0.7146660749944531,0.7146660749944531,0.7278773218338197,0.8440420560747663,0.5864448051948052,0.7216731506379084
seizure_detection,ica,mlp,6,126691620,accuracy,0.7874713020662513,0.7874713020662513,0.7719918203343618,0.7800904977375566,0.6803472770323599,0.7712235925863918
seizure_detection,ica,mlp,7,28155425,accuracy,0.552870090634441,0.552870090634441,0.48638734495561653,0.2797881729920565,0.32313965341488277,0.5173369153460621
seizure_detection,ica,mlp,8,149869551,accuracy,0.7578692493946732,0.7578692493946732,0.7586316577913217,0.8179148311306902,0.6686674669867947,0.7950609629281098
seizure_detection,ica,mlp,9,2044435244,accuracy,0.6654448517160947,0.6654448517160947,0.6967884879237008,0.8452991452991453,0.5458057395143487,0.6992173938067309
seizure_detection,ica,mlp,10,1786428360,accuracy,0.5408435664709023,0.5408435664709023,0.5644745356138823,0.6668818592640413,0.33354859541491766,0.6504605131926551
seizure_detection,ica,mobilenet,1,2013945970,accuracy,0.7002932551319648,0.7002932551319648,0.6703686938061938,0.6895874263261297,0.49857954545454547,0.7409926721006266
seizure_detection,ica,mobilenet,2,61155527,accuracy,0.7561613144137416,0.7561613144137416,0.690050049344424,0.7202141900937081,0.9841463414634146,0.9521735043940034
seizure_detection,ica,mobilenet,3,1072713694,accuracy,0.5906362545018007,0.5906362545018007,0.5783437723562992,0.5806712494945411,0.4140715109573241,0.6019909577134402
seizure_detection,ica,mobilenet,4,2111243235,accuracy,0.615813377374071,0.615813377374071,0.6223567521386185,0.7458823529411764,0.3822347266881029,0.7059222126990539
seizure_detection,ica,mobilenet,5,1626406676,accuracy,0.6745063234967827,0.6745063234967827,0.6801926200329284,0.7425790754257907,0.6193181818181818,0.7241993964185595
seizure_detection,ica,mobilenet,6,126691620,accuracy,0.7550016398819285,0.7550016398819285,0.7417049562537592,0.7241379310344828,0.6629834254143646,0.7732468063959776
seizure_detection,ica,mobilenet,7,28155425,accuracy,0.5081570996978853,0.5081570996978853,0.4729040257813878,0.2697508896797153,0.38634046890927626,0.4840680529896282
seizure_detection,ica,mobilenet,8,149869551,accuracy,0.7447538337368845,0.7447538337368845,0.7446209252931941,0.7404520654715511,0.7603041216486595,0.8293362929217272
seizure_detection,ica,mobilenet,9,2044435244,accuracy,0.6297900699766744,0.6297900699766744,0.6374066590917108,0.7374661246612466,0.6007174392935982,0.6521439979614457
seizure_detection,ica,mobilenet,10,1786428360,accuracy,0.5792845702082221,0.5792845702082221,0.5570536911600261,0.59020428254984,0.7742977074588311,0.6122272532549855
seizure_detection,ica,random_forest,1,2013945970,accuracy,0.7601173020527859,0.7601173020527859,0.7330130806693307,0.7847490347490348,0.5774147727272727,0.849221446167469
seizure_detection,ica,random_forest,2,61155527,accuracy,0.7233009708737864,0.7233009708737864,0.6481912918840171,0.6934997847610848,0.9823170731707317,0.8908477842003855
seizure_detection,ica,random_forest,3,1072713694,accuracy,0.4893957583033213,0.4893957583033213,0.47305016571036457,0.4153339604891816,0.2546136101499423,0.5060653829516856
seizure_detection,ica,random_forest,4,2111243235,accuracy,0.5604872006606111,0.5604872006606111,0.570265969352382,0.759018759018759,0.21141479099678456,0.7536011565190333
seizure_detection,ica,random_forest,5,1626406676,accuracy,0.6818282671400044,0.6818282671400044,0.7020682755814914,0.8781204111600588,0.48538961038961037,0.8120477708170439
seizure_detection,ica,random_forest,6,126691620,accuracy,0.7933748770088553,0.7933748770088553,0.7701993627407993,0.8293691830403309,0.632991318074191,0.850854418073571
seizure_detection,ica,random_forest,7,28155425,accuracy,0.43383685800604227,0.43383685800604227,0.39088670134005965,0.19270474879559532,0.2854230377166157,0.37449365335098084
seizure_detection,ica,random_forest,8,149869551,accuracy,0.7804681194511703,0.7804681194511703,0.7812629325234368,0.8483950617283951,0.6874749899959984,0.8645011932326857
seizure_detection,ica,random_forest,9,2044435244,accuracy,0.6109630123292236,0.6109630123292236,0.6577450906673945,0.8493224932249323,0.43239514348785874,0.7798183820785457
seizure_detection,ica,random_forest,10,1786428360,accuracy,0.4977754048763125,0.4977754048763125,0.5259197908902146,0.6075058639562158,0.25088795608653536,0.6253041686500738
seizure_detection,ica,svm,1,2013945970,accuracy,0.7304985337243401,0.7304985337243401,0.711476023976024,0.7025683512841756,0.6022727272727273,0.7420078146285534
seizure_detection,ica,svm,2,61155527,accuracy,0.7255414488424197,0.7255414488424197,0.660629611353917,0.7048438207333635,0.949390243902439,0.8990092931998686
seizure_detection,ica,svm,3,1072713694,accuracy,0.5356809390422835,0.5356809390422835,0.519204517249938,0.49688548155246764,0.29901960784313725,0.590369403714649
seizure_detection,ica,svm,4,2111243235,accuracy,0.6736168455821635,0.6736168455821635,0.6793361957429618,0.8173547935619314,0.4694533762057878,0.6866394175915362
seizure_detection,ica,svm,5,1626406676,accuracy,0.6099400931883736,0.6099400931883736,0.6302581947543401,0.7658132530120482,0.4127435064935065,0.5944328630864975
seizure_detection,ica,svm,6,126691620,accuracy,0.767136766152837,0.767136766152837,0.7469543279856355,0.7696030977734754,0.6274664561957379,0.7186047531351398
seizure_detection,ica,svm,7,28155425,accuracy,0.5338368580060423,0.5338368580060423,0.4678472339850023,0.25817555938037867,0.3058103975535168,0.5299973870215066
seizure_detection,ica,svm,8,149869551,accuracy,0.7524213075060533,0.7524213075060533,0.7528566982348495,0.7846911369740376,0.7014805922368947,0.7993232294952983
seizure_detection,ica,svm,9,2044435244,accuracy,0.6534488503832055,0.6534488503832055,0.6884451289134952,0.8471223021582733,0.5198675496688742,0.6735825851207816
seizure_detection,ica,svm,10,1786428360,accuracy,0.5323011211959423,0.5323011211959423,0.5538908237154627,0.6416918429003021,0.342912495963836,0.61504392601164
seizure_detection,ica,vit,1,2013945970,accuracy,0.7348973607038123,0.7348973607038123,0.7174349088411589,0.7042139384116693,0.6171875,0.7694627815366452
seizure_detection,ica,vit,2,61155527,accuracy,0.7796863330843914,0.7796863330843914,0.7249941256638,0.7469426152398871,0.9682926829268292,0.8718249212838949
seizure_detection,ica,vit,3,1072713694,accuracy,0.56609310390823,0.56609310390823,0.5447892485363468,0.5676526117054751,0.26009227220299885,0.5939617273040354
seizure_detection,ica,vit,4,2111243235,accuracy,0.5472749793559042,0.5472749793559042,0.5581811370298997,0.8004073319755601,0.1579581993569132,0.6236988478482796
seizure_detection,ica,vit,5,1626406676,accuracy,0.6931439982249834,0.6931439982249834,0.710661027359816,0.8610554442217769,0.5231331168831169,0.802963556267521
seizure_detection,ica,vit,6,126691620,accuracy,0.7504099704821253,0.7504099704821253,0.7293371317312385,0.746588693957115,0.6045777426992897,0.8102696703065027
seizure_detection,ica,vit,7,28155425,accuracy,0.6099697885196375,0.6099697885196375,0.5305026941690313,0.33987603305785125,0.33537206931702346,0.5378008700299245
seizure_detection,ica,vit,8,149869551,accuracy,0.7306295399515739,0.7306295399515739,0.7316926770708283,0.8118971061093248,0.6062424969987995,0.7950968747287275
seizure_detection,ica,vit,9,2044435244,accuracy,0.595134955014995,0.595134955014995,0.6280109521236797,0.7701357466063349,0.4696467991169978,0.6606488817657074
seizure_detection,ica,vit,10,1786428360,accuracy,0.5602420359494572,0.5602420359494572,0.5849432965364911,0.7083888149134487,0.34355828220858897,0.6479415755494369
seizure_detection,raw,eegnet,1,2013945970,accuracy,0.8246334310850439,0.8246334310850439,0.8040787337662337,0.8609625668449198,0.6860795454545454,0.875907118449732
seizure_detection,raw,eegnet,2,61155527,accuracy,0.760268857356236,0.760268857356236,0.6957023356360731,0.7241689128481581,0.9829268292682928,0.9729328210912168
seizure_detection,raw,eegnet,3,1072713694,accuracy,0.5607576363878884,0.5607576363878884,0.5391226110697444,0.5561257216164208,0.25,0.5830437660296186
seizure_detection,raw,eegnet,4,2111243235,accuracy,0.5809248554913294,0.5809248554913294,0.5907694795800829,0.8347953216374269,0.2295016077170418,0.6767647697061344
seizure_detection,raw,eegnet,5,1626406676,accuracy,0.6487685822054582,0.6487685822054582,0.6750109059442759,0.9151743638077284,0.3940746753246753,0.7002769394702215
seizure_detection,raw,eegnet,6,126691620,accuracy,0.8038701213512627,0.8038701213512627,0.7692557425522435,0.9395532194480948,0.5643251775848461,0.905956433580743
seizure_detection,raw,eegnet,7,28155425,accuracy,0.6712990936555892,0.6712990936555892,0.6088935808703713,0.4465534465534465,0.45565749235474,0.6555781400932881
seizure_detection,raw,eegnet,8,149869551,accuracy,0.8401937046004843,0.8401937046004843,0.8412116983545554,0.9499209277807064,0.7210884353741497,0.9234537934017728
seizure_detection,raw,eegnet,9,2044435244,accuracy,0.5864711762745751,0.5864711762745751,0.6432469639836842,0.871261378413524,0.369757174392936,0.683096012565515
seizure_detection,raw,eegnet,10,1786428360,accuracy,0.5661149670759922,0.5661149670759922,0.5970806595213654,0.7828326180257511,0.294478527607362,0.7535562414011463
seizure_detection,raw,lightgbm,1,2013945970,accuracy,0.8237536656891495,0.8237536656891495,0.816394542957043,0.7938820101966497,0.7741477272727273,0.9053010200027246
seizure_detection,raw,lightgbm,2,61155527,accuracy,0.7460791635548917,0.7460791635548917,0.6823487945862118,0.717391304347826,0.9658536585365852,0.903787184548146
seizure_detection,raw,lightgbm,3,1072713694,accuracy,0.5307456315859678,0.5307456315859678,0.5151548333406333,0.4885215794306703,0.3068050749711649,0.6085488770428236
seizure_detection,raw,lightgbm,4,2111243235,accuracy,0.5966143682906688,0.5966143682906688,0.6060653104340563,0.8531746031746031,0.2592443729903537,0.7584382966933982
seizure_detection,raw,lightgbm,5,1626406676,accuracy,0.7597071222542712,0.7597071222542712,0.7755938078074642,0.9307548346849656,0.6055194805194806,0.8759116098047817
seizure_detection,raw,lightgbm,6,126691620,accuracy,0.8865201705477206,0.8865201705477206,0.8766867127824771,0.8993928881179531,0.8184688239936859,0.9292353509664744
seizure_detection,raw,lightgbm,7,28155425,accuracy,0.5389728096676737,0.5389728096676737,0.507781817608849,0.304097771387491,0.4311926605504587,0.5268714418958056
seizure_detection,raw,lightgbm,8,149869551,accuracy,0.8111380145278451,0.8111380145278451,0.8115861729307108,0.8506056527590848,0.758703481392557,0.8994433752336913
seizure_detection,raw,lightgbm,9,2044435244,accuracy,0.623458847050983,0.623458847050983,0.6732977700295386,0.884009009009009,0.4332229580573951,0.7823975570767354
seizure_detection,raw,lightgbm,10,1786428360,accuracy,0.5623776472681972,0.5623776472681972,0.5828684969747654,0.6841801385681293,0.3826283500161446,0.6969526417445754
seizure_detection,raw,logistic_regression,1,2013945970,accuracy,0.7941348973607039,0.7941348973607039,0.7843211476023977,0.7626488095238095,0.7279829545454546,0.8165302382276813
seizure_detection,raw,logistic_regression,2,61155527,accuracy,0.7714712471994025,0.7714712471994025,0.7218231589830348,0.749031007751938,0.9426829268292682,0.9238377625828282
seizure_detection,raw,logistic_regression,3,1072713694,accuracy,0.5726290516206483,0.5726290516206483,0.5566718496780693,0.5623229461756374,0.3434256055363321,0.6540962179332481
seizure_detection,raw,logistic_regression,4,2111243235,accuracy,0.6560693641618497,0.6560693641618497,0.6635040042799666,0.8663101604278075,0.3906752411575562,0.714181466625541
seizure_detection,raw,logistic_regression,5,1626406676,accuracy,0.7086753938318172,0.7086753938318172,0.7254091814939833,0.8734587929915639,0.5462662337662337,0.7048008205084197
seizure_detection,raw,logistic_regression,6,126691620,accuracy,0.7874713020662513,0.7874713020662513,0.7672017464835145,0.8031341821743389,0.6471981057616417,0.7442937663932139
seizure_detection,raw,logistic_regression,7,28155425,accuracy,0.6090634441087613,0.6090634441087613,0.564963591186603,0.3705541770057899,0.4566768603465851,0.6244383956399587
seizure_detection,raw,logistic_regression,8,149869551,accuracy,0.8032687651331719,0.8032687651331719,0.803694127223539,0.8398751115075825,0.7535014005602241,0.8421836785182123
seizure_detection,raw,logistic_regression,9,2044435244,accuracy,0.6356214595134955,0.6356214595134955,0.6844538883845107,0.8949972512369434,0.4492273730684327,0.6863411872443684
seizure_detection,raw,logistic_regression,10,1786428360,accuracy,0.5579284570208222,0.5579284570208222,0.5835438582834633,0.7112336319779462,0.3332257022925411,0.677170636852271
seizure_detection,raw,mlp,1,2013945970,accuracy,0.7912023460410558,0.7912023460410558,0.7855113636363636,0.7443820224719101,0.7528409090909091,0.8322765657637816
seizure_detection,raw,mlp,2,61155527,accuracy,0.7789395070948469,0.7789395070948469,0.7357006908219371,0.7625250501002004,0.9280487804878048,0.8745635368203393
seizure_detection,raw,mlp,3,1072713694,accuracy,0.5579565159397092,0.5579565159397092,0.5368778561312835,0.5476485148514851,0.2551903114186851,0.6315422815498821
seizure_detection,raw,mlp,4,2111243235,accuracy,0.6793971924029728,0.6793971924029728,0.6825311580475928,0.7474854420328216,0.567524115755627,0.7007188835783578
seizure_detection,raw,mlp,5,1626406676,accuracy,0.6884845795429332,0.6884845795429332,0.7109157973695419,0.9206349206349206,0.4707792207792208,0.6959695881089053
seizure_detection,raw,mlp,6,126691620,accuracy,0.8061659560511644,0.8061659560511644,0.7928892095558762,0.7980599647266314,0.7142857142857143,0.7934539200653381
seizure_detection,raw,mlp,7,28155425,accuracy,0.5987915407854985,0.5987915407854985,0.5547143252935005,0.3581357318070319,0.4464831804281345,0.5963591624287832
seizure_detection,raw,mlp,8,149869551,accuracy,0.8002421307506054,0.8002421307506054,0.8010588850924986,0.8748137108792846,0.7046818727490997,0.8357179257539402
seizure_detection,raw,mlp,9,2044435244,accuracy,0.6221259580139953,0.6221259580139953,0.6770375563712249,0.9149326805385556,0.4125275938189846,0.6871539168834255
seizure_detection,raw,mlp,10,1786428360,accuracy,0.5330129916355223,0.5330129916355223,0.5623400738019475,0.691497975708502,0.2757507265095253,0.6476639412370366
seizure_detection,raw,mobilenet,1,2013945970,accuracy,0.76158357771261,0.76158357771261,0.7687156593406593,0.6765578635014837,0.8096590909090909,0.8549493830033603
seizure_detection,raw,mobilenet,2,61155527,accuracy,0.80134428678118,0.80134428678118,0.7532861036702853,0.7684108527131783,0.9670731707317072,0.9584643310305936
seizure_detection,raw,mobilenet,3,1072713694,accuracy,0.5612911831399227,0.5612911831399227,0.5434734206415254,0.5461578133058278,0.305363321799308,0.599965167472388
seizure_detection,raw,mobilenet,4,2111243235,accuracy,0.611065235342692,0.611065235342692,0.6192208167966853,0.805668016194332,0.319935691318328,0.6435966493156966
seizure_detection,raw,mobilenet,5,1626406676,accuracy,0.749057022409585,0.749057022409585,0.7559431436771745,0.8284869393790044,0.682224025974026,0.8233302582146195
seizure_detection,raw,mobilenet,6,126691620,accuracy,0.8248606100360774,0.8248606100360774,0.8266741784237179,0.7638588912886969,0.8374112075769534,0.8805068132876605
seizure_detection,raw,mobilenet,7,28155425,accuracy,0.588821752265861,0.588821752265861,0.5328797605338704,0.3356401384083045,0.3955147808358817,0.5761162385890091
seizure_detection,raw,mobilenet,8,149869551,accuracy,0.8432203389830508,0.8432203389830508,0.8435117636798308,0.8708010335917312,0.8091236494597839,0.8931626374603565
seizure_detection,raw,mobilenet,9,2044435244,accuracy,0.6762745751416195,0.6762745751416195,0.7046721046680665,0.8451745379876797,0.5678807947019867,0.7830090769507833
seizure_detection,raw,mobilenet,10,1786428360,accuracy,0.5463605623776473,0.5463605623776473,0.5724608911389267,0.6932299012693935,0.317403939296093,0.6304171978868809
seizure_detection,raw,random_forest,1,2013945970,accuracy,0.8266862170087976,0.8266862170087976,0.823106580919081,0.7830907830907831,0.8025568181818182,0.9151171981427664
seizure_detection,raw,random_forest,2,61155527,accuracy,0.7539208364451083,0.7539208364451083,0.6912266788852859,0.7228532485233985,0.9701219512195122,0.8856654448047371
seizure_detection,raw,random_forest,3,1072713694,accuracy,0.5183406696011738,0.5183406696011738,0.5032120070664156,0.4679515912147019,0.301038062283737,0.5735281950953626
seizure_detection,raw,random_forest,4,2111243235,accuracy,0.5796862097440132,0.5796862097440132,0.5901154062419819,0.8896551724137931,0.2073954983922829,0.7088643485334017
seizure_detection,raw,random_forest,5,1626406676,accuracy,0.7665853117372975,0.7665853117372975,0.7838915627324218,0.959037711313394,0.5986201298701299,0.8863205290793397
seizure_detection,raw,random_forest,6,126691620,accuracy,0.8897999344047228,0.8897999344047228,0.8839404746402905,0.8812448812448812,0.8492501973164956,0.9292331364154568
seizure_detection,raw,random_forest,7,28155425,accuracy,0.519939577039275,0.519939577039275,0.497501694934542,0.2940379403794038,0.4424057084607543,0.4800137783187562
seizure_detection,raw,random_forest,8,149869551,accuracy,0.8002421307506054,0.8002421307506054,0.8008707756606916,0.8553933113518606,0.7266906762705082,0.897911301272646
seizure_detection,raw,random_forest,9,2044435244,accuracy,0.6279573475508164,0.6279573475508164,0.6809989751530308,0.910809214412286,0.4254966887417218,0.7650066048787914
seizure_detection,raw,random_forest,10,1786428360,accuracy,0.5351486029542624,0.5351486029542624,0.5597131423646275,0.6622073578595318,0.3196641911527284,0.6969819607473606
seizure_detection,raw,svm,1,2013945970,accuracy,0.7759530791788857,0.7759530791788857,0.7679937250249751,0.7316546762589928,0.7223011363636364,0.7991530841317772
seizure_detection,raw,svm,2,61155527,accuracy,0.7673637042569081,0.7673637042569081,0.7181158654072091,0.7472046669907633,0.9371951219512196,0.9098603670285256
seizure_detection,raw,svm,3,1072713694,accuracy,0.5692943844204349,0.5692943844204349,0.5554363219599083,0.5513095749248604,0.370242214532872,0.6475543657960754
seizure_detection,raw,svm,4,2111243235,accuracy,0.6670107349298101,0.6670107349298101,0.6739524590700899,0.861271676300578,0.4192122186495177,0.7075581637360178
seizure_detection,raw,svm,5,1626406676,accuracy,0.7026847126691813,0.7026847126691813,0.7191775964490722,0.8625806451612903,0.5426136363636364,0.6859342321897388
seizure_detection,raw,svm,6,126691620,accuracy,0.7855034437520498,0.7855034437520498,0.7674570842158319,0.7888784165881244,0.6606156274664562,0.7456209468180002
seizure_detection,raw,svm,7,28155425,accuracy,0.5969788519637462,0.5969788519637462,0.5578512125401959,0.3598093725178713,0.4617737003058104,0.6119322078705364
seizure_detection,raw,svm,8,149869551,accuracy,0.7889426957223568,0.7889426957223568,0.7892934951758481,0.8179431072210066,0.7478991596638656,0.8242185763194166
seizure_detection,raw,svm,9,2044435244,accuracy,0.6442852382539154,0.6442852382539154,0.6885197413004046,0.8804292284108329,0.4754415011037528,0.6774196112450963
seizure_detection,raw,svm,10,1786428360,accuracy,0.5684285460046271,0.5684285460046271,0.5902717372238925,0.7021660649819494,0.3768162738133678,0.665719197698932
seizure_detection,raw,vit,1,2013945970,accuracy,0.8354838709677419,0.8354838709677419,0.8273328234265734,0.8134715025906736,0.7805397727272727,0.9008764672827172
seizure_detection,raw,vit,2,61155527,accuracy,0.7864077669902912,0.7864077669902912,0.7292442079045067,0.747451343836886,0.9835365853658536,0.9410621974716856
seizure_detection,raw,vit,3,1072713694,accuracy,0.5985060690943044,0.5985060690943044,0.5790609989341977,0.6304100227790432,0.3192041522491349,0.6676860924388153
seizure_detection,raw,vit,4,2111243235,accuracy,0.5986787778695293,0.5986787778695293,0.6069940468066755,0.7839248434237995,0.3018488745980707,0.6518137654971367
seizure_detection,raw,vit,5,1626406676,accuracy,0.7696915908586643,0.7696915908586643,0.7808364084520472,0.8887677208287895,0.661525974025974,0.8578171782329271
seizure_detection,raw,vit,6,126691620,accuracy,0.8153492948507708,0.8153492948507708,0.7981224150653248,0.8320754716981132,0.6961325966850829,0.8783759722986242
seizure_detection,raw,vit,7,28155425,accuracy,0.6794561933534743,0.6794561933534743,0.5928600909771709,0.4515738498789346,0.3802242609582059,0.6334260349823986
seizure_detection,raw,vit,8,149869551,accuracy,0.8621872477804681,0.8621872477804681,0.8625860600650517,0.9017699115044248,0.8155262104841937,0.9295824149765726
seizure_detection,raw,vit,9,2044435244,accuracy,0.6019660113295568,0.6019660113295568,0.6531141330481585,0.8604786923525978,0.4067328918322296,0.6992524372606137
seizure_detection,raw,vit,10,1786428360,accuracy,0.6241324079017618,0.6241324079017618,0.6381910866646676,0.7326405290505432,0.5008072328059412,0.7203131013436297
