task,method,classifier,repeat,seed,primary_name,primary,accuracy,balanced_accuracy,precision,recall,auc
attention_state,asr,eegnet,1,2013945970,accuracy,0.785024154589372,0.785024154589372,0.785024154589372,0.78516159714022,0.785024154589372,0.9176599803962753
attention_state,asr,eegnet,2,61155527,accuracy,0.783816425120773,0.783816425120773,0.783816425120773,0.7887309273047953,0.783816425120773,0.9199496341804942
attention_state,asr,eegnet,3,1072713694,accuracy,0.7427536231884058,0.7427536231884058,0.7427536231884058,0.7555453805453806,0.7427536231884058,0.8910614891829448
attention_state,asr,eegnet,4,2111243235,accuracy,0.7409420289855072,0.7409420289855072,0.7409420289855073,0.7580793571436271,0.7409420289855073,0.9041725740390674
attention_state,asr,eegnet,5,1626406676,accuracy,0.7125603864734299,0.7125603864734299,0.71256038647343,0.720601342059824,0.71256038647343,0.8716524889729049
attention_state,asr,eegnet,6,126691620,accuracy,0.7542270531400966,0.7542270531400966,0.7542270531400966,0.7643974568466453,0.7542270531400966,0.9074823435202689
attention_state,asr,eegnet,7,28155425,accuracy,0.7228260869565217,0.7228260869565217,0.7228260869565218,0.7558634854627334,0.7228260869565218,0.8778196763635092
attention_state,asr,eegnet,8,149869551,accuracy,0.7590579710144928,0.7590579710144928,0.7590579710144928,0.7722834196167568,0.7590579710144928,0.9103047547784079
attention_state,asr,eegnet,9,2044435244,accuracy,0.7572463768115942,0.7572463768115942,0.7572463768115942,0.7565999416229126,0.7572463768115942,0.9087141400616118
attention_state,asr,eegnet,10,1786428360,accuracy,0.75,0.75,0.75,0.7530888755808122,0.75,0.8998951988377791
attention_state,asr,lightgbm,1,2013945970,accuracy,0.9039855072463768,0.9039855072463768,0.9039855072463768,0.9038040798223124,0.9039855072463768,0.9820552623748512
attention_state,asr,lightgbm,2,61155527,accuracy,0.907608695652174,0.907608695652174,0.9076086956521738,0.9089386838731746,0.9076086956521738,0.9806982076594553
attention_state,asr,lightgbm,3,1072713694,accuracy,0.8985507246376812,0.8985507246376812,0.8985507246376812,0.8993632245266232,0.8985507246376812,0.9805193455506546
attention_state,asr,lightgbm,4,2111243235,accuracy,0.9003623188405797,0.9003623188405797,0.9003623188405797,0.9003206152810047,0.9003623188405797,0.9786798554225302
attention_state,asr,lightgbm,5,1626406676,accuracy,0.908816425120773,0.908816425120773,0.908816425120773,0.9085262236037499,0.908816425120773,0.9830994451445774
attention_state,asr,lightgbm,6,126691620,accuracy,0.8961352657004831,0.8961352657004831,0.8961352657004831,0.8963516544371002,0.8961352657004831,0.979672075194287
attention_state,asr,lightgbm,7,28155425,accuracy,0.8919082125603864,0.8919082125603864,0.8919082125603864,0.8926836038110241,0.8919082125603864,0.9790074957992019
attention_state,asr,lightgbm,8,149869551,accuracy,0.9057971014492754,0.9057971014492754,0.9057971014492754,0.9061235986235987,0.9057971014492754,0.9815673571728628
attention_state,asr,lightgbm,9,2044435244,accuracy,0.9064009661835749,0.9064009661835749,0.9064009661835749,0.9063744931093985,0.9064009661835749,0.9818162325841909
attention_state,asr,lightgbm,10,1786428360,accuracy,0.8943236714975845,0.8943236714975845,0.8943236714975846,0.8950621717517011,0.8943236714975846,0.9801670911223131
attention_state,asr,logistic_regression,1,2013945970,accuracy,0.6231884057971014,0.6231884057971014,0.6231884057971014,0.6227253357244776,0.6231884057971014,0.8015513963278021
attention_state,asr,logistic_regression,2,61155527,accuracy,0.5929951690821256,0.5929951690821256,0.5929951690821256,0.591128593254458,0.5929951690821256,0.7760495978610936
attention_state,asr,logistic_regression,3,1072713694,accuracy,0.5960144927536232,0.5960144927536232,0.5960144927536232,0.5962866195098427,0.5960144927536232,0.7762902685885317
attention_state,asr,logistic_regression,4,2111243235,accuracy,0.6346618357487923,0.6346618357487923,0.6346618357487923,0.6335878588631568,0.6346618357487923,0.8090291452250927
attention_state,asr,logistic_regression,5,1626406676,accuracy,0.6099033816425121,0.6099033816425121,0.609903381642512,0.6092603786336518,0.609903381642512,0.7872260182559686
attention_state,asr,logistic_regression,6,126691620,accuracy,0.6231884057971014,0.6231884057971014,0.6231884057971014,0.6237786801230399,0.6231884057971014,0.7974394822516278
attention_state,asr,logistic_regression,7,28155425,accuracy,0.626207729468599,0.626207729468599,0.626207729468599,0.6273630009471091,0.626207729468599,0.79742143194707
attention_state,asr,logistic_regression,8,149869551,accuracy,0.6243961352657005,0.6243961352657005,0.6243961352657005,0.6247060298157573,0.6243961352657005,0.7924813917769375
attention_state,asr,logistic_regression,9,2044435244,accuracy,0.6231884057971014,0.6231884057971014,0.6231884057971014,0.62063003964375,0.6231884057971014,0.791738594395435
attention_state,asr,logistic_regression,10,1786428360,accuracy,0.6286231884057971,0.6286231884057971,0.6286231884057971,0.6314872600167716,0.6286231884057971,0.7983217592592592
attention_state,asr,mlp,1,2013945970,accuracy,0.8580917874396136,0.8580917874396136,0.8580917874396136,0.8575321172973541,0.8580917874396136,0.9589607181614507
attention_state,asr,mlp,2,61155527,accuracy,0.8514492753623188,0.8514492753623188,0.8514492753623188,0.8508089994898439,0.8514492753623188,0.9542205987887699
attention_state,asr,mlp,3,1072713694,accuracy,0.8448067632850241,0.8448067632850241,0.8448067632850241,0.8449615000250209,0.8448067632850241,0.9499125927676259
attention_state,asr,mlp,4,2111243235,accuracy,0.8435990338164251,0.8435990338164251,0.8435990338164251,0.8443962564758035,0.8435990338164251,0.9530990185010152
attention_state,asr,mlp,5,1626406676,accuracy,0.8435990338164251,0.8435990338164251,0.8435990338164251,0.8434931013645036,0.8435990338164251,0.9500971981551495
attention_state,asr,mlp,6,126691620,accuracy,0.8417874396135265,0.8417874396135265,0.8417874396135265,0.8411478826088835,0.8417874396135265,0.9472955720961983
attention_state,asr,mlp,7,28155425,accuracy,0.8429951690821256,0.8429951690821256,0.8429951690821255,0.8440747848358964,0.8429951690821255,0.9541935233319331
attention_state,asr,mlp,8,149869551,accuracy,0.8429951690821256,0.8429951690821256,0.8429951690821257,0.8431789387717346,0.8429951690821257,0.9540313440803753
attention_state,asr,mlp,9,2044435244,accuracy,0.856280193236715,0.856280193236715,0.856280193236715,0.8559865720119167,0.856280193236715,0.9576219872400755
attention_state,asr,mlp,10,1786428360,accuracy,0.8490338164251208,0.8490338164251208,0.8490338164251208,0.8504278702734317,0.8490338164251208,0.9525397325491843
attention_state,asr,mobilenet,1,2013945970,accuracy,0.7131642512077294,0.7131642512077294,0.7131642512077295,0.7071600282500756,0.7131642512077295,0.8943693442379052
attention_state,asr,mobilenet,2,61155527,accuracy,0.7185990338164251,0.7185990338164251,0.7185990338164251,0.736957823081276,0.7185990338164251,0.8826084768606034
attention_state,asr,mobilenet,3,1072713694,accuracy,0.6823671497584541,0.6823671497584541,0.6823671497584541,0.7192785849783206,0.6823671497584541,0.8567309038717356
attention_state,asr,mobilenet,4,2111243235,accuracy,0.6594202898550725,0.6594202898550725,0.6594202898550724,0.7226245882738076,0.6594202898550724,0.8689443963102991
attention_state,asr,mobilenet,5,1626406676,accuracy,0.6032608695652174,0.6032608695652174,0.6032608695652174,0.663675584393942,0.6032608695652174,0.8221930135475741
attention_state,asr,mobilenet,6,126691620,accuracy,0.6968599033816425,0.6968599033816425,0.6968599033816426,0.7160261202246314,0.6968599033816426,0.8788028709829868
attention_state,asr,mobilenet,7,28155425,accuracy,0.6678743961352657,0.6678743961352657,0.6678743961352657,0.6615412814218957,0.6678743961352657,0.8534632517678359
attention_state,asr,mobilenet,8,149869551,accuracy,0.6274154589371981,0.6274154589371981,0.6274154589371981,0.7472624248040125,0.6274154589371981,0.8711716944969542
attention_state,asr,mobilenet,9,2044435244,accuracy,0.6334541062801933,0.6334541062801933,0.6334541062801933,0.7725794955808213,0.6334541062801933,0.8732606070153329
attention_state,asr,mobilenet,10,1786428360,accuracy,0.6280193236714976,0.6280193236714976,0.6280193236714976,0.7441163621411868,0.6280193236714976,0.8612237887698662
attention_state,asr,random_forest,1,2013945970,accuracy,0.8671497584541062,0.8671497584541062,0.8671497584541062,0.867341193802614,0.8671497584541062,0.9629099060071414
attention_state,asr,random_forest,2,61155527,accuracy,0.8731884057971014,0.8731884057971014,0.8731884057971014,0.8733103777465173,0.8731884057971014,0.9636007403906742
attention_state,asr,random_forest,3,1072713694,accuracy,0.8605072463768116,0.8605072463768116,0.8605072463768115,0.8623203251772381,0.8605072463768115,0.9616655289505006
attention_state,asr,random_forest,4,2111243235,accuracy,0.8629227053140096,0.8629227053140096,0.8629227053140096,0.8633041829971796,0.8629227053140096,0.9643730746341804
attention_state,asr,random_forest,5,1626406676,accuracy,0.8756038647342995,0.8756038647342995,0.8756038647342995,0.8759103912279315,0.8756038647342995,0.9660170197962613
attention_state,asr,random_forest,6,126691620,accuracy,0.8647342995169082,0.8647342995169082,0.8647342995169082,0.8650499813062357,0.8647342995169082,0.9634798580480292
attention_state,asr,random_forest,7,28155425,accuracy,0.8611111111111112,0.8611111111111112,0.8611111111111112,0.863573501945595,0.8611111111111112,0.9582261254638381
attention_state,asr,random_forest,8,149869551,accuracy,0.8725845410628019,0.8725845410628019,0.8725845410628019,0.8736629631668668,0.8725845410628019,0.9680110314709794
attention_state,asr,random_forest,9,2044435244,accuracy,0.8592995169082126,0.8592995169082126,0.8592995169082126,0.85940691364355,0.8592995169082126,0.9635547941608905
attention_state,asr,random_forest,10,1786428360,accuracy,0.8695652173913043,0.8695652173913043,0.8695652173913043,0.8703038717384509,0.8695652173913043,0.9663919738500316
attention_state,asr,svm,1,2013945970,accuracy,0.6256038647342995,0.6256038647342995,0.6256038647342995,0.6237169734171606,0.6256038647342995,0.806165710547504
attention_state,asr,svm,2,61155527,accuracy,0.5942028985507246,0.5942028985507246,0.5942028985507246,0.5916883550038364,0.5942028985507246,0.7824246372435764
attention_state,asr,svm,3,1072713694,accuracy,0.591183574879227,0.591183574879227,0.591183574879227,0.5912830012531713,0.591183574879227,0.7772991712175314
attention_state,asr,svm,4,2111243235,accuracy,0.6358695652173914,0.6358695652173914,0.6358695652173912,0.634566927615332,0.6358695652173912,0.8109195043933347
attention_state,asr,svm,5,1626406676,accuracy,0.6135265700483091,0.6135265700483091,0.6135265700483092,0.6122088797117363,0.6135265700483092,0.7894957073093888
attention_state,asr,svm,6,126691620,accuracy,0.6340579710144928,0.6340579710144928,0.6340579710144927,0.6325345718003806,0.6340579710144927,0.8037111426170972
attention_state,asr,svm,7,28155425,accuracy,0.6322463768115942,0.6322463768115942,0.6322463768115942,0.6321630805876136,0.6322463768115942,0.7990968283973955
attention_state,asr,svm,8,149869551,accuracy,0.6310386473429952,0.6310386473429952,0.6310386473429952,0.6309210619233226,0.6310386473429952,0.7945569033116291
attention_state,asr,svm,9,2044435244,accuracy,0.6231884057971014,0.6231884057971014,0.6231884057971014,0.6214177358393541,0.6231884057971014,0.7930707615696982
attention_state,asr,svm,10,1786428360,accuracy,0.6352657004830918,0.6352657004830918,0.6352657004830918,0.6377767232318102,0.6352657004830918,0.8018979074774207
attention_state,asr,vit,1,2013945970,accuracy,0.7904589371980676,0.7904589371980676,0.7904589371980677,0.7879764973854648,0.7904589371980677,0.9311041754183295
attention_state,asr,vit,2,61155527,accuracy,0.7759661835748792,0.7759661835748792,0.7759661835748792,0.7760490196716262,0.7759661835748792,0.920689149688441
attention_state,asr,vit,3,1072713694,accuracy,0.7445652173913043,0.7445652173913043,0.7445652173913043,0.7479096010014873,0.7445652173913043,0.896396721627109
attention_state,asr,vit,4,2111243235,accuracy,0.7801932367149759,0.7801932367149759,0.7801932367149759,0.7830737802553841,0.7801932367149759,0.9201788183504865
attention_state,asr,vit,5,1626406676,accuracy,0.7469806763285024,0.7469806763285024,0.7469806763285024,0.7447814904921298,0.7469806763285024,0.9047644052369952
attention_state,asr,vit,6,126691620,accuracy,0.7620772946859904,0.7620772946859904,0.7620772946859904,0.7612447060146109,0.7620772946859904,0.9122432480921375
attention_state,asr,vit,7,28155425,accuracy,0.7620772946859904,0.7620772946859904,0.7620772946859903,0.7604977607672175,0.7620772946859903,0.9148282704963943
attention_state,asr,vit,8,149869551,accuracy,0.7657004830917874,0.7657004830917874,0.7657004830917874,0.7680103132567009,0.7657004830917874,0.9150563607085346
attention_state,asr,vit,9,2044435244,accuracy,0.7572463768115942,0.7572463768115942,0.7572463768115942,0.7554651288952563,0.7572463768115942,0.9164150563607086
attention_state,asr,vit,10,1786428360,accuracy,0.7874396135265701,0.7874396135265701,0.78743961352657,0.7920601734591917,0.78743961352657,0.9219318858083035
attention_state,bandpass,eegnet,1,2013945970,accuracy,0.6539855072463768,0.6539855072463768,0.6539855072463768,0.6508213820213166,0.6539855072463768,0.8319018894840019
attention_state,bandpass,eegnet,2,61155527,accuracy,0.7022946859903382,0.7022946859903382,0.7022946859903382,0.707275423214237,0.7022946859903382,0.8783311016593153
attention_state,bandpass,eegnet,3,1072713694,accuracy,0.6878019323671497,0.6878019323671497,0.6878019323671497,0.6910632712181549,0.6878019323671497,0.8653742648603235
attention_state,bandpass,eegnet,4,2111243235,accuracy,0.7016908212560387,0.7016908212560387,0.7016908212560388,0.7025912382747769,0.7016908212560388,0.8633099663936147
attention_state,bandpass,eegnet,5,1626406676,accuracy,0.7053140096618358,0.7053140096618358,0.7053140096618358,0.7075548724506179,0.7053140096618358,0.8758817300287055
attention_state,bandpass,eegnet,6,126691620,accuracy,0.6594202898550725,0.6594202898550725,0.6594202898550724,0.6614604189688627,0.6594202898550724,0.8378918557025834
attention_state,bandpass,eegnet,7,28155425,accuracy,0.678743961352657,0.678743961352657,0.678743961352657,0.6887909940297252,0.678743961352657,0.8461299053070084
attention_state,bandpass,eegnet,8,149869551,accuracy,0.6781400966183575,0.6781400966183575,0.6781400966183574,0.6897307525908499,0.6781400966183574,0.8411305179234055
attention_state,bandpass,eegnet,9,2044435244,accuracy,0.6660628019323671,0.6660628019323671,0.6660628019323672,0.6599314350406632,0.6660628019323672,0.84481824984247
attention_state,bandpass,eegnet,10,1786428360,accuracy,0.6871980676328503,0.6871980676328503,0.6871980676328503,0.6837560690291835,0.6871980676328503,0.8588176284744101
attention_state,bandpass,lightgbm,1,2013945970,accuracy,0.8840579710144928,0.8840579710144928,0.8840579710144927,0.8837216340529993,0.8840579710144927,0.9693511298396696
attention_state,bandpass,lightgbm,2,61155527,accuracy,0.8913043478260869,0.8913043478260869,0.8913043478260869,0.8910026863169686,0.8913043478260869,0.9751939587271582
attention_state,bandpass,lightgbm,3,1072713694,accuracy,0.8798309178743962,0.8798309178743962,0.8798309178743962,0.8797709125832021,0.8798309178743962,0.9731646669117134
attention_state,bandpass,lightgbm,4,2111243235,accuracy,0.8840579710144928,0.8840579710144928,0.8840579710144928,0.8838045288045288,0.8840579710144928,0.9720914942589092
attention_state,bandpass,lightgbm,5,1626406676,accuracy,0.8822463768115942,0.8822463768115942,0.8822463768115941,0.8822208287330708,0.8822463768115941,0.9734851965623468
attention_state,bandpass,lightgbm,6,126691620,accuracy,0.8798309178743962,0.8798309178743962,0.8798309178743962,0.8794370192001528,0.8798309178743962,0.9741043767065743
attention_state,bandpass,lightgbm,7,28155425,accuracy,0.8768115942028986,0.8768115942028986,0.8768115942028984,0.8770433090477875,0.8768115942028984,0.9691153819225654
attention_state,bandpass,lightgbm,8,149869551,accuracy,0.894927536231884,0.894927536231884,0.8949275362318841,0.8957394566409814,0.8949275362318841,0.9767391741930966
attention_state,bandpass,lightgbm,9,2044435244,accuracy,0.8780193236714976,0.8780193236714976,0.8780193236714976,0.8777732107335687,0.8780193236714976,0.9700080515297907
attention_state,bandpass,lightgbm,10,1786428360,accuracy,0.8864734299516909,0.8864734299516909,0.8864734299516909,0.887200991490891,0.8864734299516909,0.9723037220821956
attention_state,bandpass,logistic_regression,1,2013945970,accuracy,0.6455314009661836,0.6455314009661836,0.6455314009661836,0.645100470568297,0.6455314009661836,0.8124775738640341
attention_state,bandpass,logistic_regression,2,61155527,accuracy,0.6268115942028986,0.6268115942028986,0.6268115942028986,0.6263276350065164,0.6268115942028986,0.8042663262269832
attention_state,bandpass,logistic_regression,3,1072713694,accuracy,0.6388888888888888,0.6388888888888888,0.6388888888888888,0.6411391236191447,0.6388888888888888,0.8113393107190366
attention_state,bandpass,logistic_regression,4,2111243235,accuracy,0.6696859903381642,0.6696859903381642,0.6696859903381642,0.6691073379265262,0.6696859903381642,0.8278750306308199
attention_state,bandpass,logistic_regression,5,1626406676,accuracy,0.6461352657004831,0.6461352657004831,0.6461352657004831,0.6461674886065877,0.6461352657004831,0.8174094093502765
attention_state,bandpass,logistic_regression,6,126691620,accuracy,0.6479468599033816,0.6479468599033816,0.6479468599033816,0.6464304949052168,0.6479468599033816,0.8169617070993489
attention_state,bandpass,logistic_regression,7,28155425,accuracy,0.6491545893719807,0.6491545893719807,0.6491545893719807,0.6490410499182429,0.6491545893719807,0.8217023734509556
attention_state,bandpass,logistic_regression,8,149869551,accuracy,0.6570048309178744,0.6570048309178744,0.6570048309178743,0.6583179507998481,0.6570048309178743,0.8215136657214871
attention_state,bandpass,logistic_regression,9,2044435244,accuracy,0.658816425120773,0.658816425120773,0.658816425120773,0.6578019590197896,0.658816425120773,0.8212708070783449
attention_state,bandpass,logistic_regression,10,1786428360,accuracy,0.6413043478260869,0.6413043478260869,0.6413043478260869,0.6452571995610304,0.6413043478260869,0.8135173808023524
attention_state,bandpass,mlp,1,2013945970,accuracy,0.8146135265700483,0.8146135265700483,0.8146135265700484,0.8132426248075983,0.8146135265700484,0.9336265687355596
attention_state,bandpass,mlp,2,61155527,accuracy,0.8309178743961353,0.8309178743961353,0.8309178743961353,0.8309468234730826,0.8309178743961353,0.9354367954911432
attention_state,bandpass,mlp,3,1072713694,accuracy,0.8285024154589372,0.8285024154589372,0.8285024154589372,0.8284831864581158,0.8285024154589372,0.939243495326612
attention_state,bandpass,mlp,4,2111243235,accuracy,0.8357487922705314,0.8357487922705314,0.8357487922705314,0.8365360246492504,0.8357487922705314,0.9429077071518588
attention_state,bandpass,mlp,5,1626406676,accuracy,0.8351449275362319,0.8351449275362319,0.8351449275362318,0.8346888527469387,0.8351449275362318,0.9379515311034096
attention_state,bandpass,mlp,6,126691620,accuracy,0.8297101449275363,0.8297101449275363,0.8297101449275363,0.8295640495687587,0.8297101449275363,0.9379466082930756
attention_state,bandpass,mlp,7,28155425,accuracy,0.8309178743961353,0.8309178743961353,0.8309178743961354,0.8310776162039174,0.8309178743961354,0.9388431067527828
attention_state,bandpass,mlp,8,149869551,accuracy,0.7608695652173914,0.7608695652173914,0.7608695652173912,0.761546227794874,0.7608695652173912,0.9029246416194076
attention_state,bandpass,mlp,9,2044435244,accuracy,0.8339371980676329,0.8339371980676329,0.8339371980676328,0.833733901485603,0.8339371980676328,0.9402797469019114
attention_state,bandpass,mlp,10,1786428360,accuracy,0.822463768115942,0.822463768115942,0.822463768115942,0.8230479818833811,0.822463768115942,0.93574392415809
attention_state,bandpass,mobilenet,1,2013945970,accuracy,0.6008454106280193,0.6008454106280193,0.6008454106280193,0.6516676164565331,0.6008454106280193,0.8010440733739411
attention_state,bandpass,mobilenet,2,61155527,accuracy,0.571256038647343,0.571256038647343,0.571256038647343,0.5571326028669749,0.571256038647343,0.7744379244556465
attention_state,bandpass,mobilenet,3,1072713694,accuracy,0.3333333333333333,0.3333333333333333,0.3333333333333333,0.1111111111111111,0.3333333333333333,0.48443899653434147
attention_state,bandpass,mobilenet,4,2111243235,accuracy,0.5905797101449275,0.5905797101449275,0.5905797101449275,0.6224981980113945,0.5905797101449275,0.7928888910768045
attention_state,bandpass,mobilenet,5,1626406676,accuracy,0.3333333333333333,0.3333333333333333,0.3333333333333333,0.1111111111111111,0.3333333333333333,0.441406796978926
attention_state,bandpass,mobilenet,6,126691620,accuracy,0.3333333333333333,0.3333333333333333,0.3333333333333333,0.1111111111111111,0.3333333333333333,0.6244921300672127
attention_state,bandpass,mobilenet,7,28155425,accuracy,0.5670289855072463,0.5670289855072463,0.5670289855072465,0.6337674684994273,0.5670289855072465,0.7877131029895681
attention_state,bandpass,mobilenet,8,149869551,accuracy,0.5561594202898551,0.5561594202898551,0.5561594202898551,0.6603654119743815,0.5561594202898551,0.7894585127424211
attention_state,bandpass,mobilenet,9,2044435244,accuracy,0.5404589371980676,0.5404589371980676,0.5404589371980676,0.6139474654457326,0.5404589371980676,0.7827388766365608
attention_state,bandpass,mobilenet,10,1786428360,accuracy,0.3333333333333333,0.3333333333333333,0.3333333333333333,0.1111111111111111,0.3333333333333333,0.5488731140166632
attention_state,bandpass,random_forest,1,2013945970,accuracy,0.8236714975845411,0.8236714975845411,0.8236714975845411,0.823377119497651,0.8236714975845411,0.9383215623468458
attention_state,bandpass,random_forest,2,61155527,accuracy,0.8134057971014492,0.8134057971014492,0.8134057971014492,0.8137927610380777,0.8134057971014492,0.9405866020793952
attention_state,bandpass,random_forest,3,1072713694,accuracy,0.8067632850241546,0.8067632850241546,0.8067632850241546,0.8106236421833058,0.8067632850241546,0.937102893299727
attention_state,bandpass,random_forest,4,2111243235,accuracy,0.8236714975845411,0.8236714975845411,0.8236714975845411,0.8237018497300902,0.8236714975845411,0.941543815199888
attention_state,bandpass,random_forest,5,1626406676,accuracy,0.8351449275362319,0.8351449275362319,0.8351449275362319,0.8357460297334741,0.8351449275362319,0.9476513818875586
attention_state,bandpass,random_forest,6,126691620,accuracy,0.836352657004831,0.836352657004831,0.8363526570048309,0.8376481808157381,0.8363526570048309,0.950711728978506
attention_state,bandpass,random_forest,7,28155425,accuracy,0.8140096618357487,0.8140096618357487,0.8140096618357487,0.8198247637784069,0.8140096618357487,0.9395150703633692
attention_state,bandpass,random_forest,8,149869551,accuracy,0.8351449275362319,0.8351449275362319,0.8351449275362319,0.8373374596408031,0.8351449275362319,0.9459923948050132
attention_state,bandpass,random_forest,9,2044435244,accuracy,0.8248792270531401,0.8248792270531401,0.8248792270531401,0.8264931861329364,0.8248792270531401,0.943290865889519
attention_state,bandpass,random_forest,10,1786428360,accuracy,0.8248792270531401,0.8248792270531401,0.82487922705314,0.8257705334445528,0.82487922705314,0.9476683382342644
attention_state,bandpass,svm,1,2013945970,accuracy,0.6340579710144928,0.6340579710144928,0.6340579710144928,0.6332623413325215,0.6340579710144928,0.8073947721942168
attention_state,bandpass,svm,2,61155527,accuracy,0.6358695652173914,0.6358695652173914,0.6358695652173914,0.6341593375748801,0.6358695652173914,0.799980472852342
attention_state,bandpass,svm,3,1072713694,accuracy,0.6292270531400966,0.6292270531400966,0.6292270531400965,0.6303856785364442,0.6292270531400965,0.8062619788384793
attention_state,bandpass,svm,4,2111243235,accuracy,0.6612318840579711,0.6612318840579711,0.6612318840579711,0.6604843280120246,0.6612318840579711,0.8234912680284253
attention_state,bandpass,svm,5,1626406676,accuracy,0.6473429951690821,0.6473429951690821,0.6473429951690822,0.6447557555724428,0.6473429951690822,0.8119005110971084
attention_state,bandpass,svm,6,126691620,accuracy,0.6400966183574879,0.6400966183574879,0.640096618357488,0.6385559265190653,0.640096618357488,0.8130431500735139
attention_state,bandpass,svm,7,28155425,accuracy,0.6419082125603864,0.6419082125603864,0.6419082125603864,0.6406511682324052,0.6419082125603864,0.815071894910033
attention_state,bandpass,svm,8,149869551,accuracy,0.6491545893719807,0.6491545893719807,0.6491545893719807,0.6496187841843599,0.6491545893719807,0.8175661188125742
attention_state,bandpass,svm,9,2044435244,accuracy,0.6527777777777778,0.6527777777777778,0.6527777777777777,0.6508279097510056,0.6527777777777777,0.8177127091647414
attention_state,bandpass,svm,10,1786428360,accuracy,0.6358695652173914,0.6358695652173914,0.6358695652173912,0.6374010329327284,0.6358695652173912,0.8079521437198068
attention_state,bandpass,vit,1,2013945970,accuracy,0.5984299516908212,0.5984299516908212,0.5984299516908212,0.6223729023887002,0.5984299516908212,0.7946684870125323
attention_state,bandpass,vit,2,61155527,accuracy,0.6256038647342995,0.6256038647342995,0.6256038647342995,0.6493561851175681,0.6256038647342995,0.8158945512147309
attention_state,bandpass,vit,3,1072713694,accuracy,0.6382850241545893,0.6382850241545893,0.6382850241545894,0.6409397296148299,0.6382850241545894,0.8221197183714906
attention_state,bandpass,vit,4,2111243235,accuracy,0.6358695652173914,0.6358695652173914,0.6358695652173914,0.6458325458573166,0.6358695652173914,0.8188444085626269
attention_state,bandpass,vit,5,1626406676,accuracy,0.6213768115942029,0.6213768115942029,0.621376811594203,0.625585055773735,0.621376811594203,0.8168298851781838
attention_state,bandpass,vit,6,126691620,accuracy,0.6419082125603864,0.6419082125603864,0.6419082125603864,0.6369456357080757,0.6419082125603864,0.8165749929986698
attention_state,bandpass,vit,7,28155425,accuracy,0.6316425120772947,0.6316425120772947,0.6316425120772947,0.6611627195111288,0.6316425120772947,0.822871814394735
attention_state,bandpass,vit,8,149869551,accuracy,0.6491545893719807,0.6491545893719807,0.6491545893719808,0.6604562302061087,0.6491545893719808,0.8335969771756634
attention_state,bandpass,vit,9,2044435244,accuracy,0.6612318840579711,0.6612318840579711,0.6612318840579711,0.659588176732853,0.6612318840579711,0.8307499518658545
attention_state,bandpass,vit,10,1786428360,accuracy,0.6207729468599034,0.6207729468599034,0.6207729468599034,0.6564538400548771,0.6207729468599034,0.8237234605825106
attention_state,ic_unet,eegnet,1,2013945970,accuracy,0.6642512077294686,0.6642512077294686,0.6642512077294686,0.6604068312016135,0.6642512077294686,0.8411554054645384
attention_state,ic_unet,eegnet,2,61155527,accuracy,0.6455314009661836,0.6455314009661836,0.6455314009661836,0.6496070638339194,0.6455314009661836,0.8305943363614087
attention_state,ic_unet,eegnet,3,1072713694,accuracy,0.6721014492753623,0.6721014492753623,0.6721014492753623,0.719148957019264,0.6721014492753623,0.844833018273472
attention_state,ic_unet,eegnet,4,2111243235,accuracy,0.6751207729468599,0.6751207729468599,0.67512077294686,0.6789811431548683,0.67512077294686,0.8431051118462508
attention_state,ic_unet,eegnet,5,1626406676,accuracy,0.6564009661835749,0.6564009661835749,0.6564009661835749,0.6550618536715148,0.6564009661835749,0.8409943201708323
attention_state,ic_unet,eegnet,6,126691620,accuracy,0.6455314009661836,0.6455314009661836,0.6455314009661836,0.6455658590272323,0.6455314009661836,0.8327847134705594
attention_state,ic_unet,eegnet,7,28155425,accuracy,0.6479468599033816,0.6479468599033816,0.6479468599033816,0.6741228341592556,0.6479468599033816,0.8319412719666737
attention_state,ic_unet,eegnet,8,149869551,accuracy,0.6763285024154589,0.6763285024154589,0.6763285024154589,0.6825327807271804,0.6763285024154589,0.8475613491563397
attention_state,ic_unet,eegnet,9,2044435244,accuracy,0.6557971014492754,0.6557971014492754,0.6557971014492754,0.6455942546937689,0.6557971014492754,0.8421172679059022
attention_state,ic_unet,eegnet,10,1786428360,accuracy,0.6612318840579711,0.6612318840579711,0.6612318840579711,0.6718370183966663,0.6612318840579711,0.8394190208639642
attention_state,ic_unet,lightgbm,1,2013945970,accuracy,0.696256038647343,0.696256038647343,0.6962560386473431,0.6963000289188072,0.6962560386473431,0.8646949170342365
attention_state,ic_unet,lightgbm,2,61155527,accuracy,0.711352657004831,0.711352657004831,0.7113526570048309,0.7133500141169362,0.7113526570048309,0.8756038647342995
attention_state,ic_unet,lightgbm,3,1072713694,accuracy,0.7035024154589372,0.7035024154589372,0.7035024154589372,0.7040607321518925,0.7035024154589372,0.8737605457536931
attention_state,ic_unet,lightgbm,4,2111243235,accuracy,0.714975845410628,0.714975845410628,0.714975845410628,0.7175122271771756,0.714975845410628,0.869875354442344
attention_state,ic_unet,lightgbm,5,1626406676,accuracy,0.7258454106280193,0.7258454106280193,0.7258454106280193,0.7261998105132478,0.7258454106280193,0.8844900843660296
attention_state,ic_unet,lightgbm,6,126691620,accuracy,0.7137681159420289,0.7137681159420289,0.7137681159420289,0.712962371215477,0.7137681159420289,0.8740832633200307
attention_state,ic_unet,lightgbm,7,28155425,accuracy,0.7035024154589372,0.7035024154589372,0.7035024154589372,0.7087482188233127,0.7035024154589372,0.8736046567597843
attention_state,ic_unet,lightgbm,8,149869551,accuracy,0.7041062801932367,0.7041062801932367,0.7041062801932366,0.7060313600520333,0.7041062801932366,0.8664184476300498
attention_state,ic_unet,lightgbm,9,2044435244,accuracy,0.7065217391304348,0.7065217391304348,0.7065217391304349,0.706548375589804,0.7065217391304349,0.8711613018973604
attention_state,ic_unet,lightgbm,10,1786428360,accuracy,0.7373188405797102,0.7373188405797102,0.7373188405797101,0.7360402736543916,0.7373188405797101,0.884023511342155
attention_state,ic_unet,logistic_regression,1,2013945970,accuracy,0.6286231884057971,0.6286231884057971,0.6286231884057971,0.626225272267661,0.6286231884057971,0.8074598626864105
attention_state,ic_unet,logistic_regression,2,61155527,accuracy,0.623792270531401,0.623792270531401,0.623792270531401,0.6248572454077689,0.623792270531401,0.8023447892599593
attention_state,ic_unet,logistic_regression,3,1072713694,accuracy,0.6201690821256038,0.6201690821256038,0.6201690821256038,0.6190198515916046,0.6201690821256038,0.7980671405692082
attention_state,ic_unet,logistic_regression,4,2111243235,accuracy,0.6310386473429952,0.6310386473429952,0.6310386473429951,0.6338959300405084,0.6310386473429951,0.7990322848841279
attention_state,ic_unet,logistic_regression,5,1626406676,accuracy,0.6419082125603864,0.6419082125603864,0.6419082125603864,0.6434832924887174,0.6419082125603864,0.8178218314604774
attention_state,ic_unet,logistic_regression,6,126691620,accuracy,0.6280193236714976,0.6280193236714976,0.6280193236714976,0.6270319449226238,0.6280193236714976,0.8144532617447315
attention_state,ic_unet,logistic_regression,7,28155425,accuracy,0.6394927536231884,0.6394927536231884,0.6394927536231884,0.6395071252990872,0.6394927536231884,0.8139568783693901
attention_state,ic_unet,logistic_regression,8,149869551,accuracy,0.6177536231884058,0.6177536231884058,0.6177536231884058,0.6163140598597968,0.6177536231884058,0.7950133572253728
attention_state,ic_unet,logistic_regression,9,2044435244,accuracy,0.6382850241545893,0.6382850241545893,0.6382850241545893,0.637405112151977,0.6382850241545893,0.8096773152523978
attention_state,ic_unet,logistic_regression,10,1786428360,accuracy,0.6382850241545893,0.6382850241545893,0.6382850241545893,0.6361314120798798,0.6382850241545893,0.80563350005251
attention_state,ic_unet,mlp,1,2013945970,accuracy,0.7119565217391305,0.7119565217391305,0.7119565217391304,0.7113746686917418,0.7119565217391304,0.8677845274977245
attention_state,ic_unet,mlp,2,61155527,accuracy,0.7095410628019324,0.7095410628019324,0.7095410628019323,0.714651781270081,0.7095410628019323,0.8683845633795421
attention_state,ic_unet,mlp,3,1072713694,accuracy,0.6890096618357487,0.6890096618357487,0.6890096618357487,0.689783758811032,0.6890096618357487,0.8615752227298187
attention_state,ic_unet,mlp,4,2111243235,accuracy,0.7137681159420289,0.7137681159420289,0.7137681159420289,0.7167582725143804,0.7137681159420289,0.8673969929286566
attention_state,ic_unet,mlp,5,1626406676,accuracy,0.7143719806763285,0.7143719806763285,0.7143719806763285,0.7163276585246084,0.7143719806763285,0.8702738285899322
attention_state,ic_unet,mlp,6,126691620,accuracy,0.7022946859903382,0.7022946859903382,0.7022946859903382,0.7009392192068659,0.7022946859903382,0.8636479993698801
attention_state,ic_unet,mlp,7,28155425,accuracy,0.6890096618357487,0.6890096618357487,0.6890096618357489,0.6925857353402632,0.6890096618357489,0.8540969268536022
attention_state,ic_unet,mlp,8,149869551,accuracy,0.7004830917874396,0.7004830917874396,0.7004830917874396,0.6991553489889867,0.7004830917874396,0.862058478610936
attention_state,ic_unet,mlp,9,2044435244,accuracy,0.7131642512077294,0.7131642512077294,0.7131642512077295,0.7126250904161658,0.7131642512077295,0.8688352740145628
attention_state,ic_unet,mlp,10,1786428360,accuracy,0.7131642512077294,0.7131642512077294,0.7131642512077295,0.7109775311788403,0.7131642512077295,0.8693901841349856
attention_state,ic_unet,mobilenet,1,2013945970,accuracy,0.4855072463768116,0.4855072463768116,0.4855072463768116,0.6952454061472015,0.4855072463768116,0.7546203309878877
attention_state,ic_unet,mobilenet,2,61155527,accuracy,0.5742753623188406,0.5742753623188406,0.5742753623188405,0.6111117345702763,0.5742753623188405,0.7895952574739199
attention_state,ic_unet,mobilenet,3,1072713694,accuracy,0.5942028985507246,0.5942028985507246,0.5942028985507246,0.6746469861585324,0.5942028985507246,0.8130885493243715
attention_state,ic_unet,mobilenet,4,2111243235,accuracy,0.4975845410628019,0.4975845410628019,0.497584541062802,0.6054147685602214,0.497584541062802,0.7378417524329622
attention_state,ic_unet,mobilenet,5,1626406676,accuracy,0.5150966183574879,0.5150966183574879,0.515096618357488,0.5197155438275326,0.515096618357488,0.7378477692011484
attention_state,ic_unet,mobilenet,6,126691620,accuracy,0.5797101449275363,0.5797101449275363,0.5797101449275363,0.6355618327271292,0.5797101449275363,0.8052328379892179
attention_state,ic_unet,mobilenet,7,28155425,accuracy,0.6135265700483091,0.6135265700483091,0.6135265700483092,0.6599788737043639,0.6135265700483092,0.8203048422950361
attention_state,ic_unet,mobilenet,8,149869551,accuracy,0.3333333333333333,0.3333333333333333,0.3333333333333333,0.1111111111111111,0.3333333333333333,0.41292040800252044
attention_state,ic_unet,mobilenet,9,2044435244,accuracy,0.48007246376811596,0.48007246376811596,0.4800724637681159,0.6319349777845847,0.4800724637681159,0.7399000341314851
attention_state,ic_unet,mobilenet,10,1786428360,accuracy,0.572463768115942,0.572463768115942,0.572463768115942,0.566141688069329,0.572463768115942,0.7676892984667086
attention_state,ic_unet,random_forest,1,2013945970,accuracy,0.642512077294686,0.642512077294686,0.642512077294686,0.643976987075383,0.642512077294686,0.8191917401806342
attention_state,ic_unet,random_forest,2,61155527,accuracy,0.6539855072463768,0.6539855072463768,0.6539855072463768,0.6617266905845396,0.6539855072463768,0.833235971084506
attention_state,ic_unet,random_forest,3,1072713694,accuracy,0.6413043478260869,0.6413043478260869,0.6413043478260869,0.6441639946324472,0.6413043478260869,0.8313931990828257
attention_state,ic_unet,random_forest,4,2111243235,accuracy,0.6407004830917874,0.6407004830917874,0.6407004830917874,0.6436380080426888,0.6407004830917874,0.8260574196597353
attention_state,ic_unet,random_forest,5,1626406676,accuracy,0.6708937198067633,0.6708937198067633,0.6708937198067632,0.6715512208566667,0.6708937198067632,0.8401224357627949
attention_state,ic_unet,random_forest,6,126691620,accuracy,0.6473429951690821,0.6473429951690821,0.647342995169082,0.6458070665650376,0.647342995169082,0.8257773664496254
attention_state,ic_unet,random_forest,7,28155425,accuracy,0.6316425120772947,0.6316425120772947,0.6316425120772947,0.6387829701596303,0.6316425120772947,0.818688519568718
attention_state,ic_unet,random_forest,8,149869551,accuracy,0.6539855072463768,0.6539855072463768,0.6539855072463768,0.6565565002361701,0.6539855072463768,0.8343643886088357
attention_state,ic_unet,random_forest,9,2044435244,accuracy,0.6443236714975845,0.6443236714975845,0.6443236714975845,0.6463019828245977,0.6443236714975845,0.8269785321711126
attention_state,ic_unet,random_forest,10,1786428360,accuracy,0.6570048309178744,0.6570048309178744,0.6570048309178743,0.6571346353354812,0.6570048309178743,0.8323225162780927
attention_state,ic_unet,svm,1,2013945970,accuracy,0.6328502415458938,0.6328502415458938,0.6328502415458938,0.6296790419324517,0.6328502415458938,0.8030479306693272
attention_state,ic_unet,svm,2,61155527,accuracy,0.6177536231884058,0.6177536231884058,0.6177536231884058,0.6176608583505135,0.6177536231884058,0.7986463912518379
attention_state,ic_unet,svm,3,1072713694,accuracy,0.6129227053140096,0.6129227053140096,0.6129227053140096,0.6100771284211304,0.6129227053140096,0.7916447875096267
attention_state,ic_unet,svm,4,2111243235,accuracy,0.6352657004830918,0.6352657004830918,0.6352657004830917,0.6362382233585328,0.6352657004830917,0.7957878793845832
attention_state,ic_unet,svm,5,1626406676,accuracy,0.6376811594202898,0.6376811594202898,0.6376811594202899,0.6363225404520646,0.6376811594202899,0.8097894459322271
attention_state,ic_unet,svm,6,126691620,accuracy,0.6292270531400966,0.6292270531400966,0.6292270531400966,0.6257783642146915,0.6292270531400966,0.8084299298116643
attention_state,ic_unet,svm,7,28155425,accuracy,0.6364734299516909,0.6364734299516909,0.6364734299516909,0.6361844076041819,0.6364734299516909,0.8047788454806414
attention_state,ic_unet,svm,8,149869551,accuracy,0.6219806763285024,0.6219806763285024,0.6219806763285024,0.619954244016975,0.6219806763285024,0.793904357452916
attention_state,ic_unet,svm,9,2044435244,accuracy,0.6280193236714976,0.6280193236714976,0.6280193236714976,0.6266333767937339,0.6280193236714976,0.8060349825841909
attention_state,ic_unet,svm,10,1786428360,accuracy,0.6274154589371981,0.6274154589371981,0.6274154589371981,0.6248120165717181,0.6274154589371981,0.8029549442519078
attention_state,ic_unet,vit,1,2013945970,accuracy,0.6286231884057971,0.6286231884057971,0.6286231884057971,0.6331416820547255,0.6286231884057971,0.8088215667226774
attention_state,ic_unet,vit,2,61155527,accuracy,0.6165458937198067,0.6165458937198067,0.6165458937198068,0.6021683983659182,0.6165458937198068,0.8030077277182666
attention_state,ic_unet,vit,3,1072713694,accuracy,0.626207729468599,0.626207729468599,0.6262077294685992,0.6654121814971711,0.6262077294685992,0.8138967106875307
attention_state,ic_unet,vit,4,2111243235,accuracy,0.6141304347826086,0.6141304347826086,0.6141304347826086,0.6317341513229985,0.6141304347826086,0.7977654816915214
attention_state,ic_unet,vit,5,1626406676,accuracy,0.6292270531400966,0.6292270531400966,0.6292270531400966,0.6232455491424794,0.6292270531400966,0.8062381852551986
attention_state,ic_unet,vit,6,126691620,accuracy,0.6159420289855072,0.6159420289855072,0.6159420289855073,0.6056486767531385,0.6159420289855073,0.7965457186865503
attention_state,ic_unet,vit,7,28155425,accuracy,0.6225845410628019,0.6225845410628019,0.6225845410628019,0.6739848538185024,0.6225845410628019,0.8225876588426803
attention_state,ic_unet,vit,8,149869551,accuracy,0.644927536231884,0.644927536231884,0.6449275362318841,0.643979580678736,0.6449275362318841,0.8165900349191345
attention_state,ic_unet,vit,9,2044435244,accuracy,0.6370772946859904,0.6370772946859904,0.6370772946859904,0.6279242206733958,0.6370772946859904,0.8200105676328503
attention_state,ic_unet,vit,10,1786428360,accuracy,0.6099033816425121,0.6099033816425121,0.609903381642512,0.5951853423267573,0.609903381642512,0.7962798869285165
attention_state,ica,eegnet,1,2013945970,accuracy,0.7469806763285024,0.7469806763285024,0.7469806763285024,0.7481947923927983,0.7469806763285024,0.9097966113561576
attention_state,ica,eegnet,2,61155527,accuracy,0.7179951690821256,0.7179951690821256,0.7179951690821257,0.7233312170862534,0.7179951690821257,0.8783119573969054
attention_state,ica,eegnet,3,1072713694,accuracy,0.7403381642512077,0.7403381642512077,0.7403381642512077,0.7566241992695156,0.7403381642512077,0.8900955243996359
attention_state,ica,eegnet,4,2111243235,accuracy,0.7415458937198067,0.7415458937198067,0.7415458937198068,0.756192886473895,0.7415458937198068,0.8959006117412308
attention_state,ica,eegnet,5,1626406676,accuracy,0.7506038647342995,0.7506038647342995,0.7506038647342995,0.76069403705309,0.7506038647342995,0.9042513390044108
attention_state,ica,eegnet,6,126691620,accuracy,0.7288647342995169,0.7288647342995169,0.7288647342995169,0.7411846106365046,0.7288647342995169,0.899507390779248
attention_state,ica,eegnet,7,28155425,accuracy,0.7306763285024155,0.7306763285024155,0.7306763285024155,0.7520397503730837,0.7306763285024155,0.8934162334593573
attention_state,ica,eegnet,8,149869551,accuracy,0.7306763285024155,0.7306763285024155,0.7306763285024155,0.7414126228173,0.7306763285024155,0.8830329325071764
attention_state,ica,eegnet,9,2044435244,accuracy,0.7578502415458938,0.7578502415458938,0.7578502415458938,0.7583366140111337,0.7578502415458938,0.9058578161100608
attention_state,ica,eegnet,10,1786428360,accuracy,0.7349033816425121,0.7349033816425121,0.734903381642512,0.7358062013398127,0.734903381642512,0.8962331749282363
attention_state,ica,lightgbm,1,2013945970,accuracy,0.8991545893719807,0.8991545893719807,0.8991545893719807,0.8988216021463544,0.8991545893719807,0.9777051389764054
attention_state,ica,lightgbm,2,61155527,accuracy,0.9057971014492754,0.9057971014492754,0.9057971014492754,0.905419754444043,0.9057971014492754,0.9795648673247918
attention_state,ica,lightgbm,3,1072713694,accuracy,0.9070048309178744,0.9070048309178744,0.9070048309178744,0.9072168737173656,0.9070048309178744,0.98168659857873
attention_state,ica,lightgbm,4,2111243235,accuracy,0.9015700483091788,0.9015700483091788,0.9015700483091788,0.9012892548372844,0.9015700483091788,0.9780218397745571
attention_state,ica,lightgbm,5,1626406676,accuracy,0.8967391304347826,0.8967391304347826,0.8967391304347826,0.8966826298377444,0.8967391304347826,0.9795976860603514
attention_state,ica,lightgbm,6,126691620,accuracy,0.9009661835748792,0.9009661835748792,0.9009661835748792,0.9009318222701926,0.9009661835748792,0.9807135230693832
attention_state,ica,lightgbm,7,28155425,accuracy,0.9070048309178744,0.9070048309178744,0.9070048309178744,0.907014640967049,0.9070048309178744,0.98061014405237
attention_state,ica,lightgbm,8,149869551,accuracy,0.8961352657004831,0.8961352657004831,0.8961352657004831,0.8965472205395115,0.8961352657004831,0.977087599768956
attention_state,ica,lightgbm,9,2044435244,accuracy,0.8931159420289855,0.8931159420289855,0.8931159420289855,0.893309624771116,0.8931159420289855,0.9782351615556956
attention_state,ica,lightgbm,10,1786428360,accuracy,0.893719806763285,0.893719806763285,0.8937198067632851,0.8944418149176427,0.8937198067632851,0.9801545106070154
attention_state,ica,logistic_regression,1,2013945970,accuracy,0.6141304347826086,0.6141304347826086,0.6141304347826088,0.6112094585585934,0.6141304347826088,0.7852205200238046
attention_state,ica,logistic_regression,2,61155527,accuracy,0.6135265700483091,0.6135265700483091,0.6135265700483091,0.6154467552718179,0.6135265700483091,0.7904493650668627
attention_state,ica,logistic_regression,3,1072713694,accuracy,0.6105072463768116,0.6105072463768116,0.6105072463768116,0.61047985524176,0.6105072463768116,0.7872424276237485
attention_state,ica,logistic_regression,4,2111243235,accuracy,0.6407004830917874,0.6407004830917874,0.6407004830917874,0.6387418695044286,0.6407004830917874,0.8111899854722396
attention_state,ica,logistic_regression,5,1626406676,accuracy,0.6165458937198067,0.6165458937198067,0.6165458937198068,0.6164928431351465,0.6165458937198068,0.7906134587446614
attention_state,ica,logistic_regression,6,126691620,accuracy,0.6268115942028986,0.6268115942028986,0.6268115942028986,0.6259037365654555,0.6268115942028986,0.7977671226282994
attention_state,ica,logistic_regression,7,28155425,accuracy,0.623792270531401,0.623792270531401,0.623792270531401,0.6245212598090873,0.623792270531401,0.8008214529510608
attention_state,ica,logistic_regression,8,149869551,accuracy,0.6171497584541062,0.6171497584541062,0.6171497584541062,0.6194136883737419,0.6171497584541062,0.7870690353042078
attention_state,ica,logistic_regression,9,2044435244,accuracy,0.6195652173913043,0.6195652173913043,0.6195652173913043,0.6208702468526784,0.6195652173913043,0.7965402488972905
attention_state,ica,logistic_regression,10,1786428360,accuracy,0.6455314009661836,0.6455314009661836,0.6455314009661836,0.6473740873048449,0.6455314009661836,0.8108612511377161
attention_state,ica,mlp,1,2013945970,accuracy,0.803743961352657,0.803743961352657,0.803743961352657,0.8057327795193862,0.803743961352657,0.9225775944304418
attention_state,ica,mlp,2,61155527,accuracy,0.821256038647343,0.821256038647343,0.8212560386473431,0.8206118949980196,0.8212560386473431,0.9335385051284744
attention_state,ica,mlp,3,1072713694,accuracy,0.7922705314009661,0.7922705314009661,0.7922705314009661,0.7904512588463065,0.7922705314009661,0.9192030079465098
attention_state,ica,mlp,4,2111243235,accuracy,0.803743961352657,0.803743961352657,0.803743961352657,0.8034876162123684,0.803743961352657,0.928574397885598
attention_state,ica,mlp,5,1626406676,accuracy,0.8236714975845411,0.8236714975845411,0.8236714975845412,0.824532960762309,0.8236714975845412,0.9356317934782608
attention_state,ica,mlp,6,126691620,accuracy,0.8236714975845411,0.8236714975845411,0.8236714975845411,0.823075433782638,0.8236714975845411,0.93465653005321
attention_state,ica,mlp,7,28155425,accuracy,0.8103864734299517,0.8103864734299517,0.8103864734299516,0.8094158384651342,0.8103864734299516,0.9293705257123852
attention_state,ica,mlp,8,149869551,accuracy,0.8103864734299517,0.8103864734299517,0.8103864734299516,0.8105734731136977,0.8103864734299516,0.9212440598088636
attention_state,ica,mlp,9,2044435244,accuracy,0.8339371980676329,0.8339371980676329,0.8339371980676328,0.8345930108808872,0.8339371980676328,0.9327122934607576
attention_state,ica,mlp,10,1786428360,accuracy,0.8164251207729468,0.8164251207729468,0.8164251207729469,0.8191888721300487,0.8164251207729469,0.935068405184485
attention_state,ica,mobilenet,1,2013945970,accuracy,0.6884057971014492,0.6884057971014492,0.6884057971014492,0.6878047224101397,0.6884057971014492,0.8851573986557447
attention_state,ica,mobilenet,2,61155527,accuracy,0.6823671497584541,0.6823671497584541,0.6823671497584541,0.7035419465097653,0.6823671497584541,0.8802356822796332
attention_state,ica,mobilenet,3,1072713694,accuracy,0.7125603864734299,0.7125603864734299,0.71256038647343,0.7161776868002896,0.71256038647343,0.8803210109920885
attention_state,ica,mobilenet,4,2111243235,accuracy,0.730072463768116,0.730072463768116,0.7300724637681159,0.7493508771929824,0.7300724637681159,0.8942684266260589
attention_state,ica,mobilenet,5,1626406676,accuracy,0.7077294685990339,0.7077294685990339,0.7077294685990339,0.725593494441433,0.7077294685990339,0.8770932883497865
attention_state,ica,mobilenet,6,126691620,accuracy,0.7065217391304348,0.7065217391304348,0.7065217391304349,0.734276793168528,0.7065217391304349,0.887396730378772
attention_state,ica,mobilenet,7,28155425,accuracy,0.7047101449275363,0.7047101449275363,0.7047101449275363,0.7026246744539852,0.7047101449275363,0.8882899469649234
attention_state,ica,mobilenet,8,149869551,accuracy,0.7041062801932367,0.7041062801932367,0.7041062801932368,0.7016941807398519,0.7041062801932368,0.8800469745501646
attention_state,ica,mobilenet,9,2044435244,accuracy,0.7602657004830918,0.7602657004830918,0.7602657004830918,0.7622945165318047,0.7602657004830918,0.9091749698067632
attention_state,ica,mobilenet,10,1786428360,accuracy,0.6757246376811594,0.6757246376811594,0.6757246376811593,0.739958006668238,0.6757246376811593,0.8814926398515718
attention_state,ica,random_forest,1,2013945970,accuracy,0.8780193236714976,0.8780193236714976,0.8780193236714976,0.8782064056190108,0.8780193236714976,0.962841533641392
attention_state,ica,random_forest,2,61155527,accuracy,0.8774154589371981,0.8774154589371981,0.8774154589371981,0.8770969533820451,0.8774154589371981,0.9656136228383392
attention_state,ica,random_forest,3,1072713694,accuracy,0.8701690821256038,0.8701690821256038,0.8701690821256038,0.870422231185367,0.8701690821256038,0.9672840964783308
attention_state,ica,random_forest,4,2111243235,accuracy,0.8647342995169082,0.8647342995169082,0.8647342995169082,0.864812131544617,0.8647342995169082,0.9659598604984946
attention_state,ica,random_forest,5,1626406676,accuracy,0.8804347826086957,0.8804347826086957,0.8804347826086957,0.880498164153004,0.8804347826086957,0.9667393054680388
attention_state,ica,random_forest,6,126691620,accuracy,0.8683574879227053,0.8683574879227053,0.8683574879227054,0.8688179593553761,0.8683574879227054,0.9691301503535672
attention_state,ica,random_forest,7,28155425,accuracy,0.8659420289855072,0.8659420289855072,0.8659420289855072,0.8677002163131652,0.8659420289855072,0.9634497742070994
attention_state,ica,random_forest,8,149869551,accuracy,0.8580917874396136,0.8580917874396136,0.8580917874396136,0.8587660372791093,0.8580917874396136,0.965643706679269
attention_state,ica,random_forest,9,2044435244,accuracy,0.8665458937198067,0.8665458937198067,0.8665458937198068,0.8666506503099624,0.8665458937198068,0.9629279563116993
attention_state,ica,random_forest,10,1786428360,accuracy,0.8647342995169082,0.8647342995169082,0.8647342995169082,0.866263613595884,0.8647342995169082,0.9673601265490444
attention_state,ica,svm,1,2013945970,accuracy,0.6099033816425121,0.6099033816425121,0.6099033816425121,0.6069818758765589,0.6099033816425121,0.7788635309458797
attention_state,ica,svm,2,61155527,accuracy,0.6141304347826086,0.6141304347826086,0.6141304347826088,0.6146148135471979,0.6141304347826088,0.7845813751487783
attention_state,ica,svm,3,1072713694,accuracy,0.6020531400966184,0.6020531400966184,0.6020531400966184,0.6031897162146227,0.6020531400966184,0.7772163039102429
attention_state,ica,svm,4,2111243235,accuracy,0.6382850241545893,0.6382850241545893,0.6382850241545894,0.6362189918090394,0.6382850241545894,0.8056832751347756
attention_state,ica,svm,5,1626406676,accuracy,0.6099033816425121,0.6099033816425121,0.609903381642512,0.6088349382045988,0.609903381642512,0.7827648581355456
attention_state,ica,svm,6,126691620,accuracy,0.623792270531401,0.623792270531401,0.623792270531401,0.6224880623880718,0.623792270531401,0.7951610415353918
attention_state,ica,svm,7,28155425,accuracy,0.6183574879227053,0.6183574879227053,0.6183574879227053,0.6163928012519562,0.6183574879227053,0.7919097987992719
attention_state,ica,svm,8,149869551,accuracy,0.607487922705314,0.607487922705314,0.6074879227053139,0.6087098087098087,0.6074879227053139,0.7774681877056642
attention_state,ica,svm,9,2044435244,accuracy,0.6183574879227053,0.6183574879227053,0.6183574879227053,0.6192764253470918,0.6183574879227053,0.7907048042253028
attention_state,ica,svm,10,1786428360,accuracy,0.6419082125603864,0.6419082125603864,0.6419082125603865,0.6421905421905422,0.6419082125603865,0.8076250503220611
attention_state,ica,vit,1,2013945970,accuracy,0.7832125603864735,0.7832125603864735,0.7832125603864735,0.7850574872974941,0.7832125603864735,0.9258991239585521
attention_state,ica,vit,2,61155527,accuracy,0.7711352657004831,0.7711352657004831,0.7711352657004831,0.7812914223288742,0.7711352657004831,0.9196876312749422
attention_state,ica,vit,3,1072713694,accuracy,0.7560386473429952,0.7560386473429952,0.7560386473429951,0.7692220974963903,0.7560386473429951,0.9083618856332704
attention_state,ica,vit,4,2111243235,accuracy,0.7940821256038647,0.7940821256038647,0.7940821256038647,0.7910999691685099,0.7940821256038647,0.9296875
attention_state,ica,vit,5,1626406676,accuracy,0.7590579710144928,0.7590579710144928,0.7590579710144927,0.756592813870442,0.7590579710144927,0.9137660374221103
attention_state,ica,vit,6,126691620,accuracy,0.7898550724637681,0.7898550724637681,0.7898550724637681,0.7937672117611659,0.7898550724637681,0.9268350049009312
attention_state,ica,vit,7,28155425,accuracy,0.7922705314009661,0.7922705314009661,0.7922705314009661,0.7911839474150791,0.7922705314009661,0.9308815549954491
attention_state,ica,vit,8,149869551,accuracy,0.783816425120773,0.783816425120773,0.783816425120773,0.790053449032346,0.783816425120773,0.9274722353497165
attention_state,ica,vit,9,2044435244,accuracy,0.7759661835748792,0.7759661835748792,0.7759661835748792,0.7762112426737962,0.7759661835748792,0.9236548694251908
attention_state,ica,vit,10,1786428360,accuracy,0.7741545893719807,0.7741545893719807,0.7741545893719807,0.7780439844393333,0.7741545893719807,0.9226577268431001
attention_state,raw,eegnet,1,2013945970,accuracy,0.7820048309178744,0.7820048309178744,0.7820048309178745,0.7855753298552347,0.7820048309178745,0.91835190873766
attention_state,raw,eegnet,2,61155527,accuracy,0.7910628019323671,0.7910628019323671,0.7910628019323672,0.798053577801169,0.7910628019323672,0.9238774898480712
attention_state,raw,eegnet,3,1072713694,accuracy,0.7028985507246377,0.7028985507246377,0.7028985507246377,0.7161105641250046,0.7028985507246377,0.8694361303647692
attention_state,raw,eegnet,4,2111243235,accuracy,0.7723429951690821,0.7723429951690821,0.7723429951690822,0.7755863334783322,0.7723429951690822,0.9191980851361756
attention_state,raw,eegnet,5,1626406676,accuracy,0.75,0.75,0.75,0.7505491202837252,0.75,0.9021361714975846
attention_state,raw,eegnet,6,126691620,accuracy,0.767512077294686,0.767512077294686,0.7675120772946858,0.7779386918176706,0.7675120772946858,0.9217409901631308
attention_state,raw,eegnet,7,28155425,accuracy,0.7258454106280193,0.7258454106280193,0.7258454106280192,0.755237534737215,0.7258454106280192,0.884839056920815
attention_state,raw,eegnet,8,149869551,accuracy,0.768719806763285,0.768719806763285,0.7687198067632851,0.7742921980215169,0.7687198067632851,0.911362065042358
attention_state,raw,eegnet,9,2044435244,accuracy,0.7771739130434783,0.7771739130434783,0.7771739130434782,0.7772205832577167,0.7771739130434782,0.922976615556956
attention_state,raw,eegnet,10,1786428360,accuracy,0.7198067632850241,0.7198067632850241,0.7198067632850241,0.719900290733269,0.7198067632850241,0.8867901307498425
attention_state,raw,lightgbm,1,2013945970,accuracy,0.908816425120773,0.908816425120773,0.908816425120773,0.9088048622310896,0.908816425120773,0.9810428043828328
attention_state,raw,lightgbm,2,61155527,accuracy,0.9033816425120772,0.9033816425120772,0.9033816425120772,0.9036091496092146,0.9033816425120772,0.9804389396485332
attention_state,raw,lightgbm,3,1072713694,accuracy,0.9112318840579712,0.9112318840579712,0.9112318840579712,0.9122298990353056,0.9112318840579712,0.984232238500315
attention_state,raw,lightgbm,4,2111243235,accuracy,0.9057971014492754,0.9057971014492754,0.9057971014492754,0.905489222356994,0.9057971014492754,0.9804542550584612
attention_state,raw,lightgbm,5,1626406676,accuracy,0.9184782608695652,0.9184782608695652,0.9184782608695652,0.918478861780882,0.9184782608695652,0.9823205471539592
attention_state,raw,lightgbm,6,126691620,accuracy,0.9106280193236715,0.9106280193236715,0.9106280193236715,0.9104278931974163,0.9106280193236715,0.9829413682349646
attention_state,raw,lightgbm,7,28155425,accuracy,0.9082125603864736,0.9082125603864736,0.9082125603864734,0.908224431286225,0.9082125603864734,0.981542196142267
attention_state,raw,lightgbm,8,149869551,accuracy,0.9064009661835748,0.9064009661835748,0.9064009661835748,0.9068063990107912,0.9064009661835748,0.9817248871035495
attention_state,raw,lightgbm,9,2044435244,accuracy,0.9070048309178744,0.9070048309178744,0.9070048309178744,0.907041481725026,0.9070048309178744,0.9810887506126162
attention_state,raw,lightgbm,10,1786428360,accuracy,0.9082125603864736,0.9082125603864736,0.9082125603864736,0.9081641251877188,0.9082125603864736,0.9831300759644332
attention_state,raw,logistic_regression,1,2013945970,accuracy,0.6274154589371981,0.6274154589371981,0.6274154589371981,0.6273735288163332,0.6274154589371981,0.799435134863124
attention_state,raw,logistic_regression,2,61155527,accuracy,0.6153381642512077,0.6153381642512077,0.6153381642512078,0.6173007246376812,0.6153381642512078,0.7880267954036267
attention_state,raw,logistic_regression,3,1072713694,accuracy,0.6141304347826086,0.6141304347826086,0.6141304347826088,0.614564071398859,0.6141304347826088,0.7963758817300288
attention_state,raw,logistic_regression,4,2111243235,accuracy,0.6545893719806763,0.6545893719806763,0.6545893719806763,0.6557540441890487,0.6545893719806763,0.8184850434082476
attention_state,raw,logistic_regression,5,1626406676,accuracy,0.6177536231884058,0.6177536231884058,0.6177536231884058,0.6202266475970891,0.6177536231884058,0.7915091367359798
attention_state,raw,logistic_regression,6,126691620,accuracy,0.6431159420289855,0.6431159420289855,0.6431159420289855,0.6434015017605971,0.6431159420289855,0.8103656882307639
attention_state,raw,logistic_regression,7,28155425,accuracy,0.6328502415458938,0.6328502415458938,0.6328502415458938,0.6339858543719615,0.6328502415458938,0.8086656777287685
attention_state,raw,logistic_regression,8,149869551,accuracy,0.6256038647342995,0.6256038647342995,0.6256038647342995,0.6285001498821077,0.6256038647342995,0.8024205458412098
attention_state,raw,logistic_regression,9,2044435244,accuracy,0.6274154589371981,0.6274154589371981,0.6274154589371981,0.6304723395780879,0.6274154589371981,0.8012986920639921
attention_state,raw,logistic_regression,10,1786428360,accuracy,0.6467391304347826,0.6467391304347826,0.6467391304347826,0.649874157081679,0.6467391304347826,0.812241552457467
attention_state,raw,mlp,1,2013945970,accuracy,0.8164251207729468,0.8164251207729468,0.8164251207729468,0.8160152483893052,0.8164251207729468,0.9312950710635022
attention_state,raw,mlp,2,61155527,accuracy,0.8200483091787439,0.8200483091787439,0.8200483091787438,0.8183918791953667,0.8200483091787438,0.9338357881747532
attention_state,raw,mlp,3,1072713694,accuracy,0.8242753623188406,0.8242753623188406,0.8242753623188405,0.8248386733463494,0.8242753623188405,0.9316284547188964
attention_state,raw,mlp,4,2111243235,accuracy,0.8146135265700483,0.8146135265700483,0.8146135265700484,0.8133707819617251,0.8146135265700484,0.9319227293810824
attention_state,raw,mlp,5,1626406676,accuracy,0.8103864734299517,0.8103864734299517,0.8103864734299516,0.8128881696687343,0.8103864734299516,0.9246736176748582
attention_state,raw,mlp,6,126691620,accuracy,0.8152173913043478,0.8152173913043478,0.8152173913043478,0.8151307350232182,0.8152173913043478,0.929013895452636
attention_state,raw,mlp,7,28155425,accuracy,0.8236714975845411,0.8236714975845411,0.8236714975845411,0.8247613995102799,0.8236714975845411,0.9367479039767556
attention_state,raw,mlp,8,149869551,accuracy,0.8146135265700483,0.8146135265700483,0.8146135265700482,0.8133866442909244,0.8146135265700482,0.9334515354792412
attention_state,raw,mlp,9,2044435244,accuracy,0.8001207729468599,0.8001207729468599,0.8001207729468599,0.8011513706914823,0.8001207729468599,0.9215391549394384
attention_state,raw,mlp,10,1786428360,accuracy,0.8254830917874396,0.8254830917874396,0.8254830917874396,0.8277462351189023,0.8254830917874396,0.9350437911328152
attention_state,raw,mobilenet,1,2013945970,accuracy,0.6847826086956522,0.6847826086956522,0.6847826086956522,0.7823169957315524,0.6847826086956522,0.8978281654764406
attention_state,raw,mobilenet,2,61155527,accuracy,0.6014492753623188,0.6014492753623188,0.6014492753623188,0.7104255419437395,0.6014492753623188,0.848196665178884
attention_state,raw,mobilenet,3,1072713694,accuracy,0.6950483091787439,0.6950483091787439,0.6950483091787439,0.691023906791048,0.6950483091787439,0.8835897570538404
attention_state,raw,mobilenet,4,2111243235,accuracy,0.6207729468599034,0.6207729468599034,0.6207729468599034,0.7277372297675568,0.6207729468599034,0.8559208280823357
attention_state,raw,mobilenet,5,1626406676,accuracy,0.6878019323671497,0.6878019323671497,0.6878019323671497,0.74182621336034,0.6878019323671497,0.8718411967023734
attention_state,raw,mobilenet,6,126691620,accuracy,0.6642512077294686,0.6642512077294686,0.6642512077294686,0.7539785719020076,0.6642512077294686,0.8711284831618006
attention_state,raw,mobilenet,7,28155425,accuracy,0.7342995169082126,0.7342995169082126,0.7342995169082126,0.7309062296739232,0.7342995169082126,0.8944587752923056
attention_state,raw,mobilenet,8,149869551,accuracy,0.6105072463768116,0.6105072463768116,0.6105072463768116,0.667464213361829,0.6105072463768116,0.8198224068823077
attention_state,raw,mobilenet,9,2044435244,accuracy,0.6672705314009661,0.6672705314009661,0.6672705314009661,0.7135325634045676,0.6672705314009661,0.8645073032626197
attention_state,raw,mobilenet,10,1786428360,accuracy,0.6582125603864735,0.6582125603864735,0.6582125603864735,0.7529035499634357,0.6582125603864735,0.8831034927886298
attention_state,raw,random_forest,1,2013945970,accuracy,0.8707729468599034,0.8707729468599034,0.8707729468599034,0.8709394094545223,0.8707729468599034,0.966034796611356
attention_state,raw,random_forest,2,61155527,accuracy,0.8647342995169082,0.8647342995169082,0.8647342995169082,0.8652923717006039,0.8647342995169082,0.9624925610866064
attention_state,raw,random_forest,3,1072713694,accuracy,0.8683574879227053,0.8683574879227053,0.8683574879227054,0.8697163645318214,0.8683574879227054,0.966195334926136
attention_state,raw,random_forest,4,2111243235,accuracy,0.8725845410628019,0.8725845410628019,0.8725845410628019,0.8728712849090638,0.8725845410628019,0.965246599978996
attention_state,raw,random_forest,5,1626406676,accuracy,0.8852657004830918,0.8852657004830918,0.8852657004830918,0.8856302235800498,0.8852657004830918,0.9674695223342434
attention_state,raw,random_forest,6,126691620,accuracy,0.8731884057971014,0.8731884057971014,0.8731884057971014,0.8744156637613045,0.8731884057971014,0.9698494276412518
attention_state,raw,random_forest,7,28155425,accuracy,0.8683574879227053,0.8683574879227053,0.8683574879227053,0.8703794956027787,0.8683574879227053,0.9623730461912764
attention_state,raw,random_forest,8,149869551,accuracy,0.8786231884057971,0.8786231884057971,0.878623188405797,0.8800207803277657,0.878623188405797,0.9702317659105232
attention_state,raw,random_forest,9,2044435244,accuracy,0.8623188405797102,0.8623188405797102,0.8623188405797101,0.8628387117007962,0.8623188405797101,0.962553822726318
attention_state,raw,random_forest,10,1786428360,accuracy,0.8774154589371981,0.8774154589371981,0.8774154589371981,0.8772446547154957,0.8774154589371981,0.9709540515823006
attention_state,raw,svm,1,2013945970,accuracy,0.625,0.625,0.625,0.623731754513823,0.625,0.797961026657565
attention_state,raw,svm,2,61155527,accuracy,0.6159420289855072,0.6159420289855072,0.6159420289855072,0.6176500946411765,0.6159420289855072,0.7879179465973533
attention_state,raw,svm,3,1072713694,accuracy,0.6141304347826086,0.6141304347826086,0.6141304347826088,0.6153467370386613,0.6141304347826088,0.7910816727053142
attention_state,raw,svm,4,2111243235,accuracy,0.6455314009661836,0.6455314009661836,0.6455314009661836,0.6463902908452587,0.6455314009661836,0.8170183194181894
attention_state,raw,svm,5,1626406676,accuracy,0.6207729468599034,0.6207729468599034,0.6207729468599034,0.6204472136366362,0.6207729468599034,0.7948809883252818
attention_state,raw,svm,6,126691620,accuracy,0.6443236714975845,0.6443236714975845,0.6443236714975845,0.6425788334771786,0.6443236714975845,0.8122590557830988
attention_state,raw,svm,7,28155425,accuracy,0.6370772946859904,0.6370772946859904,0.6370772946859903,0.6365165946276243,0.6370772946859903,0.8061030814604774
attention_state,raw,svm,8,149869551,accuracy,0.6364734299516909,0.6364734299516909,0.6364734299516908,0.6381317531770859,0.6364734299516908,0.7986827653504166
attention_state,raw,svm,9,2044435244,accuracy,0.623792270531401,0.623792270531401,0.623792270531401,0.6271498484469415,0.623792270531401,0.7981502813659596
attention_state,raw,svm,10,1786428360,accuracy,0.6461352657004831,0.6461352657004831,0.6461352657004832,0.6467222291356897,0.6461352657004832,0.8116313974655185
attention_state,raw,vit,1,2013945970,accuracy,0.7928743961352657,0.7928743961352657,0.7928743961352658,0.7990185314737656,0.7928743961352658,0.9285579885178183
attention_state,raw,vit,2,61155527,accuracy,0.7729468599033816,0.7729468599033816,0.7729468599033816,0.7807279335629552,0.7729468599033816,0.9179898086886508
attention_state,raw,vit,3,1072713694,accuracy,0.7548309178743962,0.7548309178743962,0.7548309178743962,0.7564369641564642,0.7548309178743962,0.9061958490863264
attention_state,raw,vit,4,2111243235,accuracy,0.7705314009661836,0.7705314009661836,0.7705314009661836,0.7683084242980359,0.7705314009661836,0.917436266015543
attention_state,raw,vit,5,1626406676,accuracy,0.7711352657004831,0.7711352657004831,0.7711352657004831,0.7695389777537729,0.7711352657004831,0.9171923134145489
attention_state,raw,vit,6,126691620,accuracy,0.783816425120773,0.783816425120773,0.7838164251207728,0.7809811433201662,0.7838164251207728,0.9329704675138277
attention_state,raw,vit,7,28155425,accuracy,0.751207729468599,0.751207729468599,0.7512077294685989,0.7580782834027545,0.7512077294685989,0.9105487073794021
attention_state,raw,vit,8,149869551,accuracy,0.7723429951690821,0.7723429951690821,0.772342995169082,0.779392931061048,0.772342995169082,0.9196624702443464
attention_state,raw,vit,9,2044435244,accuracy,0.7717391304347826,0.7717391304347826,0.7717391304347826,0.7706036928855146,0.7717391304347826,0.9219296978925996
attention_state,raw,vit,10,1786428360,accuracy,0.7801932367149759,0.7801932367149759,0.7801932367149759,0.7801017955642738,0.7801932367149759,0.922283593257719
bci_errp,asr,eegnet,1,2013945970,balanced_accuracy,0.6412170121858904,0.6438235294117647,0.6412170121858904,0.8121748178980229,0.6474491912069681,0.667362136550584
bci_errp,asr,eegnet,2,61155527,balanced_accuracy,0.627113931387108,0.6305882352941177,0.627113931387108,0.8025144054478784,0.6354209871422646,0.6607609041639704
bci_errp,asr,eegnet,3,1072713694,balanced_accuracy,0.6311202572972964,0.6282352941176471,0.6311202572972964,0.807836822329576,0.6242223143923683,0.6640188485618871
bci_errp,asr,eegnet,4,2111243235,balanced_accuracy,0.591074821795453,0.5367647058823529,0.591074821795453,0.8011527377521613,0.4612194110327665,0.6317883277646815
bci_errp,asr,eegnet,5,1626406676,balanced_accuracy,0.637702827326221,0.6494117647058824,0.637702827326221,0.8061275740833752,0.665698880132725,0.6802200816195069
bci_errp,asr,eegnet,6,126691620,balanced_accuracy,0.6372756899934955,0.645,0.6372756899934955,0.8074565883554647,0.6557445043550394,0.6775400412417136
bci_errp,asr,eegnet,7,28155425,balanced_accuracy,0.5952904177390532,0.6061764705882353,0.5952904177390532,0.7785862785862786,0.6213189547905433,0.6378124948888206
bci_errp,asr,eegnet,8,149869551,balanced_accuracy,0.5956420668833736,0.6794117647058824,0.5956420668833736,0.7624155740961462,0.795935296557445,0.6617697199262397
bci_errp,asr,eegnet,9,2044435244,balanced_accuracy,0.6662256199362628,0.7241176470588235,0.6662256199362628,0.8059825508932281,0.8046453753629199,0.721555945764253
bci_errp,asr,eegnet,10,1786428360,balanced_accuracy,0.609666933531392,0.611764705882353,0.609666933531392,0.791243993593166,0.6146827042720863,0.6531376455821167
bci_errp,asr,lightgbm,1,2013945970,balanced_accuracy,0.5688018221171166,0.7064705882352941,0.5688018221171166,0.7422008913267055,0.8979676482787226,0.6400131852702414
bci_errp,asr,lightgbm,2,61155527,balanced_accuracy,0.574143240515014,0.7055882352941176,0.574143240515014,0.7453027139874739,0.8884280381584405,0.6456320227605276
bci_errp,asr,lightgbm,3,1072713694,balanced_accuracy,0.5814542715620477,0.7108823529411765,0.5814542715620477,0.7489539748953975,0.8909166321028619,0.6595805624624917
bci_errp,asr,lightgbm,4,2111243235,balanced_accuracy,0.587351786281196,0.7188235294117648,0.587351786281196,0.7514690632561355,0.9017005391953546,0.6478782157444037
bci_errp,asr,lightgbm,5,1626406676,balanced_accuracy,0.5743887868167428,0.7105882352941176,0.5743887868167428,0.7449364915894267,0.9000414765657404,0.6493573648583191
bci_errp,asr,lightgbm,6,126691620,balanced_accuracy,0.5731702816422372,0.7097058823529412,0.5731702816422372,0.744337680164722,0.8996267109083368,0.6357028097123103
bci_errp,asr,lightgbm,7,28155425,balanced_accuracy,0.5772539829455408,0.71,0.5772539829455408,0.7466251298026999,0.894649523019494,0.6498773946006654
bci_errp,asr,lightgbm,8,149869551,balanced_accuracy,0.5768650090858423,0.7102941176470589,0.5768650090858423,0.7463718037318591,0.8958938199917047,0.6357543933077204
bci_errp,asr,lightgbm,9,2044435244,balanced_accuracy,0.584695021428161,0.7129411764705882,0.584695021428161,0.7506112469437652,0.8913313977602655,0.6595189137752941
bci_errp,asr,lightgbm,10,1786428360,balanced_accuracy,0.5806886955179726,0.7152941176470589,0.5806886955179726,0.7480233757304916,0.9025300705101618,0.6627418400413675
bci_errp,asr,logistic_regression,1,2013945970,balanced_accuracy,0.59010878267328,0.6635294117647059,0.59010878267328,0.7612371134020619,0.7656574035669846,0.6095490880817152
bci_errp,asr,logistic_regression,2,61155527,balanced_accuracy,0.591728633382806,0.6679411764705883,0.591728633382806,0.7616326530612245,0.7739527167150559,0.6187536145212434
bci_errp,asr,logistic_regression,3,1072713694,balanced_accuracy,0.5954615242994382,0.673235294117647,0.5954615242994382,0.7633711507293355,0.7814184985483202,0.6332590893021075
bci_errp,asr,logistic_regression,4,2111243235,balanced_accuracy,0.5920907669977383,0.6735294117647059,0.5920907669977383,0.7609306056959486,0.7868104520945666,0.6166202344411504
bci_errp,asr,logistic_regression,5,1626406676,balanced_accuracy,0.5938808855100003,0.6667647058823529,0.5938808855100003,0.763396537510305,0.7681459975114061,0.6201815994185732
bci_errp,asr,logistic_regression,6,126691620,balanced_accuracy,0.5884362999212825,0.6641176470588235,0.5884362999212825,0.7599344530929947,0.7693902944836167,0.6073536399356002
bci_errp,asr,logistic_regression,7,28155425,balanced_accuracy,0.597497189113429,0.6714705882352942,0.597497189113429,0.7651639344262295,0.7743674823724596,0.6197563492905578
bci_errp,asr,logistic_regression,8,149869551,balanced_accuracy,0.5954233608264111,0.6685294117647059,0.5954233608264111,0.7641975308641975,0.7702198257984239,0.6228819796693533
bci_errp,asr,logistic_regression,9,2044435244,balanced_accuracy,0.5969400443451169,0.6694117647058824,0.5969400443451169,0.765142150803461,0.7702198257984239,0.6261644577285017
bci_errp,asr,logistic_regression,10,1786428360,balanced_accuracy,0.594606201186926,0.6711764705882353,0.594606201186926,0.7631257631257631,0.7776856076316881,0.6222113929290214
bci_errp,asr,mlp,1,2013945970,balanced_accuracy,0.5857690505976358,0.7258823529411764,0.5857690505976358,0.7497467071935157,0.9207797594359188,0.655203086292645
bci_errp,asr,mlp,2,61155527,balanced_accuracy,0.5850829468407983,0.7194117647058823,0.5850829468407983,0.7500858221764504,0.906262961426794,0.6632350295389475
bci_errp,asr,mlp,3,1072713694,balanced_accuracy,0.5847713483742151,0.7223529411764706,0.5847713483742151,0.7495746852670977,0.913728743260058,0.6528109494778525
bci_errp,asr,mlp,4,2111243235,balanced_accuracy,0.5821145835211801,0.7164705882352941,0.5821145835211801,0.748710897215538,0.9033596018249688,0.635376952365695
bci_errp,asr,mlp,5,1626406676,balanced_accuracy,0.5842668356483743,0.7152941176470589,0.5842668356483743,0.7500866551126516,0.8975528826213189,0.6651721403291873
bci_errp,asr,mlp,6,126691620,balanced_accuracy,0.5874157415519281,0.7244117647058823,0.5874157415519281,0.7508509189925119,0.9149730402322688,0.6547618997692997
bci_errp,asr,mlp,7,28155425,balanced_accuracy,0.5749325114626718,0.7155882352941176,0.5749325114626718,0.7447457627118644,0.9112401493156368,0.6570844196992299
bci_errp,asr,mlp,8,149869551,balanced_accuracy,0.5628114149883475,0.7123529411764706,0.5628114149883475,0.7384359400998336,0.9203649937785152,0.6320210830122639
bci_errp,asr,mlp,9,2044435244,balanced_accuracy,0.5846929245340386,0.7264705882352941,0.5846929245340386,0.7490750084090144,0.9236831190377436,0.6509728120901883
bci_errp,asr,mlp,10,1786428360,balanced_accuracy,0.577926666579995,0.7194117647058823,0.577926666579995,0.746031746031746,0.9162173372044796,0.654581147495952
bci_errp,asr,mobilenet,1,2013945970,balanced_accuracy,0.5052372027600159,0.7114705882352941,0.5052372027600159,0.7112884160756501,0.9983409373703858,0.4890762300695456
bci_errp,asr,mobilenet,2,61155527,balanced_accuracy,0.5,0.7091176470588235,0.5,0.7091176470588235,1.0,0.4888160055089602
bci_errp,asr,mobilenet,3,1072713694,balanced_accuracy,0.494958856840425,0.6964705882352941,0.494958856840425,0.7069948964274992,0.9767731231854002,0.5088484738175509
bci_errp,asr,mobilenet,4,2111243235,balanced_accuracy,0.5,0.7091176470588235,0.5,0.7091176470588235,1.0,0.4781881073391714
bci_errp,asr,mobilenet,5,1626406676,balanced_accuracy,0.4991685814804827,0.6364705882352941,0.4991685814804827,0.7087033747779752,0.8274574865201161,0.507706924657336
bci_errp,asr,mobilenet,6,126691620,balanced_accuracy,0.5,0.7091176470588235,0.5,0.7091176470588235,1.0,0.4790788679623515
bci_errp,asr,mobilenet,7,28155425,balanced_accuracy,0.5,0.7091176470588235,0.5,0.7091176470588235,1.0,0.5165824484090655
bci_errp,asr,mobilenet,8,149869551,balanced_accuracy,0.5028435981193375,0.6805882352941176,0.5028435981193375,0.7103842489679263,0.9278307756117792,0.5033059632733188
bci_errp,asr,mobilenet,9,2044435244,balanced_accuracy,0.4965954827029301,0.5926470588235294,0.4965954827029301,0.7071890145395799,0.7262546661136458,0.5040212138584571
bci_errp,asr,mobilenet,10,1786428360,balanced_accuracy,0.5,0.7091176470588235,0.5,0.7091176470588235,1.0,0.4996894499804779
bci_errp,asr,random_forest,1,2013945970,balanced_accuracy,0.5635769910324225,0.7079411764705882,0.5635769910324225,0.7392037786774629,0.9087515553712152,0.6449536775119429
bci_errp,asr,random_forest,2,61155527,balanced_accuracy,0.5615165828677879,0.7020588235294117,0.5615165828677879,0.7385665529010239,0.8975528826213189,0.6415736938761046
bci_errp,asr,random_forest,3,1072713694,balanced_accuracy,0.5601680702576958,0.7035294117647058,0.5601680702576958,0.7377160284649271,0.9029448361675654,0.6276842865883909
bci_errp,asr,random_forest,4,2111243235,balanced_accuracy,0.5528436190882788,0.7011764705882353,0.5528436190882788,0.7339818852733981,0.9075072583990046,0.6380936883906296
bci_errp,asr,random_forest,5,1626406676,balanced_accuracy,0.5643291469541145,0.7064705882352941,0.5643291469541145,0.7397353240583644,0.904189133139776,0.6526310359621535
bci_errp,asr,random_forest,6,126691620,balanced_accuracy,0.5642641432363212,0.7076470588235294,0.5642641432363212,0.7396009469056476,0.907092492741601,0.6454516898660042
bci_errp,asr,random_forest,7,28155425,balanced_accuracy,0.556525974856562,0.6979411764705883,0.556525974856562,0.7361774744027304,0.894649523019494,0.6402618769131538
bci_errp,asr,random_forest,8,149869551,balanced_accuracy,0.5553590532774665,0.6988235294117647,0.5553590532774665,0.7354838709677419,0.8983824139361261,0.6345893589333351
bci_errp,asr,random_forest,9,2044435244,balanced_accuracy,0.5640443887322975,0.7035294117647058,0.5640443887322975,0.7398290598290598,0.8975528826213189,0.643296711776451
bci_errp,asr,random_forest,10,1786428360,balanced_accuracy,0.5575494688776877,0.7023529411764706,0.5575494688776877,0.7363974315647178,0.9037743674823724,0.6392641746897331
bci_errp,asr,svm,1,2013945970,balanced_accuracy,0.5844578627029217,0.6538235294117647,0.5844578627029217,0.7588087248322147,0.7503110742430527,0.6085710966630447
bci_errp,asr,svm,2,61155527,balanced_accuracy,0.590627763968565,0.6608823529411765,0.590627763968565,0.7620833333333333,0.758606387391124,0.6160398141480802
bci_errp,asr,svm,3,1072713694,balanced_accuracy,0.5965644906078015,0.6667647058823529,0.5965644906078015,0.7653654485049833,0.7644131065947739,0.6322433537892345
bci_errp,asr,svm,4,2111243235,balanced_accuracy,0.5902377416618053,0.6679411764705883,0.5902377416618053,0.760569105691057,0.7760265450020738,0.6185082779089269
bci_errp,asr,svm,5,1626406676,balanced_accuracy,0.5925592131446744,0.6623529411764706,0.5925592131446744,0.7632346811171321,0.7594359187059312,0.619169218936296
bci_errp,asr,svm,6,126691620,balanced_accuracy,0.5845610298937419,0.6573529411764706,0.5845610298937419,0.7582918739635157,0.758606387391124,0.6056469778094082
bci_errp,asr,svm,7,28155425,balanced_accuracy,0.5939985212702649,0.6605882352941177,0.5939985212702649,0.7646315789473684,0.7532144338448776,0.6211189110912698
bci_errp,asr,svm,8,149869551,balanced_accuracy,0.5931689899554577,0.6594117647058824,0.5931689899554577,0.7642345002108815,0.7515553712152634,0.6207632778481169
bci_errp,asr,svm,9,2044435244,balanced_accuracy,0.5972908547317883,0.6644117647058824,0.5972908547317883,0.7663590604026845,0.7577768560763168,0.6249935520505737
bci_errp,asr,svm,10,1786428360,balanced_accuracy,0.5991180882700162,0.6691176470588235,0.5991180882700162,0.7668049792531121,0.7664869348817918,0.6204030314378948
bci_errp,asr,vit,1,2013945970,balanced_accuracy,0.5197401612679331,0.4867647058823529,0.5197401612679331,0.7280821917808219,0.4408958938199917,0.5171255439867577
bci_errp,asr,vit,2,61155527,balanced_accuracy,0.5086763188101049,0.6047058823529412,0.5086763188101049,0.7139991977537103,0.7382828701783493,0.5197313543126193
bci_errp,asr,vit,3,1072713694,balanced_accuracy,0.524182431466161,0.6829411764705883,0.524182431466161,0.7203305785123967,0.9037743674823724,0.5635264558840736
bci_errp,asr,vit,4,2111243235,balanced_accuracy,0.5494112130993815,0.5973529411764706,0.5494112130993815,0.7412037037037037,0.6640398175031107,0.5777580762925569
bci_errp,asr,vit,5,1626406676,balanced_accuracy,0.5605769646115566,0.5747058823529412,0.5605769646115566,0.7538137822198843,0.5943591870593115,0.5820915176858341
bci_errp,asr,vit,6,126691620,balanced_accuracy,0.5675164260201075,0.6352941176470588,0.5675164260201075,0.7494674051981253,0.7295727913728743,0.5956902954481881
bci_errp,asr,vit,7,28155425,balanced_accuracy,0.5130963619306356,0.6097058823529412,0.5130963619306356,0.7164536741214057,0.7440895893819992,0.5405092684817103
bci_errp,asr,vit,8,149869551,balanced_accuracy,0.5681406714003352,0.6226470588235294,0.5681406714003352,0.7517857142857143,0.6984653670676068,0.5794020412844902
bci_errp,asr,vit,9,2044435244,balanced_accuracy,0.5142643319567923,0.6020588235294118,0.5142643319567923,0.7173377156943304,0.724180837826628,0.5480253757739112
bci_errp,asr,vit,10,1786428360,balanced_accuracy,0.5613094097284983,0.616764705882353,0.5613094097284983,0.7475424486148347,0.6939029448361675,0.5872393927562374
bci_errp,bandpass,eegnet,1,2013945970,balanced_accuracy,0.6509958779255343,0.7029411764705882,0.6509958779255343,0.7997432605905006,0.7751970136872667,0.6910046177802363
bci_errp,bandpass,eegnet,2,61155527,balanced_accuracy,0.6732571349967855,0.6926470588235294,0.6732571349967855,0.8246197718631179,0.7196184155951887,0.7329643079263857
bci_errp,bandpass,eegnet,3,1072713694,balanced_accuracy,0.6349965757718983,0.6282352941176471,0.6349965757718983,0.8121937942297224,0.618830360846122,0.6913690579787031
bci_errp,bandpass,eegnet,4,2111243235,balanced_accuracy,0.6575662859685492,0.6352941176470588,0.6575662859685492,0.8359150889271372,0.6043135628369971,0.7026490902205471
bci_errp,bandpass,eegnet,5,1626406676,balanced_accuracy,0.6534289041757131,0.6467647058823529,0.6534289041757131,0.8245708154506438,0.6374948154292824,0.7009233463578417
bci_errp,bandpass,eegnet,6,126691620,balanced_accuracy,0.6191631379433411,0.6544117647058824,0.6191631379433411,0.7866419294990723,0.7034425549564496,0.6624310803324333
bci_errp,bandpass,eegnet,7,28155425,balanced_accuracy,0.6722676106604419,0.72,0.6722676106604419,0.8126875267895414,0.786395686437163,0.7068745415665225
bci_errp,bandpass,eegnet,8,149869551,balanced_accuracy,0.6128137425408233,0.6344117647058823,0.6128137425408233,0.7868369351669942,0.6644545831605143,0.6831332966237069
bci_errp,bandpass,eegnet,9,2044435244,balanced_accuracy,0.6511187559211047,0.6629411764705883,0.6511187559211047,0.8145201392342118,0.6793861468270427,0.7016752925901213
bci_errp,bandpass,eegnet,10,1786428360,balanced_accuracy,0.678630635874755,0.6520588235294118,0.678630635874755,0.8532796317606444,0.6150974699294899,0.7269235753386799
bci_errp,bandpass,lightgbm,1,2013945970,balanced_accuracy,0.5521956788044684,0.6994117647058824,0.5521956788044684,0.7337596768764726,0.904189133139776,0.6130110602777379
bci_errp,bandpass,lightgbm,2,61155527,balanced_accuracy,0.5419812881556096,0.69,0.5419812881556096,0.7289908876139048,0.8958938199917047,0.6058652644875463
bci_errp,bandpass,lightgbm,3,1072713694,balanced_accuracy,0.5440809082403326,0.6938235294117647,0.5440809082403326,0.7298657718120806,0.902115304852758,0.6088067875623984
bci_errp,bandpass,lightgbm,4,2111243235,balanced_accuracy,0.5401653778456426,0.6958823529411765,0.5401653778456426,0.7277538868673503,0.9124844462878474,0.600594930800397
bci_errp,bandpass,lightgbm,5,1626406676,balanced_accuracy,0.5520006676510886,0.7029411764705882,0.5520006676510886,0.7334221926024659,0.9128992119452508,0.6037276906192087
bci_errp,bandpass,lightgbm,6,126691620,balanced_accuracy,0.5511463929856375,0.6941176470588235,0.5511463929856375,0.7335604770017036,0.8929904603898797,0.6036622675225909
bci_errp,bandpass,lightgbm,7,28155425,balanced_accuracy,0.5465952939824591,0.6982352941176471,0.5465952939824591,0.7309103034344782,0.9091663210286188,0.6128617614162255
bci_errp,bandpass,lightgbm,8,149869551,balanced_accuracy,0.5457141790722417,0.6952941176470588,0.5457141790722417,0.7306273062730627,0.9033596018249688,0.5970977307831187
bci_errp,bandpass,lightgbm,9,2044435244,balanced_accuracy,0.5384671032959402,0.6955882352941176,0.5384671032959402,0.7269129287598944,0.9141435089174615,0.6010336010507955
bci_errp,bandpass,lightgbm,10,1786428360,balanced_accuracy,0.550548987850176,0.7008823529411765,0.550548987850176,0.7327989311957248,0.909995852343426,0.6043659851900561
bci_errp,bandpass,logistic_regression,1,2013945970,balanced_accuracy,0.6391224246470613,0.6911764705882353,0.6391224246470613,0.7931925894011203,0.7635835752799668,0.6973598844862967
bci_errp,bandpass,logistic_regression,2,61155527,balanced_accuracy,0.6477293362617158,0.7,0.6477293362617158,0.7978586723768737,0.7727084197428453,0.7020766381251418
bci_errp,bandpass,logistic_regression,3,1072713694,balanced_accuracy,0.6352192659276932,0.6970588235294117,0.6352192659276932,0.7883089770354906,0.7830775611779345,0.6925047358353754
bci_errp,bandpass,logistic_regression,4,2111243235,balanced_accuracy,0.6458236788833116,0.6994117647058824,0.6458236788833116,0.7964148527528809,0.7739527167150559,0.7032475438030699
bci_errp,bandpass,logistic_regression,5,1626406676,balanced_accuracy,0.6406906917611772,0.6938235294117647,0.6406906917611772,0.7937392795883362,0.7677312318540025,0.697330108589759
bci_errp,bandpass,logistic_regression,6,126691620,balanced_accuracy,0.6416244387138658,0.691764705882353,0.6416244387138658,0.7951494153313122,0.7615097469929489,0.6997834747129248
bci_errp,bandpass,logistic_regression,7,28155425,balanced_accuracy,0.6412354648541673,0.6920588235294117,0.6412354648541673,0.7947277441659464,0.7627540439651597,0.6986259891573798
bci_errp,bandpass,logistic_regression,8,149869551,balanced_accuracy,0.6417007656599198,0.7011764705882353,0.6417007656599198,0.7924528301886793,0.7839070924927416,0.6989677828993253
bci_errp,bandpass,logistic_regression,9,2044435244,balanced_accuracy,0.6437880140693208,0.7011764705882353,0.6437880140693208,0.794179671024884,0.7810037328909166,0.7032177679065322
bci_errp,bandpass,logistic_regression,10,1786428360,balanced_accuracy,0.6495565697999437,0.7047058823529412,0.6495565697999437,0.7979669631512071,0.7814184985483202,0.7073528431158337
bci_errp,bandpass,mlp,1,2013945970,balanced_accuracy,0.570500096666819,0.706764705882353,0.570500096666819,0.7431224209078404,0.8963085856491082,0.6312074880927867
bci_errp,bandpass,mlp,2,61155527,balanced_accuracy,0.5632024857421684,0.6985294117647058,0.5632024857421684,0.7397923875432526,0.8867689755288262,0.6172061066589389
bci_errp,bandpass,mlp,3,1072713694,balanced_accuracy,0.5973866827931804,0.7152941176470589,0.5973866827931804,0.7579549517340007,0.879303193695562,0.670320434778415
bci_errp,bandpass,mlp,4,2111243235,balanced_accuracy,0.5782135216959344,0.7088235294117647,0.5782135216959344,0.7473024712843718,0.8905018664454584,0.6611565880848604
bci_errp,bandpass,mlp,5,1626406676,balanced_accuracy,0.59942129916011,0.7202941176470589,0.59942129916011,0.7584985835694051,0.8884280381584405,0.6548617119295241
bci_errp,bandpass,mlp,6,126691620,balanced_accuracy,0.579235967269999,0.72,0.579235967269999,0.7467027392627663,0.915802571547076,0.650305580380452
bci_errp,bandpass,mlp,7,28155425,balanced_accuracy,0.5719517764677315,0.7088235294117647,0.5719517764677315,0.7437392795883362,0.8992119452509332,0.6431954317903408
bci_errp,bandpass,mlp,8,149869551,balanced_accuracy,0.5892719122290446,0.7097058823529412,0.5892719122290446,0.7537419814682823,0.8772293654085441,0.6734343225501251
bci_errp,bandpass,mlp,9,2044435244,balanced_accuracy,0.5866388422795923,0.7182352941176471,0.5866388422795923,0.7511234013135154,0.901285773537951,0.6683883565340689
bci_errp,bandpass,mlp,10,1786428360,balanced_accuracy,0.5614897426230216,0.7079411764705882,0.5614897426230216,0.738079247817327,0.9116549149730402,0.6180058620772085
bci_errp,bandpass,mobilenet,1,2013945970,balanced_accuracy,0.5,0.7091176470588235,0.5,0.7091176470588235,1.0,0.4963579045988662
bci_errp,bandpass,mobilenet,2,61155527,balanced_accuracy,0.5,0.7091176470588235,0.5,0.7091176470588235,1.0,0.510584492461456
bci_errp,bandpass,mobilenet,3,1072713694,balanced_accuracy,0.5158902636592732,0.6508823529411765,0.5158902636592732,0.7170212765957447,0.8386561592700125,0.5452750894430188
bci_errp,bandpass,mobilenet,4,2111243235,balanced_accuracy,0.5,0.2908823529411765,0.5,0.0,0.0,0.4864274334141756
bci_errp,bandpass,mobilenet,5,1626406676,balanced_accuracy,0.4999291249786641,0.5808823529411765,0.4999291249786641,0.7090754877014419,0.693488179178764,0.5184891542345309
bci_errp,bandpass,mobilenet,6,126691620,balanced_accuracy,0.5142167324602146,0.658235294117647,0.5142167324602146,0.716015219647181,0.8585649108253837,0.5057687654200351
bci_errp,bandpass,mobilenet,7,28155425,balanced_accuracy,0.5000144685694443,0.6994117647058824,0.5000144685694443,0.7091237579042458,0.9767731231854002,0.5129481115161845
bci_errp,bandpass,mobilenet,8,149869551,balanced_accuracy,0.5203115649162773,0.5641176470588235,0.5203115649162773,0.7227817745803358,0.6250518457071754,0.5351210893448841
bci_errp,bandpass,mobilenet,9,2044435244,balanced_accuracy,0.5,0.7091176470588235,0.5,0.7091176470588235,1.0,0.5097801238761173
bci_errp,bandpass,mobilenet,10,1786428360,balanced_accuracy,0.5,0.7091176470588235,0.5,0.7091176470588235,1.0,0.4656165980073634
bci_errp,bandpass,random_forest,1,2013945970,balanced_accuracy,0.5304318050190419,0.6791176470588235,0.5304318050190419,0.7235772357723578,0.885939444214019,0.5865033829192876
bci_errp,bandpass,random_forest,2,61155527,balanced_accuracy,0.543912737331719,0.6914705882352942,0.543912737331719,0.7299122214719784,0.8967233513065118,0.6079931926429211
bci_errp,bandpass,random_forest,3,1072713694,balanced_accuracy,0.5321940348394765,0.685,0.5321940348394765,0.7242302543507363,0.8975528826213189,0.5861739608526643
bci_errp,bandpass,random_forest,4,2111243235,balanced_accuracy,0.5201255704076236,0.6767647058823529,0.5201255704076236,0.7185209860093271,0.894649523019494,0.593978181397278
bci_errp,bandpass,random_forest,5,1626406676,balanced_accuracy,0.5310539535051473,0.68,0.5310539535051473,0.7238578680203046,0.8871837411862298,0.5899850659200605
bci_errp,bandpass,random_forest,6,126691620,balanced_accuracy,0.5267247059001149,0.6747058823529412,0.5267247059001149,0.7218633117987079,0.8805474906677727,0.5937814927286003
bci_errp,bandpass,random_forest,7,28155425,balanced_accuracy,0.5345794615930776,0.685,0.5345794615930776,0.7254374158815612,0.8942347573620905,0.5922518084663358
bci_errp,bandpass,random_forest,8,149869551,balanced_accuracy,0.5207869308138172,0.6755882352941176,0.5207869308138172,0.7188755020080321,0.8909166321028619,0.583896524146365
bci_errp,bandpass,random_forest,9,2044435244,balanced_accuracy,0.5265554865444402,0.6791176470588235,0.5265554865444402,0.7216252518468771,0.8913313977602655,0.5969052359026856
bci_errp,bandpass,random_forest,10,1786428360,balanced_accuracy,0.541528359025179,0.6847058823529412,0.541528359025179,0.7290455011974,0.8838656159270012,0.5906053272014558
bci_errp,bandpass,svm,1,2013945970,balanced_accuracy,0.6449683557707994,0.6973529411764706,0.6449683557707994,0.7963121783876501,0.7702198257984239,0.701454909017861
bci_errp,bandpass,svm,2,61155527,balanced_accuracy,0.6497773727510286,0.7020588235294117,0.6497773727510286,0.7989734816082121,0.7747822480298632,0.7031003418356798
bci_errp,bandpass,svm,3,1072713694,balanced_accuracy,0.6411817843646348,0.7038235294117647,0.6411817843646348,0.7912863070539419,0.7909581086686023,0.6959004461771313
bci_errp,bandpass,svm,4,2111243235,balanced_accuracy,0.6515788144915514,0.7058823529411765,0.6515788144915514,0.7993211709800594,0.7814184985483202,0.7071767040095551
bci_errp,bandpass,svm,5,1626406676,balanced_accuracy,0.6445143781933076,0.6988235294117647,0.6445143781933076,0.7954835960801022,0.7743674823724596,0.7017952349339205
bci_errp,bandpass,svm,6,126691620,balanced_accuracy,0.6547163971668444,0.7044117647058824,0.6547163971668444,0.8024956970740104,0.7735379510576524,0.7031770881605584
bci_errp,bandpass,svm,7,28155425,balanced_accuracy,0.6473145706043123,0.6994117647058824,0.6473145706043123,0.7976853836262323,0.7718788884280382,0.7027302400230826
bci_errp,bandpass,svm,8,149869551,balanced_accuracy,0.6428800589143373,0.7041176470588235,0.6428800589143373,0.7925864223240316,0.7892990460389879,0.7027398857360456
bci_errp,bandpass,svm,9,2044435244,balanced_accuracy,0.6480264661588548,0.706764705882353,0.6480264661588548,0.7960636515912898,0.7884695147241808,0.7083283182615574
bci_errp,bandpass,svm,10,1786428360,balanced_accuracy,0.6549619434685732,0.7094117647058824,0.6549619434685732,0.8011002962336013,0.7851513894649523,0.7116586055066956
bci_errp,bandpass,vit,1,2013945970,balanced_accuracy,0.551443942261601,0.5308823529411765,0.551443942261601,0.7540473225404732,0.5022812111157197,0.5698301389947238
bci_errp,bandpass,vit,2,61155527,balanced_accuracy,0.5244393009961505,0.6985294117647058,0.5244393009961505,0.72,0.94068851099129,0.5763762230659192
bci_errp,bandpass,vit,3,1072713694,balanced_accuracy,0.5074555070520647,0.7023529411764706,0.5074555070520647,0.7122913505311077,0.9734549979261716,0.4917856269650519
bci_errp,bandpass,vit,4,2111243235,balanced_accuracy,0.5303093464022959,0.5491176470588235,0.5303093464022959,0.7315400843881856,0.5752799668187474,0.5489800916678235
bci_errp,bandpass,vit,5,1626406676,balanced_accuracy,0.5512984178095088,0.5497058823529412,0.5512984178095088,0.75,0.5474906677727084,0.5764638732402341
bci_errp,bandpass,vit,6,126691620,balanced_accuracy,0.5574806907504741,0.5605882352941176,0.5574806907504741,0.7537354731599336,0.5649108253836582,0.5749146878626317
bci_errp,bandpass,vit,7,28155425,balanced_accuracy,0.5345941398519342,0.5902941176470589,0.5345941398519342,0.7311534968210718,0.6677727084197429,0.5553938617198977
bci_errp,bandpass,vit,8,149869551,balanced_accuracy,0.5351204602766474,0.5402941176470588,0.5351204602766474,0.7366071428571429,0.5474906677727084,0.5595377438845132
bci_errp,bandpass,vit,9,2044435244,balanced_accuracy,0.5125320877223074,0.57,0.5125320877223074,0.717162471395881,0.6499377851513894,0.5239471599456318
bci_errp,bandpass,vit,10,1786428360,balanced_accuracy,0.5080933822440876,0.601764705882353,0.5080933822440876,0.7137080469065912,0.7320613853172957,0.5410255238146362
bci_errp,ic_unet,eegnet,1,2013945970,balanced_accuracy,0.5742755545341351,0.6047058823529412,0.5742755545341351,0.7598636142230881,0.6470344255495645,0.5844995908959567
bci_errp,ic_unet,eegnet,2,61155527,balanced_accuracy,0.5775173528473097,0.6,0.5775173528473097,0.7636728549924736,0.631273330568229,0.6020296257589184
bci_errp,ic_unet,eegnet,3,1072713694,balanced_accuracy,0.5562579917877238,0.586764705882353,0.5562579917877238,0.7480276134122288,0.6291995022812111,0.57395347159694
bci_errp,ic_unet,eegnet,4,2111243235,balanced_accuracy,0.5827337963555141,0.6526470588235294,0.5827337963555141,0.757753562447611,0.7498963085856492,0.6131259700756433
bci_errp,ic_unet,eegnet,5,1626406676,balanced_accuracy,0.6006481919111051,0.6670588235294118,0.6006481919111051,0.7683592110784725,0.7594359187059312,0.6514999712725504
bci_errp,ic_unet,eegnet,6,126691620,balanced_accuracy,0.5886984116865781,0.6458823529411765,0.5886984116865781,0.7634220864251419,0.7254251347988386,0.6205422652076198
bci_errp,ic_unet,eegnet,7,28155425,balanced_accuracy,0.5671521955110529,0.643235294117647,0.5671521955110529,0.748135874067937,0.7490667772708419,0.5878187646022464
bci_errp,ic_unet,eegnet,8,149869551,balanced_accuracy,0.5871404193536618,0.6605882352941177,0.5871404193536618,0.7596034696406444,0.7627540439651597,0.623992285107145
bci_errp,ic_unet,eegnet,9,2044435244,balanced_accuracy,0.581480273049165,0.6267647058823529,0.581480273049165,0.7614468864468864,0.689755288262132,0.6282382860155196
bci_errp,ic_unet,eegnet,10,1786428360,balanced_accuracy,0.5780413666884884,0.6485294117647059,0.5780413666884884,0.7550335570469798,0.7465781833264206,0.6126327805780634
bci_errp,ic_unet,lightgbm,1,2013945970,balanced_accuracy,0.5033720154381733,0.6170588235294118,0.5033720154381733,0.7109166983643971,0.7751970136872667,0.5174308517709739
bci_errp,ic_unet,lightgbm,2,61155527,balanced_accuracy,0.5115383695977193,0.6244117647058823,0.5115383695977193,0.715261958997722,0.7814184985483202,0.5098983887046185
bci_errp,ic_unet,lightgbm,3,1072713694,balanced_accuracy,0.5060029884935031,0.6220588235294118,0.5060029884935031,0.7122926093514329,0.783492326835338,0.5201660404641852
bci_errp,ic_unet,lightgbm,4,2111243235,balanced_accuracy,0.5176824790656576,0.6305882352941177,0.5176824790656576,0.7185017026106697,0.7876399834093737,0.522201705278176
bci_errp,ic_unet,lightgbm,5,1626406676,balanced_accuracy,0.5051992489764011,0.6217647058823529,0.5051992489764011,0.711864406779661,0.7839070924927416,0.5094794292589702
bci_errp,ic_unet,lightgbm,6,126691620,balanced_accuracy,0.5103714480186238,0.6252941176470588,0.5103714480186238,0.7146092865232163,0.7851513894649523,0.5180104333063953
bci_errp,ic_unet,lightgbm,7,28155425,balanced_accuracy,0.5236842094226872,0.6352941176470588,0.5236842094226872,0.7216963271488073,0.7905433430111987,0.526723028384817
bci_errp,ic_unet,lightgbm,8,149869551,balanced_accuracy,0.5121470979614415,0.6282352941176471,0.5121470979614415,0.7155204810221721,0.7897138116963915,0.5189339054778843
bci_errp,ic_unet,lightgbm,9,2044435244,balanced_accuracy,0.5040973311150989,0.6214705882352941,0.5040973311150989,0.7112781954887218,0.7847366238075487,0.5184222633120275
bci_errp,ic_unet,lightgbm,10,1786428360,balanced_accuracy,0.5086742219159825,0.6182352941176471,0.5086742219159825,0.7137917787168652,0.7706345914558275,0.5109350931587151
bci_errp,ic_unet,logistic_regression,1,2013945970,balanced_accuracy,0.5436592228323252,0.5705882352941176,0.5436592228323252,0.7400302877334679,0.6080464537536292,0.5642146565350334
bci_errp,ic_unet,logistic_regression,2,61155527,balanced_accuracy,0.5517997851941661,0.5770588235294117,0.5517997851941661,0.7458312278928751,0.6121941103276649,0.5724260939182102
bci_errp,ic_unet,logistic_regression,3,1072713694,balanced_accuracy,0.5364905708962,0.566764705882353,0.5364905708962,0.7347347347347347,0.6088759850684363,0.5572655494135197
bci_errp,ic_unet,logistic_regression,4,2111243235,balanced_accuracy,0.5477687159333339,0.571764705882353,0.5477687159333339,0.7432501273560876,0.6051430941518042,0.566978362988309
bci_errp,ic_unet,logistic_regression,5,1626406676,balanced_accuracy,0.5434776318013285,0.5711764705882353,0.5434776318013285,0.7398087569199798,0.6097055163832434,0.5631779520809368
bci_errp,ic_unet,logistic_regression,6,126691620,balanced_accuracy,0.543062866143925,0.5705882352941176,0.543062866143925,0.7395465994962217,0.6088759850684363,0.5623366781590444
bci_errp,ic_unet,logistic_regression,7,28155425,balanced_accuracy,0.5390575886807978,0.5661764705882353,0.5390575886807978,0.7368421052631579,0.6038987971795935,0.5632416976622566
bci_errp,ic_unet,logistic_regression,8,149869551,balanced_accuracy,0.5361923925519998,0.566764705882353,0.5361923925519998,0.7345,0.6092907507258399,0.559331828881697
bci_errp,ic_unet,logistic_regression,9,2044435244,balanced_accuracy,0.5518255769918712,0.5779411764705882,0.5518255769918712,0.7457200402819738,0.6142679386146827,0.5720582986891476
bci_errp,ic_unet,logistic_regression,10,1786428360,balanced_accuracy,0.5451366944309428,0.5735294117647058,0.5451366944309428,0.7408521303258145,0.613023641642472,0.5629481324851257
bci_errp,ic_unet,mlp,1,2013945970,balanced_accuracy,0.5310344523898093,0.6385294117647059,0.5310344523898093,0.7257448433919023,0.7880547490667773,0.5415505861028762
bci_errp,ic_unet,mlp,2,61155527,balanced_accuracy,0.5188628207671361,0.6267647058823529,0.5188628207671361,0.7192780337941628,0.7768560763168809,0.5191352073136313
bci_errp,ic_unet,mlp,3,1072713694,balanced_accuracy,0.5162565910624501,0.6294117647058823,0.5162565910624501,0.7177449867574726,0.7868104520945666,0.5186244039054233
bci_errp,ic_unet,mlp,4,2111243235,balanced_accuracy,0.5247861272839895,0.6355882352941177,0.5247861272839895,0.7223065250379362,0.7897138116963915,0.5480543129127998
bci_errp,ic_unet,mlp,5,1626406676,balanced_accuracy,0.51987394311294,0.6273529411764706,0.51987394311294,0.7198308993082244,0.7768560763168809,0.5371240426105661
bci_errp,ic_unet,mlp,6,126691620,balanced_accuracy,0.5248377108793997,0.6373529411764706,0.5248377108793997,0.7222641509433962,0.7938614682704273,0.5336712967486819
bci_errp,ic_unet,mlp,7,28155425,balanced_accuracy,0.5164247619710637,0.6317647058823529,0.5164247619710637,0.7177752724539647,0.7922024056408129,0.5345494760071278
bci_errp,ic_unet,mlp,8,149869551,balanced_accuracy,0.5163608067003316,0.6261764705882353,0.5163608067003316,0.7178899082568807,0.7789299046038988,0.5221396372121541
bci_errp,ic_unet,mlp,9,2044435244,balanced_accuracy,0.5119520868080616,0.6317647058823529,0.5119520868080616,0.7153474544778893,0.7984238905018665,0.5226462468321172
bci_errp,ic_unet,mlp,10,1786428360,balanced_accuracy,0.5125360718211399,0.6279411764705882,0.5125360718211399,0.7157379518072289,0.7884695147241808,0.5200809065628174
bci_errp,ic_unet,mobilenet,1,2013945970,balanced_accuracy,0.5,0.7091176470588235,0.5,0.7091176470588235,1.0,0.4537567745406858
bci_errp,ic_unet,mobilenet,2,61155527,balanced_accuracy,0.5,0.7091176470588235,0.5,0.7091176470588235,1.0,0.5084831948614351
bci_errp,ic_unet,mobilenet,3,1072713694,balanced_accuracy,0.5,0.7091176470588235,0.5,0.7091176470588235,1.0,0.5101950992229329
bci_errp,ic_unet,mobilenet,4,2111243235,balanced_accuracy,0.5147357137554996,0.6555882352941177,0.5147357137554996,0.7163293789253314,0.851513894649523,0.535052730596495
bci_errp,ic_unet,mobilenet,5,1626406676,balanced_accuracy,0.4918151931721772,0.6535294117647059,0.4918151931721772,0.7052947052947053,0.8784736623807549,0.4875616434449621
bci_errp,ic_unet,mobilenet,6,126691620,balanced_accuracy,0.5341485498509317,0.5376470588235294,0.5341485498509317,0.7360720315137873,0.5425134798838657,0.5343360121854711
bci_errp,ic_unet,mobilenet,7,28155425,balanced_accuracy,0.5,0.7091176470588235,0.5,0.7091176470588235,1.0,0.5022413701273947
bci_errp,ic_unet,mobilenet,8,149869551,balanced_accuracy,0.4996894499804779,0.7052941176470588,0.4996894499804779,0.7089884307327202,0.9912899211945252,0.4985072210742892
bci_errp,ic_unet,mobilenet,9,2044435244,balanced_accuracy,0.5,0.7091176470588235,0.5,0.7091176470588235,1.0,0.5071470539266649
bci_errp,ic_unet,mobilenet,10,1786428360,balanced_accuracy,0.5,0.7091176470588235,0.5,0.7091176470588235,1.0,0.4586347793375408
bci_errp,ic_unet,random_forest,1,2013945970,balanced_accuracy,0.5241258153248571,0.63,0.5241258153248571,0.7221579961464355,0.7772708419742845,0.5450679163037293
bci_errp,ic_unet,random_forest,2,61155527,balanced_accuracy,0.5274047286639975,0.6367647058823529,0.5274047286639975,0.723744292237443,0.7888842803815844,0.555132379022839
bci_errp,ic_unet,random_forest,3,1072713694,balanced_accuracy,0.509917470441132,0.6267647058823529,0.509917470441132,0.7143393393393394,0.7892990460389879,0.5360013654974525
bci_errp,ic_unet,random_forest,4,2111243235,balanced_accuracy,0.5227122989969717,0.6326470588235295,0.5227122989969717,0.7212490479817213,0.7855661551223558,0.5541302733217612
bci_errp,ic_unet,random_forest,5,1626406676,balanced_accuracy,0.5172419216105488,0.6291176470588236,0.5172419216105488,0.718299164768413,0.7847366238075487,0.5448703888774026
bci_errp,ic_unet,random_forest,6,126691620,balanced_accuracy,0.5218311840867543,0.6297058823529412,0.5218311840867543,0.7208588957055214,0.7797594359187059,0.5458135718536419
bci_errp,ic_unet,random_forest,7,28155425,balanced_accuracy,0.5192507461797735,0.633235294117647,0.5192507461797735,0.7192916352675207,0.7917876399834094,0.5482208063061155
bci_errp,ic_unet,random_forest,8,149869551,balanced_accuracy,0.5144541008748662,0.6323529411764706,0.5144541008748662,0.7166853303471444,0.7963500622148486,0.54228135370452
bci_errp,ic_unet,random_forest,9,2044435244,balanced_accuracy,0.5272489294307059,0.638235294117647,0.5272489294307059,0.723589549413101,0.7926171712982165,0.5430326708685629
bci_errp,ic_unet,random_forest,10,1786428360,balanced_accuracy,0.5213245744667913,0.6361764705882353,0.5213245744667913,0.7203453453453453,0.795935296557445,0.553663504690123
bci_errp,ic_unet,svm,1,2013945970,balanced_accuracy,0.5475871249023372,0.5723529411764706,0.5475871249023372,0.7430167597765364,0.6068021567814185,0.5655717664110274
bci_errp,ic_unet,svm,2,61155527,balanced_accuracy,0.5516831978809627,0.5764705882352941,0.5516831978809627,0.7458227848101265,0.6109498133554542,0.572451676026503
bci_errp,ic_unet,svm,3,1072713694,balanced_accuracy,0.5382404290413126,0.5688235294117647,0.5382404290413126,0.7358961557663505,0.6113645790128578,0.558134292648415
bci_errp,ic_unet,svm,4,2111243235,balanced_accuracy,0.5453574973820277,0.5708823529411765,0.5453574973820277,0.7413793103448276,0.606387391124015,0.5670471411155225
bci_errp,ic_unet,svm,5,1626406676,balanced_accuracy,0.5467441734651469,0.5741176470588235,0.5467441734651469,0.7420814479638009,0.6121941103276649,0.5655983969663814
bci_errp,ic_unet,svm,6,126691620,balanced_accuracy,0.5475087010621608,0.5764705882352941,0.5475087010621608,0.7423864203694458,0.6167565325591041,0.5633608012484069
bci_errp,ic_unet,svm,7,28155425,balanced_accuracy,0.5390575886807978,0.5661764705882353,0.5390575886807978,0.7368421052631579,0.6038987971795935,0.5643127911799601
bci_errp,ic_unet,svm,8,149869551,balanced_accuracy,0.540171878217422,0.5702941176470588,0.540171878217422,0.7372627372627373,0.6121941103276649,0.5613150713426287
bci_errp,ic_unet,svm,9,2044435244,balanced_accuracy,0.5481308495482662,0.5773529411764706,0.5481308495482662,0.7427716849451645,0.6180008295313149,0.5728123418155496
bci_errp,ic_unet,svm,10,1786428360,balanced_accuracy,0.5438273937409388,0.5729411764705883,0.5438273937409388,0.7398699349674838,0.6134384072998755,0.5640884235088671
bci_errp,ic_unet,vit,1,2013945970,balanced_accuracy,0.5473034151275813,0.5626470588235294,0.5473034151275813,0.7441860465116279,0.5839900456242223,0.5483776539864683
bci_errp,ic_unet,vit,2,61155527,balanced_accuracy,0.5457741502441413,0.6429411764705882,0.5457741502441413,0.7342465753424657,0.7781003732890917,0.5627703158635492
bci_errp,ic_unet,vit,3,1072713694,balanced_accuracy,0.5070283697193391,0.6979411764705883,0.5070283697193391,0.7121397915389331,0.963500622148486,0.578127129658093
bci_errp,ic_unet,vit,4,2111243235,balanced_accuracy,0.5473816292783455,0.6435294117647059,0.5473816292783455,0.7351902706943899,0.7772708419742845,0.5632205190316207
bci_errp,ic_unet,vit,5,1626406676,balanced_accuracy,0.5379103779064525,0.5235294117647059,0.5379103779064525,0.7416004886988393,0.5035255080879303,0.5440775532097368
bci_errp,ic_unet,vit,6,126691620,balanced_accuracy,0.5357734331063515,0.5932352941176471,0.5357734331063515,0.7317403065825068,0.6731646619659892,0.5358220810499903
bci_errp,ic_unet,vit,7,28155425,balanced_accuracy,0.5066528159820237,0.6952941176470588,0.5066528159820237,0.7119950662966389,0.9576939029448361,0.5159730909771065
bci_errp,ic_unet,vit,8,149869551,balanced_accuracy,0.5315576274733391,0.6088235294117647,0.5315576274733391,0.7277707543194268,0.7163002903359602,0.527604772363271
bci_errp,ic_unet,vit,9,2044435244,balanced_accuracy,0.5166732439245638,0.7014705882352941,0.5166732439245638,0.7163670179789212,0.9585234342596433,0.5615272770278119
bci_errp,ic_unet,vit,10,1786428360,balanced_accuracy,0.5325108755413657,0.648235294117647,0.5325108755413657,0.7260885746185337,0.8092077975943592,0.5580900481824331
bci_errp,ica,eegnet,1,2013945970,balanced_accuracy,0.6074062719780715,0.643235294117647,0.6074062719780715,0.7793843283582089,0.6930734135213604,0.6375543672223576
bci_errp,ica,eegnet,2,61155527,balanced_accuracy,0.5883918457658884,0.7,0.5883918457658884,0.7544822539334065,0.8552467855661551,0.633868027355242
bci_errp,ica,eegnet,3,1072713694,balanced_accuracy,0.6122647756595885,0.663235294117647,0.6122647756595885,0.7783641160949868,0.7341352136043136,0.6567887576279766
bci_errp,ica,eegnet,4,2111243235,balanced_accuracy,0.5997423336502439,0.6564705882352941,0.5997423336502439,0.7698653929656969,0.7353795105765243,0.6247696037583053
bci_errp,ica,eegnet,5,1626406676,balanced_accuracy,0.5983822881224787,0.7323529411764705,0.5983822881224787,0.7562307954933425,0.9187059311489008,0.6633354707674086
bci_errp,ica,eegnet,6,126691620,balanced_accuracy,0.6166011527046369,0.7061764705882353,0.6166011527046369,0.7721665381649961,0.8307756117793447,0.6569676226966141
bci_errp,ica,eegnet,7,28155425,balanced_accuracy,0.5859032518214671,0.6964705882352941,0.5859032518214671,0.7533994854832782,0.8502695976773124,0.6357439088371086
bci_errp,ica,eegnet,8,149869551,balanced_accuracy,0.6049845689561535,0.71,0.6049845689561535,0.7635960044395117,0.8560763168809623,0.6496932872967218
bci_errp,ica,eegnet,9,2044435244,balanced_accuracy,0.6256672841320892,0.6797058823529412,0.6256672841320892,0.7851596203623814,0.7548734964744919,0.6670243269074712
bci_errp,ica,eegnet,10,1786428360,balanced_accuracy,0.5993749578000058,0.6847058823529412,0.5993749578000058,0.764102564102564,0.8034010783907093,0.6569787362354627
bci_errp,ica,lightgbm,1,2013945970,balanced_accuracy,0.5972092855504284,0.6888235294117647,0.5972092855504284,0.7619047619047619,0.8162588137702198,0.6471539485145392
bci_errp,ica,lightgbm,2,61155527,balanced_accuracy,0.594215130433105,0.685,0.594215130433105,0.76049766718507,0.811281625881377,0.646555914310841
bci_errp,ica,lightgbm,3,1072713694,balanced_accuracy,0.6032502278275463,0.6914705882352942,0.6032502278275463,0.765600624024961,0.814184985483202,0.6468909979915949
bci_errp,ica,lightgbm,4,2111243235,balanced_accuracy,0.6076578992727552,0.6926470588235294,0.6076578992727552,0.7684748427672956,0.8108668602239735,0.6552999628010983
bci_errp,ica,lightgbm,5,1626406676,balanced_accuracy,0.5864356532391353,0.6908823529411765,0.5864356532391353,0.7544910179640718,0.836167565325591,0.6364887256293723
bci_errp,ica,lightgbm,6,126691620,balanced_accuracy,0.6078002783836637,0.6941176470588235,0.6078002783836637,0.7682974559686888,0.814184985483202,0.6517629217954949
bci_errp,ica,lightgbm,7,28155425,balanced_accuracy,0.598427790724934,0.6897058823529412,0.598427790724934,0.762587141750581,0.8166735794276234,0.6547631579057732
bci_errp,ica,lightgbm,8,149869551,balanced_accuracy,0.5896640314299266,0.6891176470588235,0.5896640314299266,0.7568285280728376,0.8274574865201161,0.6415531443137055
bci_errp,ica,lightgbm,9,2044435244,balanced_accuracy,0.5975590474900387,0.6905882352941176,0.5975590474900387,0.761849710982659,0.8199917046868519,0.6503252911852022
bci_errp,ica,lightgbm,10,1786428360,balanced_accuracy,0.5988425563823376,0.6902941176470588,0.5988425563823376,0.7627708978328174,0.8175031107424305,0.6497012554943868
bci_errp,ica,logistic_regression,1,2013945970,balanced_accuracy,0.5792248537311505,0.6244117647058823,0.5792248537311505,0.7600917431192661,0.6872666943177105,0.5862903384764555
bci_errp,ica,logistic_regression,2,61155527,balanced_accuracy,0.5919928420422239,0.6361764705882353,0.5919928420422239,0.7680365296803653,0.6976358357527996,0.6076383981574172
bci_errp,ica,logistic_regression,3,1072713694,balanced_accuracy,0.5761130628535626,0.6267647058823529,0.5761130628535626,0.7572072072072072,0.6972210700953961,0.5851894690622145
bci_errp,ica,logistic_regression,4,2111243235,balanced_accuracy,0.5769436426154309,0.6211764705882353,0.5769436426154309,0.7588750576302443,0.6827042720862713,0.588638859893503
bci_errp,ica,logistic_regression,5,1626406676,balanced_accuracy,0.5857176766916379,0.6391176470588236,0.5857176766916379,0.7624113475177305,0.7133969307341352,0.5948054061285505
bci_errp,ica,logistic_regression,6,126691620,balanced_accuracy,0.585161580370387,0.6302941176470588,0.585161580370387,0.7637111517367459,0.6930734135213604,0.598956417733182
bci_errp,ica,logistic_regression,7,28155425,balanced_accuracy,0.5825161387456128,0.635,0.5825161387456128,0.7606951871657754,0.7080049771878888,0.5945571338644626
bci_errp,ica,logistic_regression,8,149869551,balanced_accuracy,0.5839172833981763,0.6285294117647059,0.5839172833981763,0.7630614115490376,0.6905848195769391,0.596020346583048
bci_errp,ica,logistic_regression,9,2044435244,balanced_accuracy,0.5921733846261594,0.6423529411764706,0.5921733846261594,0.7668602054488611,0.7121526337619245,0.6001478729735091
bci_errp,ica,logistic_regression,10,1786428360,balanced_accuracy,0.5685285968129725,0.6291176470588236,0.5685285968129725,0.7510917030567685,0.7133969307341352,0.5862140115304014
bci_errp,ica,mlp,1,2013945970,balanced_accuracy,0.5957597026436383,0.673235294117647,0.5957597026436383,0.7635847526358476,0.7810037328909166,0.6159701972632177
bci_errp,ica,mlp,2,61155527,balanced_accuracy,0.6204940366428054,0.6829411764705883,0.6204940366428054,0.7801597309794032,0.7698050601410203,0.6439654113120727
bci_errp,ica,mlp,3,1072713694,balanced_accuracy,0.6130024630118361,0.6714705882352942,0.6130024630118361,0.7769691780821918,0.7527996681874741,0.6388229881663877
bci_errp,ica,mlp,4,2111243235,balanced_accuracy,0.6103693930623838,0.68,0.6103693930623838,0.7730086669418077,0.7768560763168809,0.6409496581852892
bci_errp,ica,mlp,5,1626406676,balanced_accuracy,0.5811386889966319,0.6558823529411765,0.5811386889966319,0.756087494841106,0.7598506843633347,0.6036392016872449
bci_errp,ica,mlp,6,126691620,balanced_accuracy,0.6069873125324232,0.6697058823529412,0.6069873125324232,0.7726502963590178,0.7569473247615097,0.6274154647619039
bci_errp,ica,mlp,7,28155425,balanced_accuracy,0.6068696767721586,0.6758823529411765,0.6068696767721586,0.7712391214256112,0.7718788884280382,0.6165061634008939
bci_errp,ica,mlp,8,149869551,balanced_accuracy,0.5912251691040264,0.6541176470588236,0.5912251691040264,0.7637761640324647,0.7416009954375777,0.6062412376036861
bci_errp,ica,mlp,9,2044435244,balanced_accuracy,0.6045358336139677,0.6776470588235294,0.6045358336139677,0.7691363078182563,0.7793446702613024,0.6214372196190446
bci_errp,ica,mlp,10,1786428360,balanced_accuracy,0.598249345035121,0.67,0.598249345035121,0.7659925711927362,0.7698050601410203,0.6112207320760636
bci_errp,ica,mobilenet,1,2013945970,balanced_accuracy,0.5013093006900039,0.7097058823529412,0.5013093006900039,0.709658421672556,0.9995852343425964,0.5503684452662405
bci_errp,ica,mobilenet,2,61155527,balanced_accuracy,0.5006882006509599,0.7020588235294117,0.5006882006509599,0.7094068304373876,0.9821650767316468,0.5156916877858853
bci_errp,ica,mobilenet,3,1072713694,balanced_accuracy,0.5,0.7091176470588235,0.5,0.7091176470588235,1.0,0.520701587223037
bci_errp,ica,mobilenet,4,2111243235,balanced_accuracy,0.4997926171712982,0.7088235294117647,0.4997926171712982,0.7090320682553692,0.9995852343425964,0.5191396107912881
bci_errp,ica,mobilenet,5,1626406676,balanced_accuracy,0.5,0.7091176470588235,0.5,0.7091176470588235,1.0,0.546552727031775
bci_errp,ica,mobilenet,6,126691620,balanced_accuracy,0.5190783814829152,0.6579411764705883,0.5190783814829152,0.7184873949579832,0.8510991289921195,0.5573857014467312
bci_errp,ica,mobilenet,7,28155425,balanced_accuracy,0.5,0.7091176470588235,0.5,0.7091176470588235,1.0,0.5510459517571763
bci_errp,ica,mobilenet,8,149869551,balanced_accuracy,0.5084567739954933,0.5155882352941177,0.5084567739954933,0.715819209039548,0.5255080879303193,0.5150617807915272
bci_errp,ica,mobilenet,9,2044435244,balanced_accuracy,0.5024453979255007,0.6567647058823529,0.5024453979255007,0.7102772143340095,0.8714226462048942,0.5233470288478113
bci_errp,ica,mobilenet,10,1786428360,balanced_accuracy,0.5,0.7091176470588235,0.5,0.7091176470588235,1.0,0.5025925998928906
bci_errp,ica,random_forest,1,2013945970,balanced_accuracy,0.5630095714829109,0.6885294117647058,0.5630095714829109,0.7405693950177936,0.8631273330568229,0.6340030673367222
bci_errp,ica,random_forest,2,61155527,balanced_accuracy,0.5855019062864466,0.6929411764705883,0.5855019062864466,0.7536178107606679,0.8423890501866446,0.6452583562279224
bci_errp,ica,random_forest,3,1072713694,balanced_accuracy,0.5732508023765359,0.6920588235294117,0.5732508023765359,0.7462093862815884,0.8573206138531729,0.6445693168193136
bci_errp,ica,random_forest,4,2111243235,balanced_accuracy,0.5719807136066202,0.6894117647058824,0.5719807136066202,0.7457381211461733,0.8527581916217337,0.6384625320667534
bci_errp,ica,random_forest,5,1626406676,balanced_accuracy,0.5693879040243173,0.6891176470588235,0.5693879040243173,0.7442279942279942,0.8556615512235587,0.6343909927493595
bci_errp,ica,random_forest,6,126691620,balanced_accuracy,0.5834136094299844,0.6997058823529412,0.5834136094299844,0.7514471780028944,0.8614682704272086,0.6347952739361513
bci_errp,ica,random_forest,7,28155425,balanced_accuracy,0.5736655680339395,0.6926470588235294,0.5736655680339395,0.7463924963924964,0.85815014516798,0.6332637024691767
bci_errp,ica,random_forest,8,149869551,balanced_accuracy,0.5710727584516366,0.6923529411764706,0.5710727584516366,0.7448869752421959,0.861053504769805,0.640243424244877
bci_errp,ica,random_forest,9,2044435244,balanced_accuracy,0.5704650785349756,0.6817647058823529,0.5704650785349756,0.7456561922365988,0.8365823309829946,0.6340500377650631
bci_errp,ica,random_forest,10,1786428360,balanced_accuracy,0.5707487883097314,0.6914705882352942,0.5707487883097314,0.7447879223580158,0.8593944421401908,0.6381503045319334
bci_errp,ica,svm,1,2013945970,balanced_accuracy,0.5768910105729596,0.6261764705882353,0.5768910105729596,0.7579185520361991,0.6947324761509747,0.587983370790852
bci_errp,ica,svm,2,61155527,balanced_accuracy,0.5940408785315366,0.638235294117647,0.5940408785315366,0.769265845873233,0.6997096640398175,0.6108965522447461
bci_errp,ica,svm,3,1072713694,balanced_accuracy,0.5765670404310543,0.6252941176470588,0.5765670404310543,0.7578231292517007,0.6930734135213604,0.5838988307298995
bci_errp,ica,svm,4,2111243235,balanced_accuracy,0.5784603261341367,0.6220588235294118,0.5784603261341367,0.7599261311172668,0.6827042720862713,0.5883654248999467
bci_errp,ica,svm,5,1626406676,balanced_accuracy,0.5856784647715497,0.6411764705882353,0.5856784647715497,0.7619885613726353,0.7183741186229781,0.5980501400934963
bci_errp,ica,svm,6,126691620,balanced_accuracy,0.5911117271320065,0.633235294117647,0.5911117271320065,0.7679558011049724,0.6918291165491497,0.5994114437577349
bci_errp,ica,svm,7,28155425,balanced_accuracy,0.5875583303522489,0.6408823529411765,0.5875583303522489,0.7635075287865367,0.7150559933637495,0.5957777359330907
bci_errp,ica,svm,8,149869551,balanced_accuracy,0.5837356923671796,0.6291176470588236,0.5837356923671796,0.7627970749542962,0.6922438822065533,0.5980430106534802
bci_errp,ica,svm,9,2044435244,balanced_accuracy,0.5948569897239606,0.6423529411764706,0.5948569897239606,0.7690229626294462,0.7084197428452924,0.6024370522868937
bci_errp,ica,svm,10,1786428360,balanced_accuracy,0.5785356046331296,0.638235294117647,0.5785356046331296,0.7570744449281672,0.721277478224803,0.5883754899917341
bci_errp,ica,vit,1,2013945970,balanced_accuracy,0.5469609923173994,0.5135294117647059,0.5469609923173994,0.7531772575250836,0.4670261302364164,0.5577474156828389
bci_errp,ica,vit,2,61155527,balanced_accuracy,0.5011608405861406,0.6638235294117647,0.5011608405861406,0.7096560846560847,0.8900871007880548,0.4751727735912122
bci_errp,ica,vit,3,1072713694,balanced_accuracy,0.5029817834420014,0.7091176470588235,0.5029817834420014,0.7103550295857988,0.9958523434259643,0.568647910088535
bci_errp,ica,vit,4,2111243235,balanced_accuracy,0.5240868130941811,0.5470588235294118,0.5240868130941811,0.7267048412285269,0.5790128577353795,0.5359455881137977
bci_errp,ica,vit,5,1626406676,balanced_accuracy,0.5227424942723337,0.5214705882352941,0.5227424942723337,0.7276422764227642,0.5197013687266694,0.529171361962089
bci_errp,ica,vit,6,126691620,balanced_accuracy,0.5410943019418497,0.5576470588235294,0.5410943019418497,0.739566825145272,0.5806719203649938,0.5659102051223768
bci_errp,ica,vit,7,28155425,balanced_accuracy,0.5086937230313204,0.6597058823529411,0.5086937230313204,0.713265306122449,0.8697635835752799,0.5239266103832325
bci_errp,ica,vit,8,149869551,balanced_accuracy,0.5250392224045588,0.508235294117647,0.5250392224045588,0.7310819262038775,0.4848610535047698,0.5437208715195228
bci_errp,ica,vit,9,2044435244,balanced_accuracy,0.5590560873046062,0.6008823529411764,0.5590560873046062,0.7481167608286252,0.659062629614268,0.5749155266202806
bci_errp,ica,vit,10,1786428360,balanced_accuracy,0.5320032174743414,0.6614705882352941,0.5320032174743414,0.7251608291636884,0.8415595188718374,0.5631385304714362
bci_errp,raw,eegnet,1,2013945970,balanced_accuracy,0.6516224298892965,0.591764705882353,0.6516224298892965,0.8579426172148356,0.5085026959767731,0.7228621011130734
bci_errp,raw,eegnet,2,61155527,balanced_accuracy,0.6680251744720754,0.6564705882352941,0.6680251744720754,0.8368563685636856,0.6403981750311074,0.7297023794296364
bci_errp,raw,eegnet,3,1072713694,balanced_accuracy,0.6862861866260932,0.6929411764705883,0.6862861866260932,0.8385339276869738,0.702198257984239,0.7352218241385224
bci_errp,raw,eegnet,4,2111243235,balanced_accuracy,0.6603798985019369,0.6329411764705882,0.6603798985019369,0.8410557184750733,0.5947739527167151,0.7152612792983288
bci_errp,raw,eegnet,5,1626406676,balanced_accuracy,0.6860272202019813,0.6908823529411765,0.6860272202019813,0.8393213572854291,0.6976358357527996,0.7420346331420826
bci_errp,raw,eegnet,6,126691620,balanced_accuracy,0.6729960716785511,0.7041176470588235,0.6729960716785511,0.8194633924511141,0.7474077146412277,0.7151264490062609
bci_errp,raw,eegnet,7,28155425,balanced_accuracy,0.6554127757048814,0.7282352941176471,0.6554127757048814,0.7958615200955034,0.8295313148071339,0.6881499061220501
bci_errp,raw,eegnet,8,149869551,balanced_accuracy,0.6347912898373187,0.6144117647058823,0.6347912898373187,0.8186558516801854,0.5860638739112402,0.6772819135752506
bci_errp,raw,eegnet,9,2044435244,balanced_accuracy,0.7024188512459115,0.66,0.7024188512459115,0.8819233110164334,0.6009954375777685,0.7790938817242676
bci_errp,raw,eegnet,10,1786428360,balanced_accuracy,0.6430257930558415,0.6002941176470589,0.6430257930558415,0.8380462724935732,0.5408544172542513,0.711645604763137
bci_errp,raw,lightgbm,1,2013945970,balanced_accuracy,0.5930048031456767,0.715,0.5930048031456767,0.7553116147308782,0.8846951472418084,0.6277618716709185
bci_errp,raw,lightgbm,2,61155527,balanced_accuracy,0.6031428668484813,0.715,0.6031428668484813,0.761611030478955,0.8705931148900871,0.6443407553599759
bci_errp,raw,lightgbm,3,1072713694,balanced_accuracy,0.6082108502528225,0.721764705882353,0.6082108502528225,0.7637738566798704,0.8797179593529656,0.6531670020998298
bci_errp,raw,lightgbm,4,2111243235,balanced_accuracy,0.6044387474161022,0.7185294117647059,0.6044387474161022,0.7618876080691642,0.8772293654085441,0.6356080300979795
bci_errp,raw,lightgbm,5,1626406676,balanced_accuracy,0.6002776707196834,0.7155882352941176,0.6002776707196834,0.7597122302158273,0.8759850684363335,0.6437989179187571
bci_errp,raw,lightgbm,6,126691620,balanced_accuracy,0.6080942629396191,0.7211764705882353,0.6080942629396191,0.7637937252073567,0.8784736623807549,0.6491229320954388
bci_errp,raw,lightgbm,7,28155425,balanced_accuracy,0.6007708602172634,0.7120588235294117,0.6007708602172634,0.7605531295487628,0.866860223973455,0.6409848860065448
bci_errp,raw,lightgbm,8,149869551,balanced_accuracy,0.6058388436216046,0.7188235294117648,0.6058388436216046,0.7627302275189599,0.8759850684363335,0.6437406242621554
bci_errp,raw,lightgbm,9,2044435244,balanced_accuracy,0.5861343295537516,0.7111764705882353,0.5861343295537516,0.7516731243395561,0.8851099128992119,0.6279518502784047
bci_errp,raw,lightgbm,10,1786428360,balanced_accuracy,0.598567024494659,0.7114705882352941,0.598567024494659,0.7592458303118201,0.8685192866030693,0.6338772536893803
bci_errp,raw,logistic_regression,1,2013945970,balanced_accuracy,0.6503624062111681,0.6914705882352942,0.6503624062111681,0.8029359430604982,0.7486520116134384,0.6849638851925305
bci_errp,raw,logistic_regression,2,61155527,balanced_accuracy,0.6488591428148455,0.6876470588235294,0.6488591428148455,0.8028738212842389,0.7416009954375777,0.6898374865117285
bci_errp,raw,logistic_regression,3,1072713694,balanced_accuracy,0.6586071842108905,0.6947058823529412,0.6586071842108905,0.8093735917079765,0.7449191206968063,0.6956932730378418
bci_errp,raw,logistic_regression,4,2111243235,balanced_accuracy,0.6600980759318912,0.6947058823529412,0.6600980759318912,0.8107741059302852,0.7428452924097885,0.6890725395358903
bci_errp,raw,logistic_regression,5,1626406676,balanced_accuracy,0.6528128366825625,0.6902941176470588,0.6528128366825625,0.8055805580558055,0.7424305267523849,0.6889123368249417
bci_errp,raw,logistic_regression,6,126691620,balanced_accuracy,0.6499363173255037,0.6802941176470588,0.6499363173255037,0.8064814814814815,0.7225217751970137,0.6804551434506239
bci_errp,raw,logistic_regression,7,28155425,balanced_accuracy,0.6603973027231524,0.6879411764705883,0.6603973027231524,0.8136617100371747,0.7262546661136458,0.6940765676694993
bci_errp,raw,logistic_regression,8,149869551,balanced_accuracy,0.6566767834818423,0.6864705882352942,0.6566767834818423,0.8106235565819861,0.7279137287432601,0.6964926090772868
bci_errp,raw,logistic_regression,9,2044435244,balanced_accuracy,0.6528262568049457,0.6873529411764706,0.6528262568049457,0.8066424021838035,0.7353795105765243,0.6872008518422683
bci_errp,raw,logistic_regression,10,1786428360,balanced_accuracy,0.660058864011803,0.696764705882353,0.660058864011803,0.8099730458221024,0.7478224802986313,0.6967706572379123
bci_errp,raw,mlp,1,2013945970,balanced_accuracy,0.6376365654719542,0.7423529411764705,0.6376365654719542,0.7793957044048052,0.8880132725010369,0.7068110056746149
bci_errp,raw,mlp,2,61155527,balanced_accuracy,0.6213420206258893,0.7323529411764705,0.6213420206258893,0.7704504504504505,0.8867689755288262,0.7013909537471288
bci_errp,raw,mlp,3,1072713694,balanced_accuracy,0.6455976336969208,0.7358823529411764,0.6455976336969208,0.7864445285876562,0.8614682704272086,0.7009690586497093
bci_errp,raw,mlp,4,2111243235,balanced_accuracy,0.6288604345016249,0.7379411764705882,0.6288604345016249,0.7743682310469314,0.8896723351306511,0.6994098081803195
bci_errp,raw,mlp,5,1626406676,balanced_accuracy,0.6478530530149353,0.7382352941176471,0.6478530530149353,0.787523629489603,0.86395686437163,0.7102251686846476
bci_errp,raw,mlp,6,126691620,balanced_accuracy,0.6236613952146359,0.7402941176470588,0.6236613952146359,0.7705382436260623,0.9025300705101618,0.6760179057982897
bci_errp,raw,mlp,7,28155425,balanced_accuracy,0.5966974336951594,0.7291176470588235,0.5966974336951594,0.755662319835278,0.9133139776026544,0.6589852542211527
bci_errp,raw,mlp,8,149869551,balanced_accuracy,0.620707500464462,0.7276470588235294,0.620707500464462,0.7708865377599416,0.876399834093737,0.6954630340632062
bci_errp,raw,mlp,9,2044435244,balanced_accuracy,0.61738622986405,0.7432352941176471,0.61738622986405,0.7660899653979238,0.9182911654914973,0.6971355168152037
bci_errp,raw,mlp,10,1786428360,balanced_accuracy,0.6275903457317091,0.7352941176470589,0.6275903457317091,0.7740297424737033,0.8851099128992119,0.7015159286368218
bci_errp,raw,mobilenet,1,2013945970,balanced_accuracy,0.5098914689540147,0.7108823529411765,0.5098914689540147,0.7132616487455197,0.990460389879718,0.5666485215428612
bci_errp,raw,mobilenet,2,61155527,balanced_accuracy,0.5144425679571931,0.706764705882353,0.5144425679571931,0.7152862362971986,0.9742845292409787,0.5412314388174524
bci_errp,raw,mobilenet,3,1072713694,balanced_accuracy,0.5,0.7091176470588235,0.5,0.7091176470588235,1.0,0.535835920551198
bci_errp,raw,mobilenet,4,2111243235,balanced_accuracy,0.527010512568993,0.6708823529411765,0.527010512568993,0.7221458046767538,0.8710078805474907,0.5329220764787612
bci_errp,raw,mobilenet,5,1626406676,balanced_accuracy,0.5074936705250916,0.7070588235294117,0.5074936705250916,0.7122712271227123,0.984653670676068,0.5465187573469927
bci_errp,raw,mobilenet,6,126691620,balanced_accuracy,0.546238612292245,0.5738235294117647,0.546238612292245,0.7417085427135678,0.6121941103276649,0.562788768531826
bci_errp,raw,mobilenet,7,28155425,balanced_accuracy,0.5073114504258582,0.5444117647058824,0.5073114504258582,0.7142147117296223,0.5960182496889258,0.5021495261648352
bci_errp,raw,mobilenet,8,149869551,balanced_accuracy,0.5261778359130024,0.69,0.5261778359130024,0.7210817855979146,0.9178763998340936,0.567648110970992
bci_errp,raw,mobilenet,9,2044435244,balanced_accuracy,0.5502478738542047,0.6361764705882353,0.5502478738542047,0.7376518218623481,0.7557030277892991,0.5648500154541096
bci_errp,raw,mobilenet,10,1786428360,balanced_accuracy,0.5,0.7091176470588235,0.5,0.7091176470588235,1.0,0.5606262416234322
bci_errp,raw,random_forest,1,2013945970,balanced_accuracy,0.5793020194348535,0.7120588235294117,0.5793020194348535,0.7475795297372061,0.8967233513065118,0.666773118991612
bci_errp,raw,random_forest,2,61155527,balanced_accuracy,0.5905151607541941,0.7182352941176471,0.5905151607541941,0.7534007673526334,0.8958938199917047,0.669247244366589
bci_errp,raw,random_forest,3,1072713694,balanced_accuracy,0.5785117000401345,0.7088235294117647,0.5785117000401345,0.7474747474747475,0.8900871007880548,0.6600563477388561
bci_errp,raw,random_forest,4,2111243235,balanced_accuracy,0.5783559008068428,0.7102941176470589,0.5783559008068428,0.7472260748959778,0.8938199917046868,0.6587055285452295
bci_errp,raw,random_forest,5,1626406676,balanced_accuracy,0.5817916618263361,0.7088235294117647,0.5817916618263361,0.7493857493857494,0.8855246785566155,0.652316501843799
bci_errp,raw,random_forest,6,126691620,balanced_accuracy,0.5827377804543467,0.7105882352941176,0.5827377804543467,0.7497374868743437,0.8884280381584405,0.6557793127974707
bci_errp,raw,random_forest,7,28155425,balanced_accuracy,0.5772281911478356,0.7091176470588235,0.5772281911478356,0.7467036780013879,0.8925756947324761,0.6537384057481739
bci_errp,raw,random_forest,8,149869551,balanced_accuracy,0.5811034611753763,0.7158823529411765,0.5811034611753763,0.7481964960494676,0.9033596018249688,0.6623595762428606
bci_errp,raw,random_forest,9,2044435244,balanced_accuracy,0.586004322118165,0.7135294117647059,0.586004322118165,0.751311647429171,0.8909166321028619,0.6544588985686182
bci_errp,raw,random_forest,10,1786428360,balanced_accuracy,0.5782393134936394,0.7097058823529412,0.5782393134936394,0.7472222222222222,0.8925756947324761,0.6557897972680824
bci_errp,raw,svm,1,2013945970,balanced_accuracy,0.6502716106956699,0.691764705882353,0.6502716106956699,0.802754331408263,0.7494815429282455,0.6838076577734591
bci_errp,raw,svm,2,61155527,balanced_accuracy,0.6512311494460634,0.6905882352941176,0.6512311494460634,0.8040268456375839,0.7453338863542098,0.6875124503088516
bci_errp,raw,svm,3,1072713694,balanced_accuracy,0.660058864011803,0.696764705882353,0.660058864011803,0.8099730458221024,0.7478224802986313,0.6949455205938069
bci_errp,raw,svm,4,2111243235,balanced_accuracy,0.6575568499449984,0.6961764705882353,0.6575568499449984,0.8078641644325291,0.7498963085856492,0.6896705737395883
bci_errp,raw,svm,5,1626406676,balanced_accuracy,0.6498960569583544,0.6891176470588235,0.6498960569583544,0.8033154121863799,0.7436748237245956,0.6870637149666656
bci_errp,raw,svm,6,126691620,balanced_accuracy,0.6483546300890047,0.6805882352941176,0.6483546300890047,0.8048780487804879,0.7254251347988386,0.6789726393061125
bci_errp,raw,svm,7,28155425,balanced_accuracy,0.6561454305112353,0.6852941176470588,0.6561454305112353,0.8105604446503011,0.7258399004562422,0.691364444811634
bci_errp,raw,svm,8,149869551,balanced_accuracy,0.6513879971264163,0.6823529411764706,0.6513879971264163,0.8071065989847716,0.7254251347988386,0.6941717666626546
bci_errp,raw,svm,9,2044435244,balanced_accuracy,0.6517759225390536,0.6888235294117647,0.6517759225390536,0.8051420838971584,0.7403566984653671,0.684471115073775
bci_errp,raw,svm,10,1786428360,balanced_accuracy,0.6606675923755252,0.7005882352941176,0.6606675923755252,0.8091433644030182,0.7561177934467026,0.6960746980786998
bci_errp,raw,vit,1,2013945970,balanced_accuracy,0.5758211751917295,0.5861764705882353,0.5758211751917295,0.7653276955602537,0.600580671920365,0.6042623986204114
bci_errp,raw,vit,2,61155527,balanced_accuracy,0.58301750613027,0.6623529411764706,0.58301750613027,0.756394640682095,0.7727084197428453,0.6337078246442933
bci_errp,raw,vit,3,1072713694,balanced_accuracy,0.4951672881161881,0.69,0.4951672881161881,0.7070491303021056,0.9610120282040648,0.5442362880947997
bci_errp,raw,vit,4,2111243235,balanced_accuracy,0.5716837933988934,0.5976470588235294,0.5716837933988934,0.7590660705414803,0.6337619245126503,0.5965567320995487
bci_errp,raw,vit,5,1626406676,balanced_accuracy,0.5805941255930541,0.5726470588235294,0.5805941255930541,0.7737142857142857,0.5615927001244297,0.6139064340679872
bci_errp,raw,vit,6,126691620,balanced_accuracy,0.5580688695517972,0.5297058823529411,0.5580688695517972,0.7615979381443299,0.4902530070510161,0.5942266633507781
bci_errp,raw,vit,7,28155425,balanced_accuracy,0.587787311190411,0.6691176470588235,0.587787311190411,0.7586484312148029,0.7822480298631274,0.6185514739278475
bci_errp,raw,vit,8,149869551,balanced_accuracy,0.564987781397949,0.5555882352941176,0.564987781397949,0.7622377622377622,0.5425134798838657,0.5880479551298208
bci_errp,raw,vit,9,2044435244,balanced_accuracy,0.5580552397400019,0.6176470588235294,0.5580552397400019,0.745037494486105,0.7005391953546246,0.6011292194227753
bci_errp,raw,vit,10,1786428360,balanced_accuracy,0.5770902155145841,0.5955882352941176,0.5770902155145841,0.7642857142857142,0.6213189547905433,0.6123660556456987
seizure_detection,asr,eegnet,1,2013945970,accuracy,0.6013513513513513,0.6013513513513513,0.6013513513513513,0.7365208545269583,0.3156059285091543,0.6907251698642985
seizure_detection,asr,eegnet,2,61155527,accuracy,0.6094158674803836,0.6094158674803836,0.6094158674803836,0.570466030320045,0.8857890148212729,0.6896317598921868
seizure_detection,asr,eegnet,3,1072713694,accuracy,0.6098517872711421,0.6098517872711421,0.6098517872711421,0.7245989304812834,0.35440278988666085,0.6819840659344836
seizure_detection,asr,eegnet,4,2111243235,accuracy,0.716870095902354,0.716870095902354,0.716870095902354,0.6951745782659866,0.7724498692240628,0.8125005225716759
seizure_detection,asr,eegnet,5,1626406676,accuracy,0.6815605928509154,0.6815605928509154,0.6815605928509154,0.8742138364779874,0.42414995640802095,0.8153645954079061
seizure_detection,asr,eegnet,6,126691620,accuracy,0.6353530950305144,0.6353530950305144,0.6353530950305144,0.6827545615067687,0.5056669572798606,0.7008614451558175
seizure_detection,asr,eegnet,7,28155425,accuracy,0.6281604184829991,0.6281604184829991,0.6281604184829992,0.657051282051282,0.5361813426329556,0.6759581494197745
seizure_detection,asr,eegnet,8,149869551,accuracy,0.6070183086312119,0.6070183086312119,0.6070183086312119,0.6898685228151585,0.3888404533565824,0.6765872307045634
seizure_detection,asr,eegnet,9,2044435244,accuracy,0.6342632955536182,0.6342632955536182,0.634263295553618,0.7333333333333333,0.4219703574542284,0.719584998278364
seizure_detection,asr,eegnet,10,1786428360,accuracy,0.5998256320836965,0.5998256320836965,0.5998256320836965,0.7136194029850746,0.33347863993025284,0.6845916035843477
seizure_detection,asr,lightgbm,1,2013945970,accuracy,0.8997384481255449,0.8997384481255449,0.8997384481255449,0.8942390369733448,0.9067131647776809,0.9651121647845219
seizure_detection,asr,lightgbm,2,61155527,accuracy,0.8966870095902354,0.8966870095902354,0.8966870095902354,0.8908934707903781,0.9040976460331299,0.9630118066994068
seizure_detection,asr,lightgbm,3,1072713694,accuracy,0.8918918918918919,0.8918918918918919,0.8918918918918919,0.8946444249341527,0.8884045335658239,0.9596434046893872
seizure_detection,asr,lightgbm,4,2111243235,accuracy,0.9080209241499564,0.9080209241499564,0.9080209241499564,0.90625,0.9102005231037489,0.9678791343020609
seizure_detection,asr,lightgbm,5,1626406676,accuracy,0.8942894507410637,0.8942894507410637,0.8942894507410637,0.8948057616761239,0.8936355710549259,0.9628879097056952
seizure_detection,asr,lightgbm,6,126691620,accuracy,0.8999564080209241,0.8999564080209241,0.8999564080209241,0.8980477223427332,0.902353966870096,0.9649783864354835
seizure_detection,asr,lightgbm,7,28155425,accuracy,0.8997384481255449,0.8997384481255449,0.8997384481255449,0.8997384481255449,0.8997384481255449,0.9631820700527285
seizure_detection,asr,lightgbm,8,149869551,accuracy,0.8908020924149956,0.8908020924149956,0.8908020924149956,0.8933742869679684,0.8875326939843069,0.9602925337239256
seizure_detection,asr,lightgbm,9,2044435244,accuracy,0.9010462074978204,0.9010462074978204,0.9010462074978204,0.8979238754325259,0.9049694856146469,0.9669651089343414
seizure_detection,asr,lightgbm,10,1786428360,accuracy,0.9084568439407149,0.9084568439407149,0.9084568439407149,0.9084568439407149,0.9084568439407149,0.9693446153074354
seizure_detection,asr,logistic_regression,1,2013945970,accuracy,0.7929380993897123,0.7929380993897123,0.7929380993897123,0.7914137033824805,0.7955536181342633,0.857297361906159
seizure_detection,asr,logistic_regression,2,61155527,accuracy,0.7863993025283348,0.7863993025283348,0.7863993025283348,0.784908933217693,0.7890148212728858,0.8543482524063
seizure_detection,asr,logistic_regression,3,1072713694,accuracy,0.7903225806451613,0.7903225806451613,0.7903225806451613,0.8008130081300813,0.7728857890148213,0.8539939488100188
seizure_detection,asr,logistic_regression,4,2111243235,accuracy,0.7968613775065388,0.7968613775065388,0.7968613775065387,0.7979002624671916,0.7951176983435048,0.8654683876440493
seizure_detection,asr,logistic_regression,5,1626406676,accuracy,0.7938099389712293,0.7938099389712293,0.7938099389712293,0.7995555555555556,0.7842197035745423,0.8579120012100859
seizure_detection,asr,logistic_regression,6,126691620,accuracy,0.7986050566695728,0.7986050566695728,0.7986050566695728,0.801762114537445,0.7933740191804708,0.8633400957275301
seizure_detection,asr,logistic_regression,7,28155425,accuracy,0.7925021795989537,0.7925021795989537,0.7925021795989537,0.7992863514719001,0.7811682650392328,0.8581139989160914
seizure_detection,asr,logistic_regression,8,149869551,accuracy,0.7981691368788143,0.7981691368788143,0.7981691368788142,0.8075539568345323,0.7829119442022667,0.8619553757993447
seizure_detection,asr,logistic_regression,9,2044435244,accuracy,0.7999128160418483,0.7999128160418483,0.7999128160418483,0.8022847100175747,0.7959895379250218,0.867183087832327
seizure_detection,asr,logistic_regression,10,1786428360,accuracy,0.800566695727986,0.800566695727986,0.800566695727986,0.8025449758666081,0.7972972972972973,0.8667524887713598
seizure_detection,asr,mlp,1,2013945970,accuracy,0.8873147340889277,0.8873147340889277,0.8873147340889276,0.8660898228265348,0.916303400174368,0.941336768751202
seizure_detection,asr,mlp,2,61155527,accuracy,0.8687881429816914,0.8687881429816914,0.8687881429816914,0.9051724137931034,0.8238884045335658,0.9346796806650001
seizure_detection,asr,mlp,3,1072713694,accuracy,0.8884045335658239,0.8884045335658239,0.8884045335658239,0.8918205804749341,0.8840453356582388,0.9410766230696201
seizure_detection,asr,mlp,4,2111243235,accuracy,0.8927637314734089,0.8927637314734089,0.8927637314734089,0.8893690579083837,0.8971229293809939,0.945543375729415
seizure_detection,asr,mlp,5,1626406676,accuracy,0.8864428945074107,0.8864428945074107,0.8864428945074107,0.8710757639179573,0.9071490845684395,0.9402559004993125
seizure_detection,asr,mlp,6,126691620,accuracy,0.8912380122057542,0.8912380122057542,0.8912380122057542,0.8917503273679616,0.8905841325196164,0.9445698722036713
seizure_detection,asr,mlp,7,28155425,accuracy,0.8853530950305144,0.8853530950305144,0.8853530950305144,0.9081255771006463,0.8574542284219704,0.9375631361597556
seizure_detection,asr,mlp,8,149869551,accuracy,0.8805579773321709,0.8805579773321709,0.8805579773321709,0.862240663900415,0.9058413251961639,0.9403572794044431
seizure_detection,asr,mlp,9,2044435244,accuracy,0.8912380122057542,0.8912380122057542,0.8912380122057542,0.8824030677460588,0.9027898866608544,0.9399319060602352
seizure_detection,asr,mlp,10,1786428360,accuracy,0.8814298169136879,0.8814298169136879,0.8814298169136878,0.8642797668609492,0.9049694856146469,0.9336968658621216
seizure_detection,asr,mobilenet,1,2013945970,accuracy,0.743025283347864,0.743025283347864,0.743025283347864,0.7514659449706811,0.7262423714036618,0.8111764209578987
seizure_detection,asr,mobilenet,2,61155527,accuracy,0.719485614646905,0.719485614646905,0.719485614646905,0.7029423619508263,0.7602441150828247,0.8078255013457645
seizure_detection,asr,mobilenet,3,1072713694,accuracy,0.7146904969485615,0.7146904969485615,0.7146904969485615,0.695049504950495,0.7650392327811683,0.7944704695696062
seizure_detection,asr,mobilenet,4,2111243235,accuracy,0.6612903225806451,0.6612903225806451,0.6612903225806452,0.7253349573690622,0.519180470793374,0.7608795622407569
seizure_detection,asr,mobilenet,5,1626406676,accuracy,0.6813426329555362,0.6813426329555362,0.6813426329555361,0.6547619047619048,0.7672188317349607,0.7637780297945667
seizure_detection,asr,mobilenet,6,126691620,accuracy,0.6004795117698344,0.6004795117698344,0.6004795117698343,0.5572386391854979,0.978204010462075,0.739954842206157
seizure_detection,asr,mobilenet,7,28155425,accuracy,0.7116390584132519,0.7116390584132519,0.7116390584132519,0.6576810652809354,0.8827375762859634,0.8252381596659797
seizure_detection,asr,mobilenet,8,149869551,accuracy,0.7303836094158674,0.7303836094158674,0.7303836094158674,0.7184787102108309,0.7576285963382737,0.8128665127708916
seizure_detection,asr,mobilenet,9,2044435244,accuracy,0.7397558849171753,0.7397558849171753,0.7397558849171753,0.6927119831814996,0.8618134263295554,0.8400017596413525
seizure_detection,asr,mobilenet,10,1786428360,accuracy,0.6318657367044463,0.6318657367044463,0.6318657367044463,0.5810340208947228,0.9455100261551874,0.7775739220391468
seizure_detection,asr,random_forest,1,2013945970,accuracy,0.8683522231909329,0.8683522231909329,0.8683522231909329,0.8614200171086399,0.8779424585876199,0.9434501436216992
seizure_detection,asr,random_forest,2,61155527,accuracy,0.8644289450741064,0.8644289450741064,0.8644289450741064,0.8644289450741064,0.8644289450741064,0.9411170036082148
seizure_detection,asr,random_forest,3,1072713694,accuracy,0.8594158674803836,0.8594158674803836,0.8594158674803836,0.8627364716234052,0.8548387096774194,0.9366717238936493
seizure_detection,asr,random_forest,4,2111243235,accuracy,0.8707497820401047,0.8707497820401047,0.8707497820401047,0.8680225010817828,0.8744551002615518,0.9462534081174575
seizure_detection,asr,random_forest,5,1626406676,accuracy,0.8646469049694856,0.8646469049694856,0.8646469049694856,0.8600947051226862,0.8709677419354839,0.9435100018318513
seizure_detection,asr,random_forest,6,126691620,accuracy,0.8696599825632084,0.8696599825632084,0.8696599825632083,0.8732394366197183,0.8648648648648649,0.9453490740790007
seizure_detection,asr,random_forest,7,28155425,accuracy,0.8718395815170009,0.8718395815170009,0.8718395815170008,0.874451273046532,0.8683522231909329,0.9461323615147055
seizure_detection,asr,random_forest,8,149869551,accuracy,0.8602877070619006,0.8602877070619006,0.8602877070619006,0.8642573821066549,0.8548387096774194,0.9375300716246239
seizure_detection,asr,random_forest,9,2044435244,accuracy,0.8729293809938972,0.8729293809938972,0.8729293809938972,0.8701860666378192,0.8766346992153444,0.9470862923558594
seizure_detection,asr,random_forest,10,1786428360,accuracy,0.8685701830863121,0.8685701830863121,0.8685701830863122,0.8684095860566449,0.8687881429816914,0.9460737384739691
seizure_detection,asr,svm,1,2013945970,accuracy,0.7887968613775065,0.7887968613775065,0.7887968613775065,0.7879182963928727,0.7903225806451613,0.8513209471811153
seizure_detection,asr,svm,2,61155527,accuracy,0.7755013077593723,0.7755013077593723,0.7755013077593723,0.7740676496097137,0.7781168265039233,0.8466742398387364
seizure_detection,asr,svm,3,1072713694,accuracy,0.7842197035745423,0.7842197035745423,0.7842197035745423,0.7955575702629193,0.7650392327811683,0.8470209423924585
seizure_detection,asr,svm,4,2111243235,accuracy,0.791848299912816,0.791848299912816,0.791848299912816,0.7950639048038783,0.7863993025283348,0.8578853025480975
seizure_detection,asr,svm,5,1626406676,accuracy,0.7890148212728858,0.7890148212728858,0.7890148212728858,0.7962466487935657,0.7768090671316478,0.8508092069908308
seizure_detection,asr,svm,6,126691620,accuracy,0.7922842197035745,0.7922842197035745,0.7922842197035745,0.7949846018477783,0.7877070619006102,0.8566577341748195
seizure_detection,asr,svm,7,28155425,accuracy,0.7883609415867481,0.7883609415867481,0.7883609415867481,0.7965038099506948,0.7746294681778553,0.8513650332279574
seizure_detection,asr,svm,8,149869551,accuracy,0.7911944202266783,0.7911944202266783,0.7911944202266783,0.8009009009009009,0.7750653879686138,0.8555447515181183
seizure_detection,asr,svm,9,2044435244,accuracy,0.7896687009590235,0.7896687009590235,0.7896687009590235,0.7918313570487484,0.7859633827375763,0.8596012379057911
seizure_detection,asr,svm,10,1786428360,accuracy,0.791848299912816,0.791848299912816,0.791848299912816,0.7971593430980914,0.7829119442022667,0.8601228594514024
seizure_detection,asr,vit,1,2013945970,accuracy,0.7693984306887532,0.7693984306887532,0.7693984306887532,0.7536945812807881,0.8003487358326068,0.8537857752569343
seizure_detection,asr,vit,2,61155527,accuracy,0.7707061900610288,0.7707061900610288,0.7707061900610288,0.7772321428571428,0.7589363557105493,0.852346517848388
seizure_detection,asr,vit,3,1072713694,accuracy,0.768308631211857,0.768308631211857,0.768308631211857,0.7921214997626957,0.7275501307759372,0.853749575291747
seizure_detection,asr,vit,4,2111243235,accuracy,0.7820401046207498,0.7820401046207498,0.7820401046207498,0.7718487394957984,0.8007846556233653,0.8713035179905275
seizure_detection,asr,vit,5,1626406676,accuracy,0.7746294681778553,0.7746294681778553,0.7746294681778553,0.831230283911672,0.6891891891891891,0.8640713160217055
seizure_detection,asr,vit,6,126691620,accuracy,0.7772449869224063,0.7772449869224063,0.7772449869224063,0.814540059347181,0.7179598953792502,0.8589142936845218
seizure_detection,asr,vit,7,28155425,accuracy,0.771795989537925,0.771795989537925,0.7717959895379249,0.7825101948346171,0.7528334786399302,0.8531735112788069
seizure_detection,asr,vit,8,149869551,accuracy,0.736922406277245,0.736922406277245,0.736922406277245,0.6893068617206548,0.8626852659110723,0.8397485499111058
seizure_detection,asr,vit,9,2044435244,accuracy,0.7829119442022667,0.7829119442022667,0.7829119442022667,0.81689453125,0.7292938099389712,0.8702551441955779
seizure_detection,asr,vit,10,1786428360,accuracy,0.7835658238884046,0.7835658238884046,0.7835658238884045,0.7887261429205504,0.7746294681778553,0.8710654153323669
seizure_detection,bandpass,eegnet,1,2013945970,accuracy,0.7314734088927637,0.7314734088927637,0.7314734088927637,0.9801084990958407,0.4725370531822144,0.9014348107986492
seizure_detection,bandpass,eegnet,2,61155527,accuracy,0.8221447253705318,0.8221447253705318,0.8221447253705318,0.9286542923433876,0.6979075850043592,0.9168132401040126
seizure_detection,bandpass,eegnet,3,1072713694,accuracy,0.8302092414995641,0.8302092414995641,0.8302092414995641,0.886676875957121,0.7571926765475152,0.908449242898156
seizure_detection,bandpass,eegnet,4,2111243235,accuracy,0.8402353966870096,0.8402353966870096,0.8402353966870095,0.9008731381612738,0.7646033129904097,0.913209205774664
seizure_detection,bandpass,eegnet,5,1626406676,accuracy,0.8729293809938972,0.8729293809938972,0.8729293809938972,0.9371486969851814,0.7994768962510898,0.9400880124717906
seizure_detection,bandpass,eegnet,6,126691620,accuracy,0.756102877070619,0.756102877070619,0.756102877070619,0.9644268774703556,0.5318221447253705,0.8966288616146589
seizure_detection,bandpass,eegnet,7,28155425,accuracy,0.8548387096774194,0.8548387096774194,0.8548387096774193,0.9284210526315788,0.7689625108979947,0.931609239523293
seizure_detection,bandpass,eegnet,8,149869551,accuracy,0.8498256320836965,0.8498256320836965,0.8498256320836965,0.9050984351337708,0.7816041848299913,0.9247211747563296
seizure_detection,bandpass,eegnet,9,2044435244,accuracy,0.777027027027027,0.777027027027027,0.777027027027027,0.9355723098012336,0.5950305143853531,0.892103200875032
seizure_detection,bandpass,eegnet,10,1786428360,accuracy,0.8605056669572798,0.8605056669572798,0.8605056669572799,0.9394261424017004,0.7707061900610288,0.9378443747344388
seizure_detection,bandpass,lightgbm,1,2013945970,accuracy,0.9115082824760244,0.9115082824760244,0.9115082824760244,0.9256086564472498,0.8949433304272014,0.9703443424300078
seizure_detection,bandpass,lightgbm,2,61155527,accuracy,0.907585004359198,0.907585004359198,0.907585004359198,0.924613987284287,0.8875326939843069,0.9697003440991968
seizure_detection,bandpass,lightgbm,3,1072713694,accuracy,0.9067131647776808,0.9067131647776808,0.9067131647776808,0.9268069533394327,0.8831734960767219,0.966043482524063
seizure_detection,bandpass,lightgbm,4,2111243235,accuracy,0.9176111595466434,0.9176111595466434,0.9176111595466434,0.924269264836138,0.9097646033129904,0.9726812829647716
seizure_detection,bandpass,lightgbm,5,1626406676,accuracy,0.9193548387096774,0.9193548387096774,0.9193548387096776,0.9352941176470588,0.9010462074978204,0.9726598100195424
seizure_detection,bandpass,lightgbm,6,126691620,accuracy,0.9117262423714037,0.9117262423714037,0.9117262423714037,0.922973578145992,0.8984306887532694,0.9691787225535852
seizure_detection,bandpass,lightgbm,7,28155425,accuracy,0.918918918918919,0.918918918918919,0.9189189189189187,0.9317160826594788,0.90409764603313,0.9719582337913468
seizure_detection,bandpass,lightgbm,8,149869551,accuracy,0.9091107236268526,0.9091107236268526,0.9091107236268527,0.9267849022282856,0.8884045335658239,0.9681242679245884
seizure_detection,bandpass,lightgbm,9,2044435244,accuracy,0.9136878814298168,0.9136878814298168,0.9136878814298168,0.9229055258467024,0.9027898866608544,0.9717588964502372
seizure_detection,bandpass,lightgbm,10,1786428360,accuracy,0.9117262423714037,0.9117262423714037,0.9117262423714037,0.922973578145992,0.8984306887532694,0.97040325050984
seizure_detection,bandpass,logistic_regression,1,2013945970,accuracy,0.8027462946817786,0.8027462946817786,0.8027462946817785,0.8684350132625994,0.7136006974716652,0.8849603111562782
seizure_detection,bandpass,logistic_regression,2,61155527,accuracy,0.8110287707061901,0.8110287707061901,0.8110287707061901,0.8741478762454117,0.7266782911944202,0.8788303553715429
seizure_detection,bandpass,logistic_regression,3,1072713694,accuracy,0.7992589363557105,0.7992589363557105,0.7992589363557105,0.859236002093145,0.7157802964254577,0.8743966672468796
seizure_detection,bandpass,logistic_regression,4,2111243235,accuracy,0.8036181342632955,0.8036181342632955,0.8036181342632955,0.8599483204134367,0.7253705318221447,0.8778665431750617
seizure_detection,bandpass,logistic_regression,5,1626406676,accuracy,0.8044899738448126,0.8044899738448126,0.8044899738448126,0.8658983761131482,0.7205754141238012,0.8795652811739658
seizure_detection,bandpass,logistic_regression,6,126691620,accuracy,0.8086312118570184,0.8086312118570184,0.8086312118570183,0.8734177215189873,0.7218831734960767,0.8801424853432895
seizure_detection,bandpass,logistic_regression,7,28155425,accuracy,0.8125544899738448,0.8125544899738448,0.8125544899738448,0.8730489073881373,0.7314734088927637,0.8864530609018333
seizure_detection,bandpass,logistic_regression,8,149869551,accuracy,0.798823016564952,0.798823016564952,0.798823016564952,0.8667736757624398,0.7061900610287707,0.8758059005373178
seizure_detection,bandpass,logistic_regression,9,2044435244,accuracy,0.7946817785527462,0.7946817785527462,0.7946817785527462,0.8513513513513513,0.7140366172624237,0.8682455235560109
seizure_detection,bandpass,logistic_regression,10,1786428360,accuracy,0.8064516129032258,0.8064516129032258,0.8064516129032258,0.8672936259143156,0.7236268526591108,0.8797580626158684
seizure_detection,bandpass,mlp,1,2013945970,accuracy,0.8947253705318221,0.8947253705318221,0.8947253705318221,0.9190189726978252,0.8657367044463818,0.943715420007008
seizure_detection,bandpass,mlp,2,61155527,accuracy,0.8868788142981692,0.8868788142981692,0.8868788142981692,0.8907970057243505,0.8818657367044463,0.9387652410404612
seizure_detection,bandpass,mlp,3,1072713694,accuracy,0.8591979075850044,0.8591979075850044,0.8591979075850044,0.9309623430962344,0.7759372275501307,0.934914457867041
seizure_detection,bandpass,mlp,4,2111243235,accuracy,0.8827375762859634,0.8827375762859634,0.8827375762859634,0.8652246256239601,0.9067131647776808,0.9411664103848484
seizure_detection,bandpass,mlp,5,1626406676,accuracy,0.8772885789014822,0.8772885789014822,0.8772885789014822,0.9139167862266858,0.8330427201394943,0.9408975235043238
seizure_detection,bandpass,mlp,6,126691620,accuracy,0.8738012205754141,0.8738012205754141,0.8738012205754142,0.9324256177508824,0.8060156931124673,0.9390582612311104
seizure_detection,bandpass,mlp,7,28155425,accuracy,0.8945074106364429,0.8945074106364429,0.8945074106364428,0.9109900090826522,0.8744551002615518,0.9422134539973503
seizure_detection,bandpass,mlp,8,149869551,accuracy,0.8875326939843069,0.8875326939843069,0.8875326939843069,0.8951111111111111,0.8779424585876199,0.9403168988658483
seizure_detection,bandpass,mlp,9,2044435244,accuracy,0.8875326939843069,0.8875326939843069,0.8875326939843069,0.9209280303030304,0.8478639930252834,0.9430099482445012
seizure_detection,bandpass,mlp,10,1786428360,accuracy,0.8855710549258936,0.8855710549258936,0.8855710549258936,0.8881088196577446,0.8823016564952049,0.9373085962470612
seizure_detection,bandpass,mobilenet,1,2013945970,accuracy,0.7678727114210985,0.7678727114210985,0.7678727114210985,0.7789378120744439,0.7480383609415867,0.8605488028738022
seizure_detection,bandpass,mobilenet,2,61155527,accuracy,0.8363121185701831,0.8363121185701831,0.8363121185701831,0.9041382922996333,0.7523975588491717,0.9143339700473317
seizure_detection,bandpass,mobilenet,3,1072713694,accuracy,0.7765911072362686,0.7765911072362686,0.7765911072362686,0.7288135593220338,0.8809938971229294,0.8848370792537904
seizure_detection,bandpass,mobilenet,4,2111243235,accuracy,0.7911944202266783,0.7911944202266783,0.7911944202266783,0.7857142857142857,0.8007846556233653,0.88099009660165
seizure_detection,bandpass,mobilenet,5,1626406676,accuracy,0.8149520488230165,0.8149520488230165,0.8149520488230165,0.8416075650118203,0.7759372275501307,0.892755275313562
seizure_detection,bandpass,mobilenet,6,126691620,accuracy,0.8123365300784655,0.8123365300784655,0.8123365300784655,0.8009239815203696,0.8312990409764603,0.9002839179421849
seizure_detection,bandpass,mobilenet,7,28155425,accuracy,0.7423714036617263,0.7423714036617263,0.7423714036617263,0.7449339207048458,0.7371403661726242,0.7984052442633031
seizure_detection,bandpass,mobilenet,8,149869551,accuracy,0.786617262423714,0.786617262423714,0.786617262423714,0.8626585769442913,0.6817785527462947,0.8721255707432831
seizure_detection,bandpass,mobilenet,9,2044435244,accuracy,0.8088491717523976,0.8088491717523976,0.8088491717523976,0.8198645598194131,0.7916303400174368,0.8928608347921
seizure_detection,bandpass,mobilenet,10,1786428360,accuracy,0.8097210113339146,0.8097210113339146,0.8097210113339146,0.894065446478092,0.7027027027027027,0.8964482418408508
seizure_detection,bandpass,random_forest,1,2013945970,accuracy,0.8825196163905842,0.8825196163905842,0.8825196163905842,0.9121653358384216,0.8465562336530078,0.9492035627606682
seizure_detection,bandpass,random_forest,2,61155527,accuracy,0.8825196163905842,0.8825196163905842,0.8825196163905842,0.9030776297657328,0.8570183086312119,0.9480596058555392
seizure_detection,bandpass,random_forest,3,1072713694,accuracy,0.8748910200523103,0.8748910200523103,0.8748910200523103,0.9075829383886256,0.8347863993025283,0.9425340279672758
seizure_detection,bandpass,random_forest,4,2111243235,accuracy,0.8816477768090671,0.8816477768090671,0.8816477768090671,0.8995892286627111,0.8591979075850044,0.95251134645628
seizure_detection,bandpass,random_forest,5,1626406676,accuracy,0.8875326939843069,0.8875326939843069,0.8875326939843069,0.9197355996222852,0.8491717523975588,0.9541377795378414
seizure_detection,bandpass,random_forest,6,126691620,accuracy,0.8781604184829991,0.8781604184829991,0.8781604184829992,0.8992176714219973,0.8517872711421098,0.9466959788204552
seizure_detection,bandpass,random_forest,7,28155425,accuracy,0.8868788142981692,0.8868788142981692,0.8868788142981692,0.9149135109864422,0.8530950305143854,0.9510369342258984
seizure_detection,bandpass,random_forest,8,149869551,accuracy,0.8738012205754141,0.8738012205754141,0.8738012205754141,0.903529411764706,0.8369659982563208,0.9434315210674296
seizure_detection,bandpass,random_forest,9,2044435244,accuracy,0.8831734960767219,0.8831734960767219,0.8831734960767219,0.9061922365988908,0.8548387096774194,0.949795874002078
seizure_detection,bandpass,random_forest,10,1786428360,accuracy,0.8772885789014822,0.8772885789014822,0.8772885789014822,0.9005090236001851,0.8482999128160419,0.9479725739182386
seizure_detection,bandpass,svm,1,2013945970,accuracy,0.7957715780296426,0.7957715780296426,0.7957715780296426,0.851008794619762,0.7170880557977333,0.8767403537069144
seizure_detection,bandpass,svm,2,61155527,accuracy,0.808413251961639,0.808413251961639,0.808413251961639,0.858590978205778,0.7384481255448997,0.8715632836199814
seizure_detection,bandpass,svm,3,1072713694,accuracy,0.79359197907585,0.79359197907585,0.79359197907585,0.8427480916030534,0.7218831734960767,0.8660742857490333
seizure_detection,bandpass,svm,4,2111243235,accuracy,0.7955536181342633,0.7955536181342633,0.7955536181342633,0.8448626653102747,0.7240627724498693,0.8714815724124721
seizure_detection,bandpass,svm,5,1626406676,accuracy,0.800566695727986,0.800566695727986,0.800566695727986,0.855595667870036,0.7231909328683522,0.8727875265371399
seizure_detection,bandpass,svm,6,126691620,accuracy,0.807541412380122,0.807541412380122,0.8075414123801221,0.8627249357326479,0.7314734088927637,0.8742124369778559
seizure_detection,bandpass,svm,7,28155425,accuracy,0.8097210113339146,0.8097210113339146,0.8097210113339146,0.8572146807440925,0.7432432432432432,0.8780150485440583
seizure_detection,bandpass,svm,8,149869551,accuracy,0.7983870967741935,0.7983870967741935,0.7983870967741935,0.853017019082001,0.7210113339145597,0.8679049018363358
seizure_detection,bandpass,svm,9,2044435244,accuracy,0.7887968613775065,0.7887968613775065,0.7887968613775065,0.836807320793086,0.7175239755884917,0.860536166140548
seizure_detection,bandpass,svm,10,1786428360,accuracy,0.8025283347863993,0.8025283347863993,0.8025283347863993,0.8566289825282631,0.7266782911944202,0.8712864156447699
seizure_detection,bandpass,vit,1,2013945970,accuracy,0.8927637314734089,0.8927637314734089,0.8927637314734089,0.9171296296296296,0.8635571054925893,0.9517523823567641
seizure_detection,bandpass,vit,2,61155527,accuracy,0.8936355710549259,0.8936355710549259,0.893635571054926,0.9119525547445255,0.8714036617262424,0.9533871765851404
seizure_detection,bandpass,vit,3,1072713694,accuracy,0.8916739319965127,0.8916739319965127,0.8916739319965126,0.9131034482758621,0.8657367044463818,0.9520449274822534
seizure_detection,bandpass,vit,4,2111243235,accuracy,0.8986486486486487,0.8986486486486487,0.8986486486486487,0.9283372365339578,0.8639930252833479,0.9590056772186872
seizure_detection,bandpass,vit,5,1626406676,accuracy,0.8964690496948562,0.8964690496948562,0.8964690496948562,0.928,0.8596338273757629,0.9565879756067343
seizure_detection,bandpass,vit,6,126691620,accuracy,0.8960331299040977,0.8960331299040977,0.8960331299040977,0.947316592811423,0.8387096774193549,0.9575556833375265
seizure_detection,bandpass,vit,7,28155425,accuracy,0.8899302528334786,0.8899302528334786,0.8899302528334787,0.8956214064573198,0.8827375762859634,0.9526800896010897
seizure_detection,bandpass,vit,8,149869551,accuracy,0.8938535309503052,0.8938535309503052,0.8938535309503052,0.9046126287505598,0.8805579773321709,0.9527709220596697
seizure_detection,bandpass,vit,9,2044435244,accuracy,0.8962510897994769,0.8962510897994769,0.8962510897994769,0.9340974212034384,0.8526591107236269,0.9556774657211984
seizure_detection,bandpass,vit,10,1786428360,accuracy,0.8914559721011334,0.8914559721011334,0.8914559721011334,0.9393346379647749,0.8369659982563208,0.9530073144832546
seizure_detection,ic_unet,eegnet,1,2013945970,accuracy,0.5649520488230165,0.5649520488230165,0.5649520488230165,0.5376072690560323,0.928509154315606,0.7494276414953075
seizure_detection,ic_unet,eegnet,2,61155527,accuracy,0.7181778552746295,0.7181778552746295,0.7181778552746294,0.8582677165354331,0.522667829119442,0.7997459731576783
seizure_detection,ic_unet,eegnet,3,1072713694,accuracy,0.6772013949433304,0.6772013949433304,0.6772013949433304,0.8587819947043248,0.4241499564080209,0.7446562770549607
seizure_detection,ic_unet,eegnet,4,2111243235,accuracy,0.5,0.5,0.5,0.0,0.0,0.6475755714653821
seizure_detection,ic_unet,eegnet,5,1626406676,accuracy,0.6824324324324325,0.6824324324324325,0.6824324324324325,0.926605504587156,0.3962510897994769,0.7945894258856545
seizure_detection,ic_unet,eegnet,6,126691620,accuracy,0.5928509154315605,0.5928509154315605,0.5928509154315607,0.9364754098360656,0.1992153443766347,0.726103747389992
seizure_detection,ic_unet,eegnet,7,28155425,accuracy,0.6135571054925893,0.6135571054925893,0.6135571054925893,0.951473136915078,0.2393199651264167,0.7711195917632062
seizure_detection,ic_unet,eegnet,8,149869551,accuracy,0.5361813426329556,0.5361813426329556,0.5361813426329556,0.5192486085343229,0.9760244115082825,0.753017328856826
seizure_detection,ic_unet,eegnet,9,2044435244,accuracy,0.5067567567567568,0.5067567567567568,0.5067567567567567,0.5034208783932906,0.9943330427201394,0.7008857684920063
seizure_detection,ic_unet,eegnet,10,1786428360,accuracy,0.6296861377506539,0.6296861377506539,0.6296861377506539,0.9514415781487102,0.2733217088055797,0.809202620231391
seizure_detection,ic_unet,lightgbm,1,2013945970,accuracy,0.8151700087183958,0.8151700087183958,0.8151700087183958,0.8242152466367713,0.8012205754141238,0.8977325329942254
seizure_detection,ic_unet,lightgbm,2,61155527,accuracy,0.8166957279860506,0.8166957279860506,0.8166957279860505,0.8224589436307146,0.8077593722755013,0.897948782655029
seizure_detection,ic_unet,lightgbm,3,1072713694,accuracy,0.8119006102877071,0.8119006102877071,0.8119006102877071,0.8215730337078652,0.7968613775065388,0.8880822493613225
seizure_detection,ic_unet,lightgbm,4,2111243235,accuracy,0.8086312118570184,0.8086312118570184,0.8086312118570183,0.8110720562390158,0.8047079337401918,0.8948555383856449
seizure_detection,ic_unet,lightgbm,5,1626406676,accuracy,0.8225806451612904,0.8225806451612904,0.8225806451612903,0.834841628959276,0.8042720139494333,0.9024111647153524
seizure_detection,ic_unet,lightgbm,6,126691620,accuracy,0.8149520488230165,0.8149520488230165,0.8149520488230165,0.8279618701770313,0.7951176983435048,0.8996358340509985
seizure_detection,ic_unet,lightgbm,7,28155425,accuracy,0.8217088055797733,0.8217088055797733,0.8217088055797733,0.8330324909747292,0.8047079337401918,0.90229201837324
seizure_detection,ic_unet,lightgbm,8,149869551,accuracy,0.8116826503923278,0.8116826503923278,0.8116826503923278,0.8226534296028881,0.7946817785527462,0.8928327109346317
seizure_detection,ic_unet,lightgbm,9,2044435244,accuracy,0.8210549258936356,0.8210549258936356,0.8210549258936356,0.8331071913161465,0.8029642545771578,0.9015300138567006
seizure_detection,ic_unet,lightgbm,10,1786428360,accuracy,0.8210549258936356,0.8210549258936356,0.8210549258936356,0.8310112359550562,0.8060156931124673,0.9024191458100392
seizure_detection,ic_unet,logistic_regression,1,2013945970,accuracy,0.6364428945074107,0.6364428945074107,0.6364428945074107,0.7670648464163823,0.3918918918918919,0.7206365075033692
seizure_detection,ic_unet,logistic_regression,2,61155527,accuracy,0.6394943330427202,0.6394943330427202,0.6394943330427201,0.7787456445993032,0.3897122929380994,0.7273733115234085
seizure_detection,ic_unet,logistic_regression,3,1072713694,accuracy,0.6307759372275501,0.6307759372275501,0.6307759372275501,0.7737226277372263,0.3696599825632083,0.7187874588878611
seizure_detection,ic_unet,logistic_regression,4,2111243235,accuracy,0.6294681778552746,0.6294681778552746,0.6294681778552746,0.7632978723404256,0.3753269398430688,0.7166227769800906
seizure_detection,ic_unet,logistic_regression,5,1626406676,accuracy,0.6490845684394071,0.6490845684394071,0.6490845684394071,0.8005272407732865,0.3971229293809939,0.7352817212408854
seizure_detection,ic_unet,logistic_regression,6,126691620,accuracy,0.6451612903225806,0.6451612903225806,0.6451612903225806,0.7788944723618091,0.4054054054054054,0.7283796895582199
seizure_detection,ic_unet,logistic_regression,7,28155425,accuracy,0.7401918047079338,0.7401918047079338,0.7401918047079338,0.8199767711962834,0.6155187445510026,0.8300100941845184
seizure_detection,ic_unet,logistic_regression,8,149869551,accuracy,0.7277680906713164,0.7277680906713164,0.7277680906713164,0.8078962875662935,0.597646033129904,0.8154362352340246
seizure_detection,ic_unet,logistic_regression,9,2044435244,accuracy,0.6495204882301656,0.6495204882301656,0.6495204882301657,0.7863105175292153,0.4106364428945074,0.73829420443308
seizure_detection,ic_unet,logistic_regression,10,1786428360,accuracy,0.6342632955536182,0.6342632955536182,0.6342632955536182,0.7730496453900709,0.3801220575414124,0.7301195681999744
seizure_detection,ic_unet,mlp,1,2013945970,accuracy,0.6418918918918919,0.6418918918918919,0.6418918918918919,0.8444444444444444,0.3478639930252833,0.747710946033358
seizure_detection,ic_unet,mlp,2,61155527,accuracy,0.6798169136878814,0.6798169136878814,0.6798169136878814,0.7551020408163265,0.532258064516129,0.7590616778997408
seizure_detection,ic_unet,mlp,3,1072713694,accuracy,0.6697907585004359,0.6697907585004359,0.6697907585004359,0.6819243344231667,0.6364428945074107,0.7475607304297858
seizure_detection,ic_unet,mlp,4,2111243235,accuracy,0.6645597210113339,0.6645597210113339,0.6645597210113339,0.7573278800272665,0.4843068875326939,0.7489124808358714
seizure_detection,ic_unet,mlp,5,1626406676,accuracy,0.6721883173496077,0.6721883173496077,0.6721883173496077,0.7739251040221914,0.4864864864864865,0.7537216604629491
seizure_detection,ic_unet,mlp,6,126691620,accuracy,0.6795989537925021,0.6795989537925021,0.6795989537925022,0.7283813747228381,0.5727986050566696,0.7574322994141877
seizure_detection,ic_unet,mlp,7,28155425,accuracy,0.8036181342632955,0.8036181342632955,0.8036181342632955,0.8694960212201591,0.7144725370531823,0.8817103903971468
seizure_detection,ic_unet,mlp,8,149869551,accuracy,0.7744115082824761,0.7744115082824761,0.7744115082824761,0.7346254193067462,0.8591979075850044,0.8690500939108807
seizure_detection,ic_unet,mlp,9,2044435244,accuracy,0.6830863121185702,0.6830863121185702,0.6830863121185702,0.7359550561797753,0.5710549258936356,0.7631819180318773
seizure_detection,ic_unet,mlp,10,1786428360,accuracy,0.6826503923278117,0.6826503923278117,0.6826503923278117,0.7524096385542168,0.544463818657367,0.7611389478180828
seizure_detection,ic_unet,mobilenet,1,2013945970,accuracy,0.666303400174368,0.666303400174368,0.666303400174368,0.9142236699239956,0.36704446381865735,0.787990390761997
seizure_detection,ic_unet,mobilenet,2,61155527,accuracy,0.6676111595466434,0.6676111595466434,0.6676111595466434,0.6854799807042933,0.6194420226678291,0.7323975056418738
seizure_detection,ic_unet,mobilenet,3,1072713694,accuracy,0.6621621621621622,0.6621621621621622,0.6621621621621622,0.6419847328244275,0.7332170880557978,0.7315156896919981
seizure_detection,ic_unet,mobilenet,4,2111243235,accuracy,0.546207497820401,0.546207497820401,0.546207497820401,0.5343486714193131,0.7188317349607672,0.6188318489764056
seizure_detection,ic_unet,mobilenet,5,1626406676,accuracy,0.6708805579773321,0.6708805579773321,0.6708805579773323,0.921505376344086,0.3735832606800349,0.7911628759000584
seizure_detection,ic_unet,mobilenet,6,126691620,accuracy,0.7035745422842197,0.7035745422842197,0.7035745422842197,0.7077402135231317,0.6935483870967742,0.7863079950045948
seizure_detection,ic_unet,mobilenet,7,28155425,accuracy,0.6719703574542284,0.6719703574542284,0.6719703574542284,0.7161643835616438,0.56974716652136,0.7360178822127244
seizure_detection,ic_unet,mobilenet,8,149869551,accuracy,0.7079337401918047,0.7079337401918047,0.7079337401918047,0.7773255813953488,0.5828247602441151,0.7957376583772231
seizure_detection,ic_unet,mobilenet,9,2044435244,accuracy,0.6556233653007847,0.6556233653007847,0.6556233653007847,0.6528253424657534,0.6647776809067132,0.7202792585030964
seizure_detection,ic_unet,mobilenet,10,1786428360,accuracy,0.6525719267654752,0.6525719267654752,0.6525719267654752,0.8707627118644068,0.3583260680034874,0.772394951691574
seizure_detection,ic_unet,random_forest,1,2013945970,accuracy,0.771795989537925,0.771795989537925,0.7717959895379249,0.774307083150022,0.7672188317349607,0.8596007628406311
seizure_detection,ic_unet,random_forest,2,61155527,accuracy,0.77615518744551,0.77615518744551,0.77615518744551,0.7782169521299956,0.7724498692240628,0.868116020793412
seizure_detection,ic_unet,random_forest,3,1072713694,accuracy,0.7711421098517872,0.7711421098517872,0.7711421098517872,0.7761989342806395,0.7619877942458587,0.8567116065639562
seizure_detection,ic_unet,random_forest,4,2111243235,accuracy,0.7768090671316478,0.7768090671316478,0.7768090671316478,0.7782646801051709,0.7741935483870968,0.8609470975038935
seizure_detection,ic_unet,random_forest,5,1626406676,accuracy,0.7746294681778553,0.7746294681778553,0.7746294681778553,0.7777777777777778,0.7689625108979947,0.8661728142632042
seizure_detection,ic_unet,random_forest,6,126691620,accuracy,0.769180470793374,0.769180470793374,0.769180470793374,0.770004372540446,0.7676547515257193,0.8628969549463404
seizure_detection,ic_unet,random_forest,7,28155425,accuracy,0.7776809067131648,0.7776809067131648,0.7776809067131648,0.7774390243902439,0.7781168265039233,0.8644949791313377
seizure_detection,ic_unet,random_forest,8,149869551,accuracy,0.7628596338273758,0.7628596338273758,0.7628596338273758,0.7642418930762489,0.7602441150828247,0.8538606455261404
seizure_detection,ic_unet,random_forest,9,2044435244,accuracy,0.7800784655623365,0.7800784655623365,0.7800784655623365,0.7846699158174568,0.7720139494333043,0.8647403977929613
seizure_detection,ic_unet,random_forest,10,1786428360,accuracy,0.7800784655623365,0.7800784655623365,0.7800784655623365,0.7804452204277608,0.7794245858761988,0.8655513340209743
seizure_detection,ic_unet,svm,1,2013945970,accuracy,0.6222755013077593,0.6222755013077593,0.6222755013077593,0.7363100252737995,0.3809938971229293,0.7021129568131566
seizure_detection,ic_unet,svm,2,61155527,accuracy,0.6244551002615518,0.6244551002615518,0.6244551002615519,0.7417442845046571,0.3818657367044464,0.705239740682832
seizure_detection,ic_unet,svm,3,1072713694,accuracy,0.6174803836094158,0.6174803836094158,0.6174803836094158,0.7374449339207049,0.3648648648648648,0.6977595547005226
seizure_detection,ic_unet,svm,4,2111243235,accuracy,0.6163905841325196,0.6163905841325196,0.6163905841325197,0.7313691507798961,0.3679163034001744,0.6993749662703737
seizure_detection,ic_unet,svm,5,1626406676,accuracy,0.6325196163905842,0.6325196163905842,0.6325196163905842,0.7625215889464594,0.3849171752397559,0.7171265360756881
seizure_detection,ic_unet,svm,6,126691620,accuracy,0.6257628596338274,0.6257628596338274,0.6257628596338274,0.7410192147034252,0.3866608544027899,0.7085439138832281
seizure_detection,ic_unet,svm,7,28155425,accuracy,0.7423714036617263,0.7423714036617263,0.7423714036617263,0.8095768374164811,0.6338273757628596,0.8273419382202463
seizure_detection,ic_unet,svm,8,149869551,accuracy,0.7266782911944202,0.7266782911944202,0.7266782911944203,0.7964652223489168,0.6089799476896252,0.8135921272961799
seizure_detection,ic_unet,svm,9,2044435244,accuracy,0.6331734960767219,0.6331734960767219,0.6331734960767219,0.7531068765534383,0.3962510897994769,0.7186018984363896
seizure_detection,ic_unet,svm,10,1786428360,accuracy,0.6211857018308631,0.6211857018308631,0.6211857018308631,0.7417391304347826,0.3718395815170008,0.7147817094592694
seizure_detection,ic_unet,vit,1,2013945970,accuracy,0.6163905841325196,0.6163905841325196,0.6163905841325196,0.9377049180327869,0.24934612031386225,0.7897423360588138
seizure_detection,ic_unet,vit,2,61155527,accuracy,0.5475152571926766,0.5475152571926766,0.5475152571926766,0.9698275862068966,0.0980819529206626,0.799361645443289
seizure_detection,ic_unet,vit,3,1072713694,accuracy,0.6599825632083697,0.6599825632083697,0.6599825632083697,0.9486552567237164,0.33827375762859635,0.8358653672937779
seizure_detection,ic_unet,vit,4,2111243235,accuracy,0.5320401046207498,0.5320401046207498,0.5320401046207498,0.5459088069956277,0.38099389712292936,0.5658018453811124
seizure_detection,ic_unet,vit,5,1626406676,accuracy,0.6261987794245859,0.6261987794245859,0.6261987794245859,0.9676898222940227,0.2611159546643418,0.8562494631763693
seizure_detection,ic_unet,vit,6,126691620,accuracy,0.6351351351351351,0.6351351351351351,0.6351351351351352,0.9558823529411765,0.2833478639930253,0.8495740375749937
seizure_detection,ic_unet,vit,7,28155425,accuracy,0.8469921534437663,0.8469921534437663,0.8469921534437663,0.8849129593810445,0.7977332170880558,0.9216712564295318
seizure_detection,ic_unet,vit,8,149869551,accuracy,0.8354402789886661,0.8354402789886661,0.8354402789886661,0.8584070796460177,0.8034001743679163,0.9107180590889847
seizure_detection,ic_unet,vit,9,2044435244,accuracy,0.652353966870096,0.652353966870096,0.652353966870096,0.7771609833465504,0.4272013949433304,0.7447657320678104
seizure_detection,ic_unet,vit,10,1786428360,accuracy,0.8382737576285963,0.8382737576285963,0.8382737576285963,0.8473589973142346,0.8251961639058413,0.9135664547749369
seizure_detection,ica,eegnet,1,2013945970,accuracy,0.6588927637314734,0.6588927637314734,0.6588927637314734,0.8832807570977917,0.3661726242371403,0.7647349060397124
seizure_detection,ica,eegnet,2,61155527,accuracy,0.6606364428945074,0.6606364428945074,0.6606364428945074,0.8440709617180205,0.3940714908456844,0.7428972057807449
seizure_detection,ica,eegnet,3,1072713694,accuracy,0.6708805579773321,0.6708805579773321,0.6708805579773321,0.7816091954022989,0.4742807323452485,0.7721525734469741
seizure_detection,ica,eegnet,4,2111243235,accuracy,0.6591107236268526,0.6591107236268526,0.6591107236268526,0.8606719367588933,0.3796861377506539,0.7930497397022975
seizure_detection,ica,eegnet,5,1626406676,accuracy,0.6880993897122929,0.6880993897122929,0.6880993897122929,0.7655384615384615,0.5422842197035745,0.7683820762855833
seizure_detection,ica,eegnet,6,126691620,accuracy,0.7617698343504795,0.7617698343504795,0.7617698343504795,0.9127147766323024,0.5789014821272885,0.8615608816905327
seizure_detection,ica,eegnet,7,28155425,accuracy,0.6554054054054054,0.6554054054054054,0.6554054054054055,0.8597376387487387,0.3714036617262424,0.7674393569822036
seizure_detection,ica,eegnet,8,149869551,accuracy,0.6602005231037489,0.6602005231037489,0.6602005231037489,0.7811782708492732,0.4450741063644289,0.7410081566787701
seizure_detection,ica,eegnet,9,2044435244,accuracy,0.6654315605928509,0.6654315605928509,0.6654315605928509,0.921198668146504,0.3618134263295554,0.775874613962051
seizure_detection,ica,eegnet,10,1786428360,accuracy,0.6702266782911944,0.6702266782911944,0.6702266782911944,0.8284272497897393,0.4293809938971229,0.7543536871517297
seizure_detection,ica,lightgbm,1,2013945970,accuracy,0.9158674803836094,0.9158674803836094,0.9158674803836094,0.9274193548387096,0.902353966870096,0.9711107175460189
seizure_detection,ica,lightgbm,2,61155527,accuracy,0.914559721011334,0.914559721011334,0.914559721011334,0.9226666666666666,0.9049694856146469,0.9697913665838408
seizure_detection,ica,lightgbm,3,1072713694,accuracy,0.9038796861377506,0.9038796861377506,0.9038796861377508,0.9240274599542334,0.8801220575414124,0.9645282146899268
seizure_detection,ica,lightgbm,4,2111243235,accuracy,0.9132519616390584,0.9132519616390584,0.9132519616390584,0.9266426642664266,0.8975588491717524,0.9710738524896076
seizure_detection,ica,lightgbm,5,1626406676,accuracy,0.9160854402789886,0.9160854402789886,0.9160854402789886,0.9229065130704476,0.9080209241499564,0.970357074176294
seizure_detection,ica,lightgbm,6,126691620,accuracy,0.9152136006974716,0.9152136006974716,0.9152136006974716,0.9257934734018776,0.9027898866608544,0.9706483841323676
seizure_detection,ica,lightgbm,7,28155425,accuracy,0.9178291194420228,0.9178291194420228,0.9178291194420228,0.93195132942767,0.9014821272885788,0.972699525466913
seizure_detection,ica,lightgbm,8,149869551,accuracy,0.911072362685266,0.911072362685266,0.911072362685266,0.9263110307414104,0.8931996512641673,0.9692553030573672
seizure_detection,ica,lightgbm,9,2044435244,accuracy,0.9080209241499564,0.9080209241499564,0.9080209241499564,0.9171122994652406,0.8971229293809939,0.9715116725410056
seizure_detection,ica,lightgbm,10,1786428360,accuracy,0.918047079337402,0.918047079337402,0.9180470793374018,0.933152664859982,0.9006102877070619,0.9724380496028836
seizure_detection,ica,logistic_regression,1,2013945970,accuracy,0.7833478639930253,0.7833478639930253,0.7833478639930254,0.8498385360602799,0.6883173496076722,0.8499599805109269
seizure_detection,ica,logistic_regression,2,61155527,accuracy,0.7846556233653008,0.7846556233653008,0.7846556233653008,0.8458686440677966,0.6961639058413251,0.8532801159006969
seizure_detection,ica,logistic_regression,3,1072713694,accuracy,0.7722319093286836,0.7722319093286836,0.7722319093286836,0.8373851971907077,0.6756756756756757,0.8445688460629259
seizure_detection,ica,logistic_regression,4,2111243235,accuracy,0.7861813426329556,0.7861813426329556,0.7861813426329556,0.8523886205045625,0.6922406277244987,0.8565655715337915
seizure_detection,ica,logistic_regression,5,1626406676,accuracy,0.783129904097646,0.783129904097646,0.783129904097646,0.8486312399355878,0.6891891891891891,0.8520294593606459
seizure_detection,ica,logistic_regression,6,126691620,accuracy,0.777027027027027,0.777027027027027,0.777027027027027,0.8407506702412869,0.6835222319093287,0.8542353769242989
seizure_detection,ica,logistic_regression,7,28155425,accuracy,0.7898866608544028,0.7898866608544028,0.7898866608544028,0.8586839266450917,0.6939843068875327,0.8566065221505781
seizure_detection,ica,logistic_regression,8,149869551,accuracy,0.7785527462946817,0.7785527462946817,0.7785527462946817,0.8542128603104213,0.6717523975588492,0.8477506424781224
seizure_detection,ica,logistic_regression,9,2044435244,accuracy,0.7781168265039233,0.7781168265039233,0.7781168265039233,0.8400852878464818,0.6870095902353966,0.8475304022699753
seizure_detection,ica,logistic_regression,10,1786428360,accuracy,0.7842197035745423,0.7842197035745423,0.7842197035745422,0.8392299687825182,0.7031386224934612,0.8556555367134155
seizure_detection,ica,mlp,1,2013945970,accuracy,0.8480819529206626,0.8480819529206626,0.8480819529206626,0.9473389355742295,0.7371403661726242,0.9406738628270254
seizure_detection,ica,mlp,2,61155527,accuracy,0.8868788142981692,0.8868788142981692,0.8868788142981692,0.8755818874312314,0.9019180470793374,0.943018119365252
seizure_detection,ica,mlp,3,1072713694,accuracy,0.8469921534437663,0.8469921534437663,0.8469921534437663,0.9265809217577706,0.7537053182214473,0.9303490816800432
seizure_detection,ica,mlp,4,2111243235,accuracy,0.8753269398430689,0.8753269398430689,0.8753269398430689,0.9433573635427396,0.7986050566695728,0.9433167453247888
seizure_detection,ica,mlp,5,1626406676,accuracy,0.8805579773321709,0.8805579773321709,0.8805579773321709,0.9071828358208956,0.8478639930252834,0.9309514643028438
seizure_detection,ica,mlp,6,126691620,accuracy,0.8703138622493461,0.8703138622493461,0.870313862249346,0.933197348291688,0.7977332170880558,0.9349571187184036
seizure_detection,ica,mlp,7,28155425,accuracy,0.8825196163905842,0.8825196163905842,0.8825196163905842,0.8751603249251817,0.8923278116826504,0.9369314895231028
seizure_detection,ica,mlp,8,149869551,accuracy,0.8836094158674804,0.8836094158674804,0.8836094158674803,0.9271844660194176,0.8326068003487358,0.9410743427568524
seizure_detection,ica,mlp,9,2044435244,accuracy,0.8833914559721011,0.8833914559721011,0.8833914559721012,0.904367816091954,0.8574542284219704,0.9338671292154432
seizure_detection,ica,mlp,10,1786428360,accuracy,0.8319529206625981,0.8319529206625981,0.8319529206625981,0.951393005334914,0.6996512641673932,0.938598303143259
seizure_detection,ica,mobilenet,1,2013945970,accuracy,0.7332170880557978,0.7332170880557978,0.7332170880557978,0.8390367553865653,0.5771578029642546,0.8108219273355534
seizure_detection,ica,mobilenet,2,61155527,accuracy,0.7138186573670444,0.7138186573670444,0.7138186573670444,0.8787644787644787,0.4960767218831735,0.8201711146700882
seizure_detection,ica,mobilenet,3,1072713694,accuracy,0.7242807323452485,0.7242807323452485,0.7242807323452485,0.8709444844989185,0.5265911072362686,0.8108313336257201
seizure_detection,ica,mobilenet,4,2111243235,accuracy,0.751743679163034,0.751743679163034,0.7517436791630341,0.7473233404710921,0.7606800348735833,0.8443736892952238
seizure_detection,ica,mobilenet,5,1626406676,accuracy,0.7580645161290323,0.7580645161290323,0.7580645161290323,0.8765903307888041,0.6006974716652136,0.8437187644657342
seizure_detection,ica,mobilenet,6,126691620,accuracy,0.7096774193548387,0.7096774193548387,0.7096774193548387,0.8632930513595166,0.49825632083696597,0.8164997161010605
seizure_detection,ica,mobilenet,7,28155425,accuracy,0.7144725370531823,0.7144725370531823,0.7144725370531823,0.781786941580756,0.5950305143853531,0.7851987178561411
seizure_detection,ica,mobilenet,8,149869551,accuracy,0.7367044463818657,0.7367044463818657,0.7367044463818657,0.8698910081743869,0.5566695727986051,0.8063461484377198
seizure_detection,ica,mobilenet,9,2044435244,accuracy,0.7602441150828247,0.7602441150828247,0.7602441150828247,0.8175531914893617,0.6700087183958152,0.8368639542599664
seizure_detection,ica,mobilenet,10,1786428360,accuracy,0.7798605056669573,0.7798605056669573,0.7798605056669573,0.8444206008583691,0.6861377506538797,0.8658100545070763
seizure_detection,ica,random_forest,1,2013945970,accuracy,0.8857890148212729,0.8857890148212729,0.8857890148212729,0.9131652661064426,0.8526591107236269,0.9537085106593222
seizure_detection,ica,random_forest,2,61155527,accuracy,0.8931996512641673,0.8931996512641673,0.8931996512641673,0.9118721461187216,0.8705318221447254,0.9570276959187722
seizure_detection,ica,random_forest,3,1072713694,accuracy,0.8766346992153444,0.8766346992153444,0.8766346992153444,0.9090909090909092,0.8369659982563208,0.9478971335708408
seizure_detection,ica,random_forest,4,2111243235,accuracy,0.8962510897994769,0.8962510897994769,0.8962510897994769,0.9154478976234004,0.8731473408892764,0.9580709390099944
seizure_detection,ica,random_forest,5,1626406676,accuracy,0.8921098517872711,0.8921098517872711,0.8921098517872712,0.917401392111369,0.8618134263295554,0.9566457435301824
seizure_detection,ica,random_forest,6,126691620,accuracy,0.8916739319965127,0.8916739319965127,0.8916739319965126,0.9165507649513212,0.8618134263295554,0.9567042715578868
seizure_detection,ica,random_forest,7,28155425,accuracy,0.8934176111595467,0.8934176111595467,0.8934176111595467,0.92192613370734,0.8596338273757629,0.9556378452868596
seizure_detection,ica,random_forest,8,149869551,accuracy,0.8890584132519617,0.8890584132519617,0.8890584132519617,0.9215871516296646,0.8504795117698344,0.9499895105612686
seizure_detection,ica,random_forest,9,2044435244,accuracy,0.8940714908456844,0.8940714908456844,0.8940714908456844,0.9212488350419384,0.8618134263295554,0.9559802722541424
seizure_detection,ica,random_forest,10,1786428360,accuracy,0.8945074106364429,0.8945074106364429,0.8945074106364429,0.9136197440585008,0.8714036617262424,0.9593764180695024
seizure_detection,ica,svm,1,2013945970,accuracy,0.7802964254577158,0.7802964254577158,0.7802964254577158,0.831101956745623,0.7035745422842197,0.8423078209407203
seizure_detection,ica,svm,2,61155527,accuracy,0.7792066259808196,0.7792066259808196,0.7792066259808195,0.8266190719020907,0.7066259808195292,0.8413546502038219
seizure_detection,ica,svm,3,1072713694,accuracy,0.7698343504795118,0.7698343504795118,0.7698343504795118,0.821058091286307,0.6900610287707062,0.8351130541065013
seizure_detection,ica,svm,4,2111243235,accuracy,0.783129904097646,0.783129904097646,0.783129904097646,0.8363542206110823,0.7040104620749782,0.8436505451087671
seizure_detection,ica,svm,5,1626406676,accuracy,0.7765911072362686,0.7765911072362686,0.7765911072362686,0.8306409588327254,0.6948561464690497,0.8405191056005241
seizure_detection,ica,svm,6,126691620,accuracy,0.773539668700959,0.773539668700959,0.773539668700959,0.8209718670076727,0.6996512641673932,0.8452899949757109
seizure_detection,ica,svm,7,28155425,accuracy,0.786617262423714,0.786617262423714,0.786617262423714,0.8429838288993219,0.7044463818657367,0.8455823500751363
seizure_detection,ica,svm,8,149869551,accuracy,0.7741935483870968,0.7741935483870968,0.7741935483870968,0.8335100742311771,0.6852659110723627,0.836842956379897
seizure_detection,ica,svm,9,2044435244,accuracy,0.77615518744551,0.77615518744551,0.77615518744551,0.8247052793439262,0.7013949433304272,0.8382155146399881
seizure_detection,ica,svm,10,1786428360,accuracy,0.7820401046207498,0.7820401046207498,0.7820401046207498,0.8244734202607823,0.7166521360069747,0.8443974425532206
seizure_detection,ica,vit,1,2013945970,accuracy,0.8485178727114211,0.8485178727114211,0.8485178727114211,0.8505041648399825,0.8456843940714909,0.9169909144738292
seizure_detection,ica,vit,2,61155527,accuracy,0.8583260680034873,0.8583260680034873,0.8583260680034874,0.8540051679586563,0.8644289450741064,0.9333029418315016
seizure_detection,ica,vit,3,1072713694,accuracy,0.8463382737576286,0.8463382737576286,0.8463382737576286,0.8832609744331886,0.7981691368788143,0.9223101240566156
seizure_detection,ica,vit,4,2111243235,accuracy,0.8602877070619006,0.8602877070619006,0.8602877070619006,0.859504132231405,0.8613775065387969,0.9316111397839327
seizure_detection,ica,vit,5,1626406676,accuracy,0.8400174367916303,0.8400174367916303,0.8400174367916303,0.8436123348017621,0.8347863993025283,0.9234238668175727
seizure_detection,ica,vit,6,126691620,accuracy,0.8596338273757629,0.8596338273757629,0.8596338273757629,0.8815911193339501,0.8308631211857018,0.9290792325075308
seizure_detection,ica,vit,7,28155425,accuracy,0.8589799476896252,0.8589799476896252,0.8589799476896252,0.8523748395378691,0.8683522231909329,0.9303688443906966
seizure_detection,ica,vit,8,149869551,accuracy,0.8596338273757629,0.8596338273757629,0.8596338273757629,0.880184331797235,0.8326068003487358,0.9271079021198548
seizure_detection,ica,vit,9,2044435244,accuracy,0.8605056669572798,0.8605056669572798,0.8605056669572799,0.8868101028999065,0.8265039232781168,0.9316537056222632
seizure_detection,ica,vit,10,1786428360,accuracy,0.8559285091543156,0.8559285091543156,0.8559285091543156,0.8817204301075269,0.8221447253705318,0.9295839417334482
seizure_detection,raw,eegnet,1,2013945970,accuracy,0.7170880557977333,0.7170880557977333,0.7170880557977333,0.9227504244482172,0.4738448125544899,0.8291665684865336
seizure_detection,raw,eegnet,2,61155527,accuracy,0.8371839581517001,0.8371839581517001,0.8371839581517001,0.9285318559556788,0.7306015693112468,0.9135928683978294
seizure_detection,raw,eegnet,3,1072713694,accuracy,0.8262859633827376,0.8262859633827376,0.8262859633827375,0.913764510779436,0.7205754141238012,0.9089775153560062
seizure_detection,raw,eegnet,4,2111243235,accuracy,0.7894507410636443,0.7894507410636443,0.7894507410636443,0.9345549738219896,0.6224934612031386,0.9002583594365803
seizure_detection,raw,eegnet,5,1626406676,accuracy,0.8012205754141238,0.8012205754141238,0.8012205754141237,0.9373417721518988,0.6455972101133391,0.9107177740498884
seizure_detection,raw,eegnet,6,126691620,accuracy,0.8319529206625981,0.8319529206625981,0.8319529206625981,0.9251814628699052,0.7223190932868352,0.922033256081404
seizure_detection,raw,eegnet,7,28155425,accuracy,0.8175675675675675,0.8175675675675675,0.8175675675675675,0.8935710426796326,0.7210113339145597,0.9040470040870804
seizure_detection,raw,eegnet,8,149869551,accuracy,0.7419354838709677,0.7419354838709677,0.7419354838709677,0.8062913907284768,0.6368788142981692,0.8277940102264426
seizure_detection,raw,eegnet,9,2044435244,accuracy,0.8062336530078466,0.8062336530078466,0.8062336530078466,0.9570592062459335,0.6412380122057542,0.9184273214914156
seizure_detection,raw,eegnet,10,1786428360,accuracy,0.7114210985178727,0.7114210985178727,0.7114210985178727,0.884310618066561,0.4864864864864865,0.8331428638752092
seizure_detection,raw,lightgbm,1,2013945970,accuracy,0.926765475152572,0.926765475152572,0.926765475152572,0.9386200716845878,0.9132519616390584,0.97571067847666
seizure_detection,raw,lightgbm,2,61155527,accuracy,0.9152136006974716,0.9152136006974716,0.9152136006974716,0.930411206507004,0.8975588491717524,0.974405199417152
seizure_detection,raw,lightgbm,3,1072713694,accuracy,0.914559721011334,0.914559721011334,0.914559721011334,0.9268402154398564,0.9001743679163035,0.9724606627044964
seizure_detection,raw,lightgbm,4,2111243235,accuracy,0.9261115954664342,0.9261115954664342,0.9261115954664342,0.9338659565024412,0.9171752397558848,0.9779909912443592
seizure_detection,raw,lightgbm,5,1626406676,accuracy,0.9282911944202268,0.9282911944202268,0.9282911944202268,0.9435665914221218,0.911072362685266,0.977194972062368
seizure_detection,raw,lightgbm,6,126691620,accuracy,0.9210985178727116,0.9210985178727116,0.9210985178727116,0.9355275022542832,0.9045335658238884,0.974239496689366
seizure_detection,raw,lightgbm,7,28155425,accuracy,0.9173931996512642,0.9173931996512642,0.9173931996512642,0.928795342588446,0.90409764603313,0.9750911935081016
seizure_detection,raw,lightgbm,8,149869551,accuracy,0.923278116826504,0.923278116826504,0.923278116826504,0.9397644927536232,0.9045335658238884,0.975905645218298
seizure_detection,raw,lightgbm,9,2044435244,accuracy,0.9167393199651264,0.9167393199651264,0.9167393199651264,0.92831541218638,0.9032258064516128,0.9753519092678752
seizure_detection,raw,lightgbm,10,1786428360,accuracy,0.9176111595466434,0.9176111595466434,0.9176111595466434,0.926916221033868,0.9067131647776808,0.9748931863494396
seizure_detection,raw,logistic_regression,1,2013945970,accuracy,0.8151700087183958,0.8151700087183958,0.8151700087183958,0.8633165829145729,0.7489102005231038,0.8833125001425194
seizure_detection,raw,logistic_regression,2,61155527,accuracy,0.8173496076721883,0.8173496076721883,0.8173496076721882,0.8647294589178357,0.7523975588491717,0.8840936972915207
seizure_detection,raw,logistic_regression,3,1072713694,accuracy,0.8040540540540541,0.8040540540540541,0.804054054054054,0.8538812785388128,0.7336530078465562,0.8665722490496798
seizure_detection,raw,logistic_regression,4,2111243235,accuracy,0.8136442894507411,0.8136442894507411,0.813644289450741,0.8570719602977668,0.7528334786399302,0.8818465440719849
seizure_detection,raw,logistic_regression,5,1626406676,accuracy,0.805797733217088,0.805797733217088,0.805797733217088,0.8519819367787256,0.7401918047079338,0.8714178186680085
seizure_detection,raw,logistic_regression,6,126691620,accuracy,0.8164777680906713,0.8164777680906713,0.8164777680906714,0.8637274549098196,0.7515257192676548,0.8848248225726639
seizure_detection,raw,logistic_regression,7,28155425,accuracy,0.8162598081952921,0.8162598081952921,0.8162598081952921,0.8643897538925164,0.7502179598953792,0.8820790409612582
seizure_detection,raw,logistic_regression,8,149869551,accuracy,0.8092850915431561,0.8092850915431561,0.809285091543156,0.8697238144867119,0.7275501307759372,0.8807829681919171
seizure_detection,raw,logistic_regression,9,2044435244,accuracy,0.8142981691368788,0.8142981691368788,0.8142981691368788,0.852394916911046,0.7602441150828247,0.87783537890057
seizure_detection,raw,logistic_regression,10,1786428360,accuracy,0.8210549258936356,0.8210549258936356,0.8210549258936356,0.8688032048072108,0.7563208369659983,0.880292035855638
seizure_detection,raw,mlp,1,2013945970,accuracy,0.907585004359198,0.907585004359198,0.907585004359198,0.918531781557744,0.8945074106364429,0.9514618325049462
seizure_detection,raw,mlp,2,61155527,accuracy,0.8921098517872711,0.8921098517872711,0.8921098517872712,0.8848951647411211,0.9014821272885788,0.9430219198865316
seizure_detection,raw,mlp,3,1072713694,accuracy,0.8975588491717524,0.8975588491717524,0.8975588491717523,0.9145454545454546,0.8770706190061028,0.9439927630473794
seizure_detection,raw,mlp,4,2111243235,accuracy,0.8888404533565823,0.8888404533565823,0.8888404533565823,0.921152030217186,0.8504795117698344,0.9463002495422272
seizure_detection,raw,mlp,5,1626406676,accuracy,0.8936355710549259,0.8936355710549259,0.893635571054926,0.924342105263158,0.8574542284219704,0.9459558273012728
seizure_detection,raw,mlp,6,126691620,accuracy,0.8990845684394071,0.8990845684394071,0.8990845684394071,0.8985633434915107,0.8997384481255449,0.9454327805601818
seizure_detection,raw,mlp,7,28155425,accuracy,0.8855710549258936,0.8855710549258936,0.8855710549258936,0.9376546264225633,0.8260680034873583,0.9464125549460364
seizure_detection,raw,mlp,8,149869551,accuracy,0.9019180470793374,0.9019180470793374,0.9019180470793372,0.9398854961832062,0.8587619877942458,0.9493811421174528
seizure_detection,raw,mlp,9,2044435244,accuracy,0.8973408892763731,0.8973408892763731,0.8973408892763732,0.9317858834675508,0.8574542284219704,0.9521721499320848
seizure_detection,raw,mlp,10,1786428360,accuracy,0.9030078465562336,0.9030078465562336,0.9030078465562336,0.929400836042731,0.8722755013077593,0.9509447715848708
seizure_detection,raw,mobilenet,1,2013945970,accuracy,0.8389276373147341,0.8389276373147341,0.8389276373147341,0.8435704816615113,0.8321708805579773,0.9131053565307016
seizure_detection,raw,mobilenet,2,61155527,accuracy,0.8230165649520488,0.8230165649520488,0.8230165649520489,0.8593598448108632,0.7724498692240628,0.9034336949656014
seizure_detection,raw,mobilenet,3,1072713694,accuracy,0.8134263295553618,0.8134263295553618,0.8134263295553619,0.8679631525076765,0.7393199651264167,0.8881636755297355
seizure_detection,raw,mobilenet,4,2111243235,accuracy,0.756974716652136,0.756974716652136,0.756974716652136,0.8401615695326025,0.6346992153443767,0.8458461062519336
seizure_detection,raw,mobilenet,5,1626406676,accuracy,0.8081952920662598,0.8081952920662598,0.8081952920662598,0.849308300395257,0.7493461203138623,0.9009769429975016
seizure_detection,raw,mobilenet,6,126691620,accuracy,0.7842197035745423,0.7842197035745423,0.7842197035745423,0.8282980866062437,0.7170880557977333,0.8691878628072626
seizure_detection,raw,mobilenet,7,28155425,accuracy,0.8081952920662598,0.8081952920662598,0.8081952920662598,0.7839357429718875,0.8509154315605929,0.90477888947248
seizure_detection,raw,mobilenet,8,149869551,accuracy,0.8448125544899738,0.8448125544899738,0.8448125544899738,0.8506205673758865,0.8365300784655624,0.9169804630403107
seizure_detection,raw,mobilenet,9,2044435244,accuracy,0.8134263295553618,0.8134263295553618,0.8134263295553619,0.8916122004357299,0.7136006974716652,0.8860059295733003
seizure_detection,raw,mobilenet,10,1786428360,accuracy,0.7829119442022667,0.7829119442022667,0.7829119442022667,0.7275596072931276,0.9045335658238884,0.8940310152940576
seizure_detection,raw,random_forest,1,2013945970,accuracy,0.8873147340889277,0.8873147340889277,0.8873147340889276,0.9119146963375058,0.8574542284219704,0.9555692458777644
seizure_detection,raw,random_forest,2,61155527,accuracy,0.8820836965998257,0.8820836965998257,0.8820836965998256,0.9128591615638249,0.8448125544899738,0.9544019157667668
seizure_detection,raw,random_forest,3,1072713694,accuracy,0.8794681778552746,0.8794681778552746,0.8794681778552746,0.9069658719027583,0.8456843940714909,0.9503954062339192
seizure_detection,raw,random_forest,4,2111243235,accuracy,0.8934176111595467,0.8934176111595467,0.8934176111595467,0.9184051923968476,0.8635571054925893,0.9592821651417708
seizure_detection,raw,random_forest,5,1626406676,accuracy,0.8899302528334786,0.8899302528334786,0.8899302528334787,0.922133081642284,0.8517872711421098,0.956588925737054
seizure_detection,raw,random_forest,6,126691620,accuracy,0.8842632955536182,0.8842632955536182,0.8842632955536182,0.909809390980939,0.8530950305143854,0.9536760162023824
seizure_detection,raw,random_forest,7,28155425,accuracy,0.8877506538796861,0.8877506538796861,0.8877506538796862,0.9127610208816704,0.8574542284219704,0.9556148521331186
seizure_detection,raw,random_forest,8,149869551,accuracy,0.8831734960767219,0.8831734960767219,0.8831734960767219,0.9122889305816136,0.8478639930252834,0.95007084171665
seizure_detection,raw,random_forest,9,2044435244,accuracy,0.8827375762859634,0.8827375762859634,0.8827375762859634,0.9095149253731344,0.8500435919790759,0.9552290042102174
seizure_detection,raw,random_forest,10,1786428360,accuracy,0.8886224934612031,0.8886224934612031,0.8886224934612031,0.9113982464236272,0.8609415867480383,0.9557976572066624
seizure_detection,raw,svm,1,2013945970,accuracy,0.812772449869224,0.812772449869224,0.812772449869224,0.8494885533365806,0.7602441150828247,0.8734363705325823
seizure_detection,raw,svm,2,61155527,accuracy,0.8112467306015693,0.8112467306015693,0.8112467306015694,0.847953216374269,0.7585004359197908,0.8703348601294153
seizure_detection,raw,svm,3,1072713694,accuracy,0.7940278988666085,0.7940278988666085,0.7940278988666085,0.8304752572268496,0.7388840453356582,0.8548081154811195
seizure_detection,raw,svm,4,2111243235,accuracy,0.8068875326939843,0.8068875326939843,0.8068875326939844,0.8414161008729389,0.7563208369659983,0.8715012401100934
seizure_detection,raw,svm,5,1626406676,accuracy,0.7964254577157803,0.7964254577157803,0.7964254577157803,0.8294573643410853,0.7462946817785527,0.8592144398525702
seizure_detection,raw,svm,6,126691620,accuracy,0.8119006102877071,0.8119006102877071,0.8119006102877071,0.8468250121182743,0.7615518744551003,0.8745004214778098
seizure_detection,raw,svm,7,28155425,accuracy,0.8138622493461203,0.8138622493461203,0.8138622493461203,0.8498542274052479,0.7624237140366172,0.873559697448102
seizure_detection,raw,svm,8,149869551,accuracy,0.803182214472537,0.803182214472537,0.803182214472537,0.8521518987341772,0.7336530078465562,0.86606791987589
seizure_detection,raw,svm,9,2044435244,accuracy,0.8040540540540541,0.8040540540540541,0.8040540540540541,0.8342117872544322,0.7589363557105493,0.8660985140721902
seizure_detection,raw,svm,10,1786428360,accuracy,0.8086312118570184,0.8086312118570184,0.8086312118570183,0.8463796477495108,0.7541412380122058,0.8672949181709764
seizure_detection,raw,vit,1,2013945970,accuracy,0.8814298169136879,0.8814298169136879,0.8814298169136878,0.9174618320610687,0.8382737576285963,0.9422630508000476
seizure_detection,raw,vit,2,61155527,accuracy,0.8881865736704446,0.8881865736704446,0.8881865736704446,0.8998652896273013,0.8735832606800349,0.9495762038721232
seizure_detection,raw,vit,3,1072713694,accuracy,0.8796861377506539,0.8796861377506539,0.8796861377506539,0.8923423423423423,0.8635571054925893,0.9442594646281683
seizure_detection,raw,vit,4,2111243235,accuracy,0.8777244986922407,0.8777244986922407,0.8777244986922406,0.8815499779832673,0.8727114210985178,0.9458141628705793
seizure_detection,raw,vit,5,1626406676,accuracy,0.8905841325196164,0.8905841325196164,0.8905841325196164,0.8971631205673759,0.8823016564952049,0.9537832859154963
seizure_detection,raw,vit,6,126691620,accuracy,0.8709677419354839,0.8709677419354839,0.8709677419354839,0.8768821966341895,0.8631211857018308,0.9405549065109771
seizure_detection,raw,vit,7,28155425,accuracy,0.8836094158674804,0.8836094158674804,0.8836094158674803,0.8738317757009346,0.8966870095902354,0.9487932964885464
seizure_detection,raw,vit,8,149869551,accuracy,0.8783783783783784,0.8783783783783784,0.8783783783783783,0.8671742808798646,0.8936355710549259,0.9458942588565448
seizure_detection,raw,vit,9,2044435244,accuracy,0.8831734960767219,0.8831734960767219,0.8831734960767219,0.8966606498194946,0.8661726242371404,0.9485259298165336
seizure_detection,raw,vit,10,1786428360,accuracy,0.8842632955536182,0.8842632955536182,0.8842632955536182,0.9086694483078349,0.8544027898866609,0.9446404668864382
